9.390137, 10/19/2017 5:44:13 PM
9.390137, 10/19/2017 5:44:13 PM
9.390137, 10/19/2017 5:44:13 PM
9.390137, 10/19/2017 5:44:13 PM
9.390137, 10/19/2017 5:44:13 PM
9.390137, 10/19/2017 5:44:13 PM
9.390137, 10/19/2017 5:44:13 PM
9.390137, 10/19/2017 5:44:13 PM
9.664524, 10/19/2017 5:44:13 PM
9.664524, 10/19/2017 5:44:13 PM
9.664524, 10/19/2017 5:44:13 PM
9.664524, 10/19/2017 5:44:13 PM
9.664524, 10/19/2017 5:44:13 PM
9.664524, 10/19/2017 5:44:13 PM
9.664524, 10/19/2017 5:44:13 PM
9.664524, 10/19/2017 5:44:13 PM
9.664524, 10/19/2017 5:44:13 PM
9.664524, 10/19/2017 5:44:13 PM
9.664524, 10/19/2017 5:44:13 PM
9.664524, 10/19/2017 5:44:13 PM
9.664524, 10/19/2017 5:44:13 PM
9.664524, 10/19/2017 5:44:13 PM
9.664524, 10/19/2017 5:44:13 PM
8.842165, 10/19/2017 5:44:13 PM
8.842165, 10/19/2017 5:44:13 PM
8.842165, 10/19/2017 5:44:13 PM
8.842165, 10/19/2017 5:44:13 PM
8.417133, 10/19/2017 5:44:13 PM
8.417133, 10/19/2017 5:44:13 PM
8.417133, 10/19/2017 5:44:13 PM
8.417133, 10/19/2017 5:44:13 PM
8.636781, 10/19/2017 5:44:13 PM
8.636781, 10/19/2017 5:44:13 PM
8.636781, 10/19/2017 5:44:13 PM
8.636781, 10/19/2017 5:44:13 PM
8.636781, 10/19/2017 5:44:13 PM
8.636781, 10/19/2017 5:44:13 PM
8.636781, 10/19/2017 5:44:13 PM
8.636781, 10/19/2017 5:44:13 PM
8.051783, 10/19/2017 5:44:13 PM
8.051783, 10/19/2017 5:44:13 PM
8.051783, 10/19/2017 5:44:13 PM
8.051783, 10/19/2017 5:44:13 PM
8.051783, 10/19/2017 5:44:13 PM
8.051783, 10/19/2017 5:44:13 PM
8.051783, 10/19/2017 5:44:13 PM
7.355555, 10/19/2017 5:44:13 PM
7.355555, 10/19/2017 5:44:13 PM
7.355555, 10/19/2017 5:44:13 PM
7.355555, 10/19/2017 5:44:13 PM
7.355555, 10/19/2017 5:44:13 PM
7.355555, 10/19/2017 5:44:13 PM
7.355555, 10/19/2017 5:44:13 PM
7.275839, 10/19/2017 5:44:13 PM
7.275839, 10/19/2017 5:44:13 PM
7.275839, 10/19/2017 5:44:13 PM
7.275839, 10/19/2017 5:44:13 PM
7.275839, 10/19/2017 5:44:13 PM
7.275839, 10/19/2017 5:44:13 PM
7.275839, 10/19/2017 5:44:13 PM
7.275839, 10/19/2017 5:44:13 PM
7.275839, 10/19/2017 5:44:13 PM
7.275839, 10/19/2017 5:44:13 PM
7.275839, 10/19/2017 5:44:13 PM
7.275839, 10/19/2017 5:44:13 PM
7.275839, 10/19/2017 5:44:13 PM
7.275839, 10/19/2017 5:44:13 PM
7.647456, 10/19/2017 5:44:13 PM
7.647456, 10/19/2017 5:44:13 PM
7.647456, 10/19/2017 5:44:13 PM
7.647456, 10/19/2017 5:44:13 PM
8.006195, 10/19/2017 5:44:13 PM
8.006195, 10/19/2017 5:44:13 PM
8.006195, 10/19/2017 5:44:13 PM
8.006195, 10/19/2017 5:44:13 PM
8.006195, 10/19/2017 5:44:13 PM
8.352403, 10/19/2017 5:44:13 PM
8.352403, 10/19/2017 5:44:13 PM
8.352403, 10/19/2017 5:44:13 PM
8.352403, 10/19/2017 5:44:13 PM
8.352403, 10/19/2017 5:44:13 PM
8.352403, 10/19/2017 5:44:13 PM
8.352403, 10/19/2017 5:44:13 PM
8.352403, 10/19/2017 5:44:13 PM
6.584781, 10/19/2017 5:44:13 PM
6.584781, 10/19/2017 5:44:13 PM
6.584781, 10/19/2017 5:44:13 PM
6.584781, 10/19/2017 5:44:13 PM
6.584781, 10/19/2017 5:44:13 PM
6.584781, 10/19/2017 5:44:13 PM
6.584781, 10/19/2017 5:44:13 PM
6.584781, 10/19/2017 5:44:13 PM
6.584781, 10/19/2017 5:44:13 PM
6.584781, 10/19/2017 5:44:13 PM
6.584781, 10/19/2017 5:44:13 PM
6.584781, 10/19/2017 5:44:13 PM
6.694768, 10/19/2017 5:44:13 PM
6.694768, 10/19/2017 5:44:13 PM
6.694768, 10/19/2017 5:44:13 PM
6.694768, 10/19/2017 5:44:13 PM
6.694768, 10/19/2017 5:44:13 PM
6.694768, 10/19/2017 5:44:13 PM
6.694768, 10/19/2017 5:44:13 PM
6.694768, 10/19/2017 5:44:13 PM
6.048963, 10/19/2017 5:44:13 PM
6.048963, 10/19/2017 5:44:13 PM
6.048963, 10/19/2017 5:44:13 PM
6.048963, 10/19/2017 5:44:13 PM
6.048963, 10/19/2017 5:44:13 PM
6.048963, 10/19/2017 5:44:14 PM
6.048963, 10/19/2017 5:44:14 PM
6.048963, 10/19/2017 5:44:14 PM
6.787423, 10/19/2017 5:44:14 PM
6.787423, 10/19/2017 5:44:14 PM
6.787423, 10/19/2017 5:44:14 PM
6.071074, 10/19/2017 5:44:14 PM
6.071074, 10/19/2017 5:44:14 PM
6.071074, 10/19/2017 5:44:14 PM
6.071074, 10/19/2017 5:44:14 PM
6.071074, 10/19/2017 5:44:14 PM
6.071074, 10/19/2017 5:44:14 PM
6.071074, 10/19/2017 5:44:14 PM
6.440181, 10/19/2017 5:44:14 PM
6.440181, 10/19/2017 5:44:14 PM
6.440181, 10/19/2017 5:44:14 PM
6.440181, 10/19/2017 5:44:14 PM
6.440181, 10/19/2017 5:44:14 PM
6.440181, 10/19/2017 5:44:14 PM
7.361339, 10/19/2017 5:44:14 PM
7.361339, 10/19/2017 5:44:14 PM
7.361339, 10/19/2017 5:44:14 PM
7.361339, 10/19/2017 5:44:14 PM
7.361339, 10/19/2017 5:44:14 PM
7.361339, 10/19/2017 5:44:14 PM
7.361339, 10/19/2017 5:44:14 PM
7.361339, 10/19/2017 5:44:14 PM
8.350039, 10/19/2017 5:44:14 PM
8.350039, 10/19/2017 5:44:14 PM
8.350039, 10/19/2017 5:44:14 PM
8.350039, 10/19/2017 5:44:14 PM
8.350039, 10/19/2017 5:44:14 PM
8.350039, 10/19/2017 5:44:14 PM
8.350039, 10/19/2017 5:44:14 PM
8.350039, 10/19/2017 5:44:14 PM
7.395396, 10/19/2017 5:44:14 PM
7.395396, 10/19/2017 5:44:14 PM
7.395396, 10/19/2017 5:44:14 PM
7.395396, 10/19/2017 5:44:14 PM
7.395396, 10/19/2017 5:44:14 PM
7.395396, 10/19/2017 5:44:14 PM
7.395396, 10/19/2017 5:44:14 PM
7.437438, 10/19/2017 5:44:14 PM
7.437438, 10/19/2017 5:44:14 PM
7.437438, 10/19/2017 5:44:14 PM
7.437438, 10/19/2017 5:44:14 PM
7.437438, 10/19/2017 5:44:14 PM
7.437438, 10/19/2017 5:44:14 PM
7.437438, 10/19/2017 5:44:14 PM
8.406312, 10/19/2017 5:44:14 PM
8.406312, 10/19/2017 5:44:14 PM
8.406312, 10/19/2017 5:44:14 PM
8.406312, 10/19/2017 5:44:14 PM
8.406312, 10/19/2017 5:44:14 PM
8.406312, 10/19/2017 5:44:14 PM
8.406312, 10/19/2017 5:44:14 PM
8.787294, 10/19/2017 5:44:14 PM
8.787294, 10/19/2017 5:44:14 PM
8.787294, 10/19/2017 5:44:14 PM
8.787294, 10/19/2017 5:44:14 PM
8.787294, 10/19/2017 5:44:14 PM
8.787294, 10/19/2017 5:44:14 PM
8.787294, 10/19/2017 5:44:14 PM
8.541985, 10/19/2017 5:44:14 PM
8.541985, 10/19/2017 5:44:14 PM
8.541985, 10/19/2017 5:44:14 PM
8.541985, 10/19/2017 5:44:14 PM
8.541985, 10/19/2017 5:44:14 PM
8.541985, 10/19/2017 5:44:14 PM
8.541985, 10/19/2017 5:44:14 PM
8.541985, 10/19/2017 5:44:14 PM
10.110098, 10/19/2017 5:44:14 PM
10.110098, 10/19/2017 5:44:14 PM
10.110098, 10/19/2017 5:44:14 PM
10.110098, 10/19/2017 5:44:14 PM
10.110098, 10/19/2017 5:44:14 PM
10.110098, 10/19/2017 5:44:14 PM
10.110098, 10/19/2017 5:44:14 PM
11.019893, 10/19/2017 5:44:14 PM
11.019893, 10/19/2017 5:44:14 PM
11.019893, 10/19/2017 5:44:14 PM
11.019893, 10/19/2017 5:44:14 PM
11.019893, 10/19/2017 5:44:14 PM
11.019893, 10/19/2017 5:44:14 PM
11.019893, 10/19/2017 5:44:14 PM
10.559468, 10/19/2017 5:44:14 PM
10.559468, 10/19/2017 5:44:14 PM
10.559468, 10/19/2017 5:44:14 PM
10.559468, 10/19/2017 5:44:14 PM
10.559468, 10/19/2017 5:44:14 PM
10.559468, 10/19/2017 5:44:14 PM
10.559468, 10/19/2017 5:44:14 PM
11.350179, 10/19/2017 5:44:14 PM
11.350179, 10/19/2017 5:44:14 PM
11.350179, 10/19/2017 5:44:14 PM
11.350179, 10/19/2017 5:44:14 PM
11.350179, 10/19/2017 5:44:14 PM
11.350179, 10/19/2017 5:44:14 PM
11.350179, 10/19/2017 5:44:14 PM
11.474378, 10/19/2017 5:44:14 PM
11.474378, 10/19/2017 5:44:14 PM
11.474378, 10/19/2017 5:44:14 PM
11.474378, 10/19/2017 5:44:14 PM
11.474378, 10/19/2017 5:44:14 PM
11.474378, 10/19/2017 5:44:14 PM
11.223142, 10/19/2017 5:44:14 PM
11.223142, 10/19/2017 5:44:14 PM
11.223142, 10/19/2017 5:44:14 PM
11.223142, 10/19/2017 5:44:14 PM
11.223142, 10/19/2017 5:44:14 PM
11.223142, 10/19/2017 5:44:14 PM
11.223142, 10/19/2017 5:44:14 PM
10.840723, 10/19/2017 5:44:14 PM
10.840723, 10/19/2017 5:44:14 PM
10.840723, 10/19/2017 5:44:14 PM
10.840723, 10/19/2017 5:44:14 PM
10.840723, 10/19/2017 5:44:14 PM
10.840723, 10/19/2017 5:44:14 PM
12.750436, 10/19/2017 5:44:14 PM
12.750436, 10/19/2017 5:44:14 PM
12.750436, 10/19/2017 5:44:14 PM
12.750436, 10/19/2017 5:44:14 PM
12.750436, 10/19/2017 5:44:14 PM
12.750436, 10/19/2017 5:44:14 PM
13.401416, 10/19/2017 5:44:14 PM
13.401416, 10/19/2017 5:44:14 PM
13.401416, 10/19/2017 5:44:14 PM
13.401416, 10/19/2017 5:44:14 PM
13.401416, 10/19/2017 5:44:14 PM
12.678605, 10/19/2017 5:44:14 PM
12.678605, 10/19/2017 5:44:14 PM
12.678605, 10/19/2017 5:44:14 PM
12.678605, 10/19/2017 5:44:14 PM
12.678605, 10/19/2017 5:44:14 PM
11.536384, 10/19/2017 5:44:14 PM
11.536384, 10/19/2017 5:44:14 PM
11.536384, 10/19/2017 5:44:14 PM
11.536384, 10/19/2017 5:44:14 PM
11.536384, 10/19/2017 5:44:14 PM
12.127154, 10/19/2017 5:44:14 PM
12.127154, 10/19/2017 5:44:14 PM
12.127154, 10/19/2017 5:44:14 PM
12.127154, 10/19/2017 5:44:14 PM
12.127154, 10/19/2017 5:44:14 PM
11.192228, 10/19/2017 5:44:14 PM
11.192228, 10/19/2017 5:44:14 PM
11.192228, 10/19/2017 5:44:14 PM
11.192228, 10/19/2017 5:44:14 PM
10.533579, 10/19/2017 5:44:14 PM
10.533579, 10/19/2017 5:44:14 PM
10.533579, 10/19/2017 5:44:14 PM
10.533579, 10/19/2017 5:44:14 PM
10.533579, 10/19/2017 5:44:14 PM
10.116162, 10/19/2017 5:44:14 PM
10.116162, 10/19/2017 5:44:14 PM
10.116162, 10/19/2017 5:44:14 PM
10.116162, 10/19/2017 5:44:14 PM
10.116162, 10/19/2017 5:44:14 PM
10.116162, 10/19/2017 5:44:14 PM
10.116162, 10/19/2017 5:44:14 PM
10.116162, 10/19/2017 5:44:14 PM
10.116162, 10/19/2017 5:44:14 PM
10.116162, 10/19/2017 5:44:14 PM
10.083801, 10/19/2017 5:44:14 PM
10.083801, 10/19/2017 5:44:14 PM
10.083801, 10/19/2017 5:44:14 PM
10.606382, 10/19/2017 5:44:14 PM
10.606382, 10/19/2017 5:44:14 PM
10.606382, 10/19/2017 5:44:14 PM
10.672462, 10/19/2017 5:44:14 PM
10.672462, 10/19/2017 5:44:14 PM
10.672462, 10/19/2017 5:44:14 PM
10.318231, 10/19/2017 5:44:14 PM
10.318231, 10/19/2017 5:44:14 PM
10.318231, 10/19/2017 5:44:14 PM
10.318231, 10/19/2017 5:44:14 PM
10.318231, 10/19/2017 5:44:14 PM
9.675335, 10/19/2017 5:44:14 PM
9.675335, 10/19/2017 5:44:14 PM
9.675335, 10/19/2017 5:44:14 PM
9.675335, 10/19/2017 5:44:14 PM
9.164686, 10/19/2017 5:44:14 PM
9.164686, 10/19/2017 5:44:14 PM
9.164686, 10/19/2017 5:44:14 PM
9.164686, 10/19/2017 5:44:15 PM
9.164686, 10/19/2017 5:44:15 PM
8.476448, 10/19/2017 5:44:15 PM
8.476448, 10/19/2017 5:44:15 PM
8.476448, 10/19/2017 5:44:15 PM
8.476448, 10/19/2017 5:44:15 PM
9.593068, 10/19/2017 5:44:15 PM
9.593068, 10/19/2017 5:44:15 PM
9.593068, 10/19/2017 5:44:15 PM
9.593068, 10/19/2017 5:44:15 PM
9.593068, 10/19/2017 5:44:15 PM
9.362125, 10/19/2017 5:44:15 PM
9.362125, 10/19/2017 5:44:15 PM
9.362125, 10/19/2017 5:44:15 PM
9.362125, 10/19/2017 5:44:15 PM
9.362125, 10/19/2017 5:44:15 PM
9.142466, 10/19/2017 5:44:15 PM
9.142466, 10/19/2017 5:44:15 PM
9.142466, 10/19/2017 5:44:15 PM
9.142466, 10/19/2017 5:44:15 PM
9.142466, 10/19/2017 5:44:15 PM
9.869952, 10/19/2017 5:44:15 PM
9.869952, 10/19/2017 5:44:15 PM
9.869952, 10/19/2017 5:44:15 PM
9.869952, 10/19/2017 5:44:15 PM
9.869952, 10/19/2017 5:44:15 PM
9.818355, 10/19/2017 5:44:15 PM
9.818355, 10/19/2017 5:44:15 PM
9.818355, 10/19/2017 5:44:15 PM
9.818355, 10/19/2017 5:44:15 PM
10.044483, 10/19/2017 5:44:15 PM
10.044483, 10/19/2017 5:44:15 PM
10.044483, 10/19/2017 5:44:15 PM
10.044483, 10/19/2017 5:44:15 PM
10.233887, 10/19/2017 5:44:15 PM
10.233887, 10/19/2017 5:44:15 PM
10.233887, 10/19/2017 5:44:15 PM
10.233887, 10/19/2017 5:44:15 PM
10.233887, 10/19/2017 5:44:15 PM
10.300721, 10/19/2017 5:44:15 PM
10.300721, 10/19/2017 5:44:15 PM
10.300721, 10/19/2017 5:44:15 PM
10.300721, 10/19/2017 5:44:15 PM
9.904330, 10/19/2017 5:44:15 PM
9.904330, 10/19/2017 5:44:15 PM
9.904330, 10/19/2017 5:44:15 PM
9.904330, 10/19/2017 5:44:15 PM
9.904330, 10/19/2017 5:44:15 PM
9.802049, 10/19/2017 5:44:15 PM
9.802049, 10/19/2017 5:44:15 PM
9.802049, 10/19/2017 5:44:15 PM
9.802049, 10/19/2017 5:44:15 PM
9.820342, 10/19/2017 5:44:15 PM
9.820342, 10/19/2017 5:44:15 PM
9.820342, 10/19/2017 5:44:15 PM
9.820342, 10/19/2017 5:44:15 PM
9.820342, 10/19/2017 5:44:15 PM
9.703687, 10/19/2017 5:44:15 PM
9.703687, 10/19/2017 5:44:15 PM
9.703687, 10/19/2017 5:44:15 PM
9.703687, 10/19/2017 5:44:15 PM
8.607517, 10/19/2017 5:44:15 PM
8.607517, 10/19/2017 5:44:15 PM
8.607517, 10/19/2017 5:44:15 PM
8.607517, 10/19/2017 5:44:15 PM
9.255169, 10/19/2017 5:44:15 PM
9.255169, 10/19/2017 5:44:15 PM
9.255169, 10/19/2017 5:44:15 PM
9.255169, 10/19/2017 5:44:15 PM
9.255169, 10/19/2017 5:44:15 PM
9.255169, 10/19/2017 5:44:15 PM
9.246968, 10/19/2017 5:44:15 PM
9.246968, 10/19/2017 5:44:15 PM
9.246968, 10/19/2017 5:44:15 PM
9.246968, 10/19/2017 5:44:15 PM
9.246968, 10/19/2017 5:44:15 PM
8.390377, 10/19/2017 5:44:15 PM
8.390377, 10/19/2017 5:44:15 PM
8.390377, 10/19/2017 5:44:15 PM
8.390377, 10/19/2017 5:44:15 PM
8.390377, 10/19/2017 5:44:15 PM
9.446491, 10/19/2017 5:44:15 PM
9.446491, 10/19/2017 5:44:15 PM
9.446491, 10/19/2017 5:44:15 PM
9.446491, 10/19/2017 5:44:15 PM
9.446491, 10/19/2017 5:44:15 PM
8.997118, 10/19/2017 5:44:15 PM
8.997118, 10/19/2017 5:44:15 PM
8.997118, 10/19/2017 5:44:15 PM
8.997118, 10/19/2017 5:44:15 PM
8.997118, 10/19/2017 5:44:15 PM
8.182801, 10/19/2017 5:44:15 PM
8.182801, 10/19/2017 5:44:15 PM
8.182801, 10/19/2017 5:44:15 PM
8.182801, 10/19/2017 5:44:15 PM
8.182801, 10/19/2017 5:44:15 PM
8.794397, 10/19/2017 5:44:15 PM
8.794397, 10/19/2017 5:44:15 PM
8.794397, 10/19/2017 5:44:15 PM
8.794397, 10/19/2017 5:44:15 PM
8.794397, 10/19/2017 5:44:15 PM
9.086254, 10/19/2017 5:44:15 PM
9.086254, 10/19/2017 5:44:15 PM
9.086254, 10/19/2017 5:44:15 PM
9.086254, 10/19/2017 5:44:15 PM
9.086254, 10/19/2017 5:44:15 PM
8.865100, 10/19/2017 5:44:15 PM
8.865100, 10/19/2017 5:44:15 PM
8.865100, 10/19/2017 5:44:15 PM
8.865100, 10/19/2017 5:44:15 PM
8.865100, 10/19/2017 5:44:15 PM
10.084372, 10/19/2017 5:44:15 PM
10.084372, 10/19/2017 5:44:15 PM
10.084372, 10/19/2017 5:44:15 PM
10.084372, 10/19/2017 5:44:15 PM
10.084372, 10/19/2017 5:44:15 PM
10.320522, 10/19/2017 5:44:15 PM
10.320522, 10/19/2017 5:44:15 PM
10.320522, 10/19/2017 5:44:15 PM
10.320522, 10/19/2017 5:44:15 PM
10.320522, 10/19/2017 5:44:15 PM
10.320522, 10/19/2017 5:44:15 PM
10.382405, 10/19/2017 5:44:15 PM
10.382405, 10/19/2017 5:44:15 PM
10.382405, 10/19/2017 5:44:15 PM
10.382405, 10/19/2017 5:44:15 PM
10.382405, 10/19/2017 5:44:15 PM
11.258729, 10/19/2017 5:44:15 PM
11.258729, 10/19/2017 5:44:15 PM
11.258729, 10/19/2017 5:44:15 PM
11.258729, 10/19/2017 5:44:15 PM
11.258729, 10/19/2017 5:44:15 PM
12.150893, 10/19/2017 5:44:15 PM
12.150893, 10/19/2017 5:44:15 PM
12.150893, 10/19/2017 5:44:15 PM
12.150893, 10/19/2017 5:44:15 PM
12.150893, 10/19/2017 5:44:15 PM
12.165571, 10/19/2017 5:44:15 PM
12.165571, 10/19/2017 5:44:15 PM
12.165571, 10/19/2017 5:44:15 PM
12.165571, 10/19/2017 5:44:15 PM
12.165571, 10/19/2017 5:44:15 PM
11.728707, 10/19/2017 5:44:15 PM
11.728707, 10/19/2017 5:44:15 PM
11.728707, 10/19/2017 5:44:15 PM
11.728707, 10/19/2017 5:44:15 PM
11.728707, 10/19/2017 5:44:16 PM
11.742374, 10/19/2017 5:44:16 PM
11.742374, 10/19/2017 5:44:16 PM
11.742374, 10/19/2017 5:44:16 PM
11.742374, 10/19/2017 5:44:16 PM
11.742374, 10/19/2017 5:44:16 PM
11.742374, 10/19/2017 5:44:16 PM
12.515408, 10/19/2017 5:44:16 PM
12.515408, 10/19/2017 5:44:16 PM
12.515408, 10/19/2017 5:44:16 PM
12.515408, 10/19/2017 5:44:16 PM
12.515408, 10/19/2017 5:44:16 PM
11.052377, 10/19/2017 5:44:16 PM
11.052377, 10/19/2017 5:44:16 PM
11.052377, 10/19/2017 5:44:16 PM
11.052377, 10/19/2017 5:44:16 PM
11.052377, 10/19/2017 5:44:16 PM
11.052377, 10/19/2017 5:44:16 PM
11.198362, 10/19/2017 5:44:16 PM
11.198362, 10/19/2017 5:44:16 PM
11.198362, 10/19/2017 5:44:16 PM
11.198362, 10/19/2017 5:44:16 PM
11.198362, 10/19/2017 5:44:16 PM
11.723164, 10/19/2017 5:44:16 PM
11.723164, 10/19/2017 5:44:16 PM
11.723164, 10/19/2017 5:44:16 PM
11.723164, 10/19/2017 5:44:16 PM
11.723164, 10/19/2017 5:44:16 PM
11.723164, 10/19/2017 5:44:16 PM
9.435389, 10/19/2017 5:44:16 PM
9.435389, 10/19/2017 5:44:16 PM
9.435389, 10/19/2017 5:44:16 PM
9.435389, 10/19/2017 5:44:16 PM
9.435389, 10/19/2017 5:44:16 PM
9.435389, 10/19/2017 5:44:16 PM
9.435389, 10/19/2017 5:44:16 PM
9.435389, 10/19/2017 5:44:16 PM
9.435389, 10/19/2017 5:44:16 PM
10.174154, 10/19/2017 5:44:16 PM
10.174154, 10/19/2017 5:44:16 PM
10.174154, 10/19/2017 5:44:16 PM
10.174154, 10/19/2017 5:44:16 PM
10.174154, 10/19/2017 5:44:16 PM
10.174154, 10/19/2017 5:44:16 PM
10.174154, 10/19/2017 5:44:16 PM
11.628741, 10/19/2017 5:44:16 PM
11.628741, 10/19/2017 5:44:16 PM
11.628741, 10/19/2017 5:44:16 PM
11.628741, 10/19/2017 5:44:16 PM
11.628741, 10/19/2017 5:44:16 PM
11.628741, 10/19/2017 5:44:16 PM
11.628741, 10/19/2017 5:44:16 PM
9.985522, 10/19/2017 5:44:16 PM
9.985522, 10/19/2017 5:44:16 PM
9.985522, 10/19/2017 5:44:16 PM
9.985522, 10/19/2017 5:44:16 PM
9.985522, 10/19/2017 5:44:16 PM
9.985522, 10/19/2017 5:44:16 PM
9.985522, 10/19/2017 5:44:16 PM
9.985522, 10/19/2017 5:44:16 PM
9.175717, 10/19/2017 5:44:16 PM
9.175717, 10/19/2017 5:44:16 PM
9.175717, 10/19/2017 5:44:16 PM
9.175717, 10/19/2017 5:44:16 PM
9.175717, 10/19/2017 5:44:16 PM
9.175717, 10/19/2017 5:44:16 PM
9.175717, 10/19/2017 5:44:16 PM
9.175717, 10/19/2017 5:44:16 PM
9.652974, 10/19/2017 5:44:16 PM
9.652974, 10/19/2017 5:44:16 PM
9.652974, 10/19/2017 5:44:16 PM
9.652974, 10/19/2017 5:44:16 PM
9.652974, 10/19/2017 5:44:16 PM
9.652974, 10/19/2017 5:44:16 PM
9.652974, 10/19/2017 5:44:16 PM
9.652974, 10/19/2017 5:44:16 PM
10.068418, 10/19/2017 5:44:16 PM
10.068418, 10/19/2017 5:44:16 PM
10.068418, 10/19/2017 5:44:16 PM
10.068418, 10/19/2017 5:44:16 PM
10.068418, 10/19/2017 5:44:16 PM
10.068418, 10/19/2017 5:44:16 PM
10.068418, 10/19/2017 5:44:16 PM
10.863567, 10/19/2017 5:44:16 PM
10.863567, 10/19/2017 5:44:16 PM
10.863567, 10/19/2017 5:44:16 PM
10.863567, 10/19/2017 5:44:16 PM
10.863567, 10/19/2017 5:44:16 PM
10.863567, 10/19/2017 5:44:16 PM
10.863567, 10/19/2017 5:44:16 PM
10.627082, 10/19/2017 5:44:16 PM
10.627082, 10/19/2017 5:44:16 PM
10.627082, 10/19/2017 5:44:16 PM
10.627082, 10/19/2017 5:44:16 PM
10.627082, 10/19/2017 5:44:16 PM
10.627082, 10/19/2017 5:44:16 PM
10.627082, 10/19/2017 5:44:16 PM
10.627082, 10/19/2017 5:44:16 PM
12.023434, 10/19/2017 5:44:16 PM
12.023434, 10/19/2017 5:44:16 PM
12.023434, 10/19/2017 5:44:16 PM
12.023434, 10/19/2017 5:44:16 PM
12.023434, 10/19/2017 5:44:16 PM
12.023434, 10/19/2017 5:44:16 PM
12.023434, 10/19/2017 5:44:16 PM
11.666918, 10/19/2017 5:44:16 PM
11.666918, 10/19/2017 5:44:16 PM
11.666918, 10/19/2017 5:44:16 PM
11.666918, 10/19/2017 5:44:16 PM
11.666918, 10/19/2017 5:44:16 PM
11.666918, 10/19/2017 5:44:16 PM
11.666918, 10/19/2017 5:44:16 PM
11.666918, 10/19/2017 5:44:16 PM
11.147571, 10/19/2017 5:44:16 PM
11.147571, 10/19/2017 5:44:16 PM
11.147571, 10/19/2017 5:44:16 PM
11.147571, 10/19/2017 5:44:16 PM
11.147571, 10/19/2017 5:44:16 PM
11.147571, 10/19/2017 5:44:16 PM
11.147571, 10/19/2017 5:44:16 PM
11.147571, 10/19/2017 5:44:16 PM
12.768404, 10/19/2017 5:44:16 PM
12.768404, 10/19/2017 5:44:16 PM
12.768404, 10/19/2017 5:44:16 PM
12.768404, 10/19/2017 5:44:16 PM
12.768404, 10/19/2017 5:44:16 PM
12.768404, 10/19/2017 5:44:16 PM
12.768404, 10/19/2017 5:44:16 PM
11.538951, 10/19/2017 5:44:16 PM
11.538951, 10/19/2017 5:44:16 PM
11.538951, 10/19/2017 5:44:16 PM
11.538951, 10/19/2017 5:44:16 PM
11.538951, 10/19/2017 5:44:16 PM
11.538951, 10/19/2017 5:44:16 PM
11.538951, 10/19/2017 5:44:16 PM
11.538951, 10/19/2017 5:44:16 PM
10.565589, 10/19/2017 5:44:16 PM
10.565589, 10/19/2017 5:44:16 PM
10.565589, 10/19/2017 5:44:16 PM
10.565589, 10/19/2017 5:44:16 PM
10.565589, 10/19/2017 5:44:16 PM
10.565589, 10/19/2017 5:44:16 PM
10.565589, 10/19/2017 5:44:16 PM
10.565589, 10/19/2017 5:44:16 PM
11.410265, 10/19/2017 5:44:16 PM
11.410265, 10/19/2017 5:44:16 PM
11.410265, 10/19/2017 5:44:16 PM
11.410265, 10/19/2017 5:44:16 PM
11.410265, 10/19/2017 5:44:16 PM
11.410265, 10/19/2017 5:44:16 PM
11.332131, 10/19/2017 5:44:16 PM
11.332131, 10/19/2017 5:44:16 PM
11.332131, 10/19/2017 5:44:16 PM
11.332131, 10/19/2017 5:44:16 PM
11.332131, 10/19/2017 5:44:16 PM
11.332131, 10/19/2017 5:44:16 PM
11.332131, 10/19/2017 5:44:16 PM
11.332131, 10/19/2017 5:44:16 PM
10.438760, 10/19/2017 5:44:16 PM
10.438760, 10/19/2017 5:44:16 PM
10.438760, 10/19/2017 5:44:16 PM
10.438760, 10/19/2017 5:44:16 PM
10.438760, 10/19/2017 5:44:16 PM
10.438760, 10/19/2017 5:44:17 PM
10.438760, 10/19/2017 5:44:17 PM
10.302201, 10/19/2017 5:44:17 PM
10.302201, 10/19/2017 5:44:17 PM
10.302201, 10/19/2017 5:44:17 PM
10.302201, 10/19/2017 5:44:17 PM
10.302201, 10/19/2017 5:44:17 PM
10.302201, 10/19/2017 5:44:17 PM
10.302201, 10/19/2017 5:44:17 PM
9.414789, 10/19/2017 5:44:17 PM
9.414789, 10/19/2017 5:44:17 PM
9.414789, 10/19/2017 5:44:17 PM
9.414789, 10/19/2017 5:44:17 PM
9.414789, 10/19/2017 5:44:17 PM
9.414789, 10/19/2017 5:44:17 PM
9.414789, 10/19/2017 5:44:17 PM
8.977506, 10/19/2017 5:44:17 PM
8.977506, 10/19/2017 5:44:17 PM
8.977506, 10/19/2017 5:44:17 PM
8.977506, 10/19/2017 5:44:17 PM
8.977506, 10/19/2017 5:44:17 PM
8.977506, 10/19/2017 5:44:17 PM
8.977506, 10/19/2017 5:44:17 PM
7.977519, 10/19/2017 5:44:17 PM
7.977519, 10/19/2017 5:44:17 PM
7.977519, 10/19/2017 5:44:17 PM
7.977519, 10/19/2017 5:44:17 PM
7.977519, 10/19/2017 5:44:17 PM
7.977519, 10/19/2017 5:44:17 PM
7.977519, 10/19/2017 5:44:17 PM
7.977519, 10/19/2017 5:44:17 PM
8.817090, 10/19/2017 5:44:17 PM
8.817090, 10/19/2017 5:44:17 PM
8.817090, 10/19/2017 5:44:17 PM
8.817090, 10/19/2017 5:44:17 PM
8.817090, 10/19/2017 5:44:17 PM
8.817090, 10/19/2017 5:44:17 PM
8.817090, 10/19/2017 5:44:17 PM
8.811702, 10/19/2017 5:44:17 PM
8.811702, 10/19/2017 5:44:17 PM
8.811702, 10/19/2017 5:44:17 PM
8.811702, 10/19/2017 5:44:17 PM
8.811702, 10/19/2017 5:44:17 PM
8.811702, 10/19/2017 5:44:17 PM
8.811702, 10/19/2017 5:44:17 PM
7.598598, 10/19/2017 5:44:17 PM
7.598598, 10/19/2017 5:44:17 PM
7.598598, 10/19/2017 5:44:17 PM
7.598598, 10/19/2017 5:44:17 PM
7.598598, 10/19/2017 5:44:17 PM
7.598598, 10/19/2017 5:44:17 PM
7.598598, 10/19/2017 5:44:17 PM
7.598598, 10/19/2017 5:44:17 PM
7.323167, 10/19/2017 5:44:17 PM
7.323167, 10/19/2017 5:44:17 PM
7.323167, 10/19/2017 5:44:17 PM
7.323167, 10/19/2017 5:44:17 PM
7.323167, 10/19/2017 5:44:17 PM
7.323167, 10/19/2017 5:44:17 PM
7.323167, 10/19/2017 5:44:17 PM
7.607978, 10/19/2017 5:44:17 PM
7.607978, 10/19/2017 5:44:17 PM
7.607978, 10/19/2017 5:44:17 PM
7.607978, 10/19/2017 5:44:17 PM
7.607978, 10/19/2017 5:44:17 PM
7.607978, 10/19/2017 5:44:17 PM
7.807420, 10/19/2017 5:44:17 PM
7.807420, 10/19/2017 5:44:17 PM
7.807420, 10/19/2017 5:44:17 PM
7.807420, 10/19/2017 5:44:17 PM
7.807420, 10/19/2017 5:44:17 PM
7.807420, 10/19/2017 5:44:17 PM
7.807420, 10/19/2017 5:44:17 PM
7.802546, 10/19/2017 5:44:17 PM
7.802546, 10/19/2017 5:44:17 PM
7.802546, 10/19/2017 5:44:17 PM
7.802546, 10/19/2017 5:44:17 PM
7.802546, 10/19/2017 5:44:17 PM
7.802546, 10/19/2017 5:44:17 PM
7.802546, 10/19/2017 5:44:17 PM
8.316234, 10/19/2017 5:44:17 PM
8.316234, 10/19/2017 5:44:17 PM
8.316234, 10/19/2017 5:44:17 PM
8.316234, 10/19/2017 5:44:17 PM
8.316234, 10/19/2017 5:44:17 PM
8.316234, 10/19/2017 5:44:17 PM
8.316234, 10/19/2017 5:44:17 PM
8.316234, 10/19/2017 5:44:17 PM
7.792773, 10/19/2017 5:44:17 PM
7.792773, 10/19/2017 5:44:17 PM
7.792773, 10/19/2017 5:44:17 PM
7.792773, 10/19/2017 5:44:17 PM
7.792773, 10/19/2017 5:44:17 PM
7.792773, 10/19/2017 5:44:17 PM
7.792773, 10/19/2017 5:44:17 PM
7.957300, 10/19/2017 5:44:17 PM
7.957300, 10/19/2017 5:44:17 PM
7.957300, 10/19/2017 5:44:17 PM
7.957300, 10/19/2017 5:44:17 PM
7.957300, 10/19/2017 5:44:17 PM
7.957300, 10/19/2017 5:44:17 PM
7.957300, 10/19/2017 5:44:17 PM
8.521159, 10/19/2017 5:44:17 PM
8.521159, 10/19/2017 5:44:17 PM
8.521159, 10/19/2017 5:44:17 PM
8.521159, 10/19/2017 5:44:17 PM
8.521159, 10/19/2017 5:44:17 PM
8.521159, 10/19/2017 5:44:17 PM
8.521159, 10/19/2017 5:44:17 PM
8.521159, 10/19/2017 5:44:17 PM
8.461086, 10/19/2017 5:44:17 PM
8.461086, 10/19/2017 5:44:17 PM
8.461086, 10/19/2017 5:44:17 PM
8.461086, 10/19/2017 5:44:17 PM
8.461086, 10/19/2017 5:44:17 PM
8.461086, 10/19/2017 5:44:17 PM
8.461086, 10/19/2017 5:44:17 PM
7.623318, 10/19/2017 5:44:17 PM
7.623318, 10/19/2017 5:44:17 PM
7.623318, 10/19/2017 5:44:17 PM
7.623318, 10/19/2017 5:44:17 PM
7.623318, 10/19/2017 5:44:17 PM
7.623318, 10/19/2017 5:44:17 PM
7.623318, 10/19/2017 5:44:17 PM
7.003660, 10/19/2017 5:44:17 PM
7.003660, 10/19/2017 5:44:17 PM
7.003660, 10/19/2017 5:44:17 PM
7.003660, 10/19/2017 5:44:17 PM
7.003660, 10/19/2017 5:44:17 PM
7.003660, 10/19/2017 5:44:17 PM
7.003660, 10/19/2017 5:44:17 PM
7.675677, 10/19/2017 5:44:17 PM
7.675677, 10/19/2017 5:44:17 PM
7.675677, 10/19/2017 5:44:17 PM
7.675677, 10/19/2017 5:44:17 PM
7.675677, 10/19/2017 5:44:17 PM
7.675677, 10/19/2017 5:44:17 PM
7.675677, 10/19/2017 5:44:17 PM
8.096598, 10/19/2017 5:44:17 PM
8.096598, 10/19/2017 5:44:17 PM
8.096598, 10/19/2017 5:44:17 PM
8.096598, 10/19/2017 5:44:17 PM
8.096598, 10/19/2017 5:44:17 PM
8.096598, 10/19/2017 5:44:17 PM
8.096598, 10/19/2017 5:44:17 PM
7.572773, 10/19/2017 5:44:17 PM
7.572773, 10/19/2017 5:44:17 PM
7.572773, 10/19/2017 5:44:17 PM
7.572773, 10/19/2017 5:44:17 PM
7.572773, 10/19/2017 5:44:17 PM
7.572773, 10/19/2017 5:44:17 PM
7.572773, 10/19/2017 5:44:17 PM
7.413298, 10/19/2017 5:44:17 PM
7.413298, 10/19/2017 5:44:17 PM
7.413298, 10/19/2017 5:44:17 PM
7.413298, 10/19/2017 5:44:17 PM
7.413298, 10/19/2017 5:44:18 PM
7.413298, 10/19/2017 5:44:18 PM
7.413298, 10/19/2017 5:44:18 PM
7.479824, 10/19/2017 5:44:18 PM
7.479824, 10/19/2017 5:44:18 PM
7.479824, 10/19/2017 5:44:18 PM
7.479824, 10/19/2017 5:44:18 PM
7.479824, 10/19/2017 5:44:18 PM
7.479824, 10/19/2017 5:44:18 PM
7.479824, 10/19/2017 5:44:18 PM
7.186019, 10/19/2017 5:44:18 PM
7.186019, 10/19/2017 5:44:18 PM
7.186019, 10/19/2017 5:44:18 PM
7.186019, 10/19/2017 5:44:18 PM
7.186019, 10/19/2017 5:44:18 PM
7.186019, 10/19/2017 5:44:18 PM
7.186019, 10/19/2017 5:44:18 PM
7.297978, 10/19/2017 5:44:18 PM
7.297978, 10/19/2017 5:44:18 PM
7.297978, 10/19/2017 5:44:18 PM
7.297978, 10/19/2017 5:44:18 PM
7.297978, 10/19/2017 5:44:18 PM
7.297978, 10/19/2017 5:44:18 PM
7.297978, 10/19/2017 5:44:18 PM
7.452118, 10/19/2017 5:44:18 PM
7.452118, 10/19/2017 5:44:18 PM
7.452118, 10/19/2017 5:44:18 PM
7.452118, 10/19/2017 5:44:18 PM
7.452118, 10/19/2017 5:44:18 PM
7.452118, 10/19/2017 5:44:18 PM
7.452118, 10/19/2017 5:44:18 PM
7.452118, 10/19/2017 5:44:18 PM
7.837395, 10/19/2017 5:44:18 PM
7.837395, 10/19/2017 5:44:18 PM
7.837395, 10/19/2017 5:44:18 PM
7.837395, 10/19/2017 5:44:18 PM
7.837395, 10/19/2017 5:44:18 PM
7.837395, 10/19/2017 5:44:18 PM
7.837395, 10/19/2017 5:44:18 PM
7.651506, 10/19/2017 5:44:18 PM
7.651506, 10/19/2017 5:44:18 PM
8.244388, 10/19/2017 5:44:18 PM
8.244388, 10/19/2017 5:44:18 PM
9.014537, 10/19/2017 5:44:18 PM
9.014537, 10/19/2017 5:44:18 PM
8.585068, 10/19/2017 5:44:18 PM
8.585068, 10/19/2017 5:44:18 PM
9.157968, 10/19/2017 5:44:18 PM
9.157968, 10/19/2017 5:44:18 PM
9.651699, 10/19/2017 5:44:18 PM
9.651699, 10/19/2017 5:44:18 PM
9.742220, 10/19/2017 5:44:18 PM
9.742220, 10/19/2017 5:44:18 PM
9.742220, 10/19/2017 5:44:18 PM
9.255604, 10/19/2017 5:44:18 PM
9.255604, 10/19/2017 5:44:18 PM
10.275090, 10/19/2017 5:44:18 PM
10.275090, 10/19/2017 5:44:18 PM
10.633297, 10/19/2017 5:44:18 PM
9.782194, 10/19/2017 5:44:18 PM
9.782194, 10/19/2017 5:44:18 PM
9.694318, 10/19/2017 5:44:18 PM
9.694318, 10/19/2017 5:44:18 PM
10.273238, 10/19/2017 5:44:18 PM
10.273238, 10/19/2017 5:44:18 PM
10.381151, 10/19/2017 5:44:18 PM
10.381151, 10/19/2017 5:44:18 PM
9.495019, 10/19/2017 5:44:18 PM
9.495019, 10/19/2017 5:44:18 PM
9.930924, 10/19/2017 5:44:18 PM
9.930924, 10/19/2017 5:44:18 PM
9.755168, 10/19/2017 5:44:18 PM
9.755168, 10/19/2017 5:44:18 PM
9.986713, 10/19/2017 5:44:18 PM
9.986713, 10/19/2017 5:44:18 PM
10.466843, 10/19/2017 5:44:18 PM
10.466843, 10/19/2017 5:44:18 PM
10.937596, 10/19/2017 5:44:18 PM
10.937596, 10/19/2017 5:44:18 PM
9.670468, 10/19/2017 5:44:18 PM
9.670468, 10/19/2017 5:44:18 PM
9.412764, 10/19/2017 5:44:18 PM
9.412764, 10/19/2017 5:44:18 PM
9.710945, 10/19/2017 5:44:18 PM
9.710945, 10/19/2017 5:44:18 PM
9.284367, 10/19/2017 5:44:18 PM
9.284367, 10/19/2017 5:44:18 PM
10.016316, 10/19/2017 5:44:18 PM
10.016316, 10/19/2017 5:44:18 PM
10.428332, 10/19/2017 5:44:18 PM
10.428332, 10/19/2017 5:44:18 PM
11.173412, 10/19/2017 5:44:18 PM
11.173412, 10/19/2017 5:44:18 PM
11.080843, 10/19/2017 5:44:18 PM
11.034160, 10/19/2017 5:44:18 PM
11.034160, 10/19/2017 5:44:18 PM
11.341699, 10/19/2017 5:44:18 PM
11.341699, 10/19/2017 5:44:18 PM
10.453760, 10/19/2017 5:44:18 PM
10.453760, 10/19/2017 5:44:18 PM
10.453760, 10/19/2017 5:44:18 PM
11.012510, 10/19/2017 5:44:18 PM
11.012510, 10/19/2017 5:44:18 PM
11.012510, 10/19/2017 5:44:18 PM
11.012510, 10/19/2017 5:44:18 PM
11.012510, 10/19/2017 5:44:18 PM
11.768848, 10/19/2017 5:44:18 PM
11.768848, 10/19/2017 5:44:18 PM
11.768848, 10/19/2017 5:44:18 PM
11.768848, 10/19/2017 5:44:18 PM
11.768848, 10/19/2017 5:44:18 PM
11.768848, 10/19/2017 5:44:18 PM
11.096907, 10/19/2017 5:44:18 PM
11.096907, 10/19/2017 5:44:18 PM
11.096907, 10/19/2017 5:44:18 PM
11.096907, 10/19/2017 5:44:18 PM
11.096907, 10/19/2017 5:44:18 PM
11.934985, 10/19/2017 5:44:18 PM
11.934985, 10/19/2017 5:44:18 PM
11.934985, 10/19/2017 5:44:18 PM
11.934985, 10/19/2017 5:44:18 PM
11.934985, 10/19/2017 5:44:18 PM
11.471399, 10/19/2017 5:44:18 PM
11.471399, 10/19/2017 5:44:18 PM
11.471399, 10/19/2017 5:44:18 PM
11.471399, 10/19/2017 5:44:18 PM
11.471399, 10/19/2017 5:44:18 PM
11.471399, 10/19/2017 5:44:18 PM
11.099133, 10/19/2017 5:44:18 PM
11.099133, 10/19/2017 5:44:18 PM
11.099133, 10/19/2017 5:44:18 PM
11.099133, 10/19/2017 5:44:18 PM
11.099133, 10/19/2017 5:44:18 PM
11.099133, 10/19/2017 5:44:18 PM
10.790360, 10/19/2017 5:44:18 PM
10.790360, 10/19/2017 5:44:18 PM
10.790360, 10/19/2017 5:44:18 PM
10.790360, 10/19/2017 5:44:18 PM
10.790360, 10/19/2017 5:44:18 PM
10.357107, 10/19/2017 5:44:18 PM
10.357107, 10/19/2017 5:44:18 PM
10.357107, 10/19/2017 5:44:18 PM
10.357107, 10/19/2017 5:44:18 PM
10.357107, 10/19/2017 5:44:18 PM
10.268170, 10/19/2017 5:44:18 PM
10.268170, 10/19/2017 5:44:18 PM
10.268170, 10/19/2017 5:44:18 PM
10.268170, 10/19/2017 5:44:18 PM
10.268170, 10/19/2017 5:44:18 PM
10.268170, 10/19/2017 5:44:18 PM
10.642208, 10/19/2017 5:44:18 PM
10.642208, 10/19/2017 5:44:18 PM
10.642208, 10/19/2017 5:44:18 PM
10.642208, 10/19/2017 5:44:18 PM
10.642208, 10/19/2017 5:44:18 PM
10.642208, 10/19/2017 5:44:18 PM
10.106488, 10/19/2017 5:44:19 PM
10.106488, 10/19/2017 5:44:19 PM
10.106488, 10/19/2017 5:44:19 PM
10.106488, 10/19/2017 5:44:19 PM
10.106488, 10/19/2017 5:44:19 PM
11.050184, 10/19/2017 5:44:19 PM
11.050184, 10/19/2017 5:44:19 PM
11.050184, 10/19/2017 5:44:19 PM
11.050184, 10/19/2017 5:44:19 PM
11.050184, 10/19/2017 5:44:19 PM
10.689454, 10/19/2017 5:44:19 PM
10.689454, 10/19/2017 5:44:19 PM
10.689454, 10/19/2017 5:44:19 PM
10.689454, 10/19/2017 5:44:19 PM
10.689454, 10/19/2017 5:44:19 PM
9.827521, 10/19/2017 5:44:19 PM
9.827521, 10/19/2017 5:44:19 PM
9.827521, 10/19/2017 5:44:19 PM
9.827521, 10/19/2017 5:44:19 PM
9.827521, 10/19/2017 5:44:19 PM
10.369185, 10/19/2017 5:44:19 PM
10.369185, 10/19/2017 5:44:19 PM
10.369185, 10/19/2017 5:44:19 PM
10.369185, 10/19/2017 5:44:19 PM
10.369185, 10/19/2017 5:44:19 PM
11.483143, 10/19/2017 5:44:19 PM
11.483143, 10/19/2017 5:44:19 PM
11.483143, 10/19/2017 5:44:19 PM
11.483143, 10/19/2017 5:44:19 PM
11.483143, 10/19/2017 5:44:19 PM
11.437886, 10/19/2017 5:44:19 PM
11.437886, 10/19/2017 5:44:19 PM
11.437886, 10/19/2017 5:44:19 PM
11.437886, 10/19/2017 5:44:19 PM
11.437886, 10/19/2017 5:44:19 PM
11.303428, 10/19/2017 5:44:19 PM
11.303428, 10/19/2017 5:44:19 PM
11.303428, 10/19/2017 5:44:19 PM
11.303428, 10/19/2017 5:44:19 PM
11.303428, 10/19/2017 5:44:19 PM
12.069641, 10/19/2017 5:44:19 PM
12.069641, 10/19/2017 5:44:19 PM
12.069641, 10/19/2017 5:44:19 PM
12.069641, 10/19/2017 5:44:19 PM
12.069641, 10/19/2017 5:44:19 PM
12.142394, 10/19/2017 5:44:19 PM
12.142394, 10/19/2017 5:44:19 PM
12.142394, 10/19/2017 5:44:19 PM
12.142394, 10/19/2017 5:44:19 PM
12.142394, 10/19/2017 5:44:19 PM
11.638619, 10/19/2017 5:44:19 PM
11.638619, 10/19/2017 5:44:19 PM
11.638619, 10/19/2017 5:44:19 PM
11.638619, 10/19/2017 5:44:19 PM
11.638619, 10/19/2017 5:44:19 PM
11.638619, 10/19/2017 5:44:19 PM
11.337872, 10/19/2017 5:44:19 PM
11.337872, 10/19/2017 5:44:19 PM
11.337872, 10/19/2017 5:44:19 PM
11.337872, 10/19/2017 5:44:19 PM
11.337872, 10/19/2017 5:44:19 PM
11.450876, 10/19/2017 5:44:19 PM
11.450876, 10/19/2017 5:44:19 PM
11.450876, 10/19/2017 5:44:19 PM
11.450876, 10/19/2017 5:44:19 PM
11.450876, 10/19/2017 5:44:19 PM
11.168359, 10/19/2017 5:44:19 PM
11.168359, 10/19/2017 5:44:19 PM
11.168359, 10/19/2017 5:44:19 PM
11.168359, 10/19/2017 5:44:19 PM
11.168359, 10/19/2017 5:44:19 PM
11.099644, 10/19/2017 5:44:19 PM
11.099644, 10/19/2017 5:44:19 PM
11.099644, 10/19/2017 5:44:19 PM
11.099644, 10/19/2017 5:44:19 PM
11.099644, 10/19/2017 5:44:19 PM
12.005384, 10/19/2017 5:44:19 PM
12.005384, 10/19/2017 5:44:19 PM
12.005384, 10/19/2017 5:44:19 PM
12.005384, 10/19/2017 5:44:19 PM
12.005384, 10/19/2017 5:44:19 PM
12.005384, 10/19/2017 5:44:19 PM
11.649733, 10/19/2017 5:44:19 PM
11.649733, 10/19/2017 5:44:19 PM
11.649733, 10/19/2017 5:44:19 PM
11.649733, 10/19/2017 5:44:19 PM
11.649733, 10/19/2017 5:44:19 PM
9.872112, 10/19/2017 5:44:19 PM
9.872112, 10/19/2017 5:44:19 PM
9.872112, 10/19/2017 5:44:19 PM
9.872112, 10/19/2017 5:44:19 PM
9.872112, 10/19/2017 5:44:19 PM
10.896481, 10/19/2017 5:44:19 PM
10.896481, 10/19/2017 5:44:19 PM
10.896481, 10/19/2017 5:44:19 PM
10.896481, 10/19/2017 5:44:19 PM
10.896481, 10/19/2017 5:44:19 PM
10.896481, 10/19/2017 5:44:19 PM
10.851087, 10/19/2017 5:44:19 PM
10.851087, 10/19/2017 5:44:19 PM
10.851087, 10/19/2017 5:44:19 PM
10.851087, 10/19/2017 5:44:19 PM
10.851087, 10/19/2017 5:44:19 PM
10.372337, 10/19/2017 5:44:19 PM
10.372337, 10/19/2017 5:44:19 PM
10.372337, 10/19/2017 5:44:19 PM
10.372337, 10/19/2017 5:44:19 PM
10.372337, 10/19/2017 5:44:19 PM
10.372337, 10/19/2017 5:44:19 PM
10.079843, 10/19/2017 5:44:19 PM
10.079843, 10/19/2017 5:44:19 PM
10.079843, 10/19/2017 5:44:19 PM
10.079843, 10/19/2017 5:44:19 PM
10.079843, 10/19/2017 5:44:19 PM
11.086195, 10/19/2017 5:44:19 PM
11.086195, 10/19/2017 5:44:19 PM
11.086195, 10/19/2017 5:44:19 PM
11.086195, 10/19/2017 5:44:19 PM
11.086195, 10/19/2017 5:44:19 PM
11.318050, 10/19/2017 5:44:19 PM
11.318050, 10/19/2017 5:44:19 PM
11.318050, 10/19/2017 5:44:19 PM
11.318050, 10/19/2017 5:44:19 PM
11.318050, 10/19/2017 5:44:19 PM
10.927645, 10/19/2017 5:44:19 PM
10.927645, 10/19/2017 5:44:19 PM
10.927645, 10/19/2017 5:44:19 PM
10.927645, 10/19/2017 5:44:19 PM
10.927645, 10/19/2017 5:44:19 PM
10.927645, 10/19/2017 5:44:19 PM
11.790655, 10/19/2017 5:44:19 PM
11.790655, 10/19/2017 5:44:19 PM
11.790655, 10/19/2017 5:44:19 PM
11.790655, 10/19/2017 5:44:19 PM
11.790655, 10/19/2017 5:44:19 PM
11.778649, 10/19/2017 5:44:19 PM
11.778649, 10/19/2017 5:44:19 PM
11.778649, 10/19/2017 5:44:19 PM
11.778649, 10/19/2017 5:44:19 PM
11.778649, 10/19/2017 5:44:19 PM
11.778649, 10/19/2017 5:44:19 PM
11.931017, 10/19/2017 5:44:19 PM
11.931017, 10/19/2017 5:44:19 PM
11.931017, 10/19/2017 5:44:19 PM
11.931017, 10/19/2017 5:44:19 PM
11.931017, 10/19/2017 5:44:19 PM
12.612016, 10/19/2017 5:44:19 PM
12.612016, 10/19/2017 5:44:19 PM
12.612016, 10/19/2017 5:44:19 PM
12.612016, 10/19/2017 5:44:19 PM
12.612016, 10/19/2017 5:44:19 PM
12.612016, 10/19/2017 5:44:19 PM
13.306649, 10/19/2017 5:44:19 PM
13.306649, 10/19/2017 5:44:19 PM
13.306649, 10/19/2017 5:44:19 PM
13.306649, 10/19/2017 5:44:19 PM
13.306649, 10/19/2017 5:44:19 PM
12.794914, 10/19/2017 5:44:19 PM
12.794914, 10/19/2017 5:44:19 PM
12.794914, 10/19/2017 5:44:20 PM
12.794914, 10/19/2017 5:44:20 PM
12.794914, 10/19/2017 5:44:20 PM
13.315226, 10/19/2017 5:44:20 PM
13.315226, 10/19/2017 5:44:20 PM
13.315226, 10/19/2017 5:44:20 PM
13.315226, 10/19/2017 5:44:20 PM
13.315226, 10/19/2017 5:44:20 PM
13.435257, 10/19/2017 5:44:20 PM
13.435257, 10/19/2017 5:44:20 PM
13.435257, 10/19/2017 5:44:20 PM
13.435257, 10/19/2017 5:44:20 PM
13.435257, 10/19/2017 5:44:20 PM
13.435257, 10/19/2017 5:44:20 PM
12.908005, 10/19/2017 5:44:20 PM
12.908005, 10/19/2017 5:44:20 PM
12.908005, 10/19/2017 5:44:20 PM
12.908005, 10/19/2017 5:44:20 PM
12.908005, 10/19/2017 5:44:20 PM
12.908005, 10/19/2017 5:44:20 PM
12.503594, 10/19/2017 5:44:20 PM
12.503594, 10/19/2017 5:44:20 PM
12.503594, 10/19/2017 5:44:20 PM
12.503594, 10/19/2017 5:44:20 PM
12.503594, 10/19/2017 5:44:20 PM
12.335196, 10/19/2017 5:44:20 PM
12.335196, 10/19/2017 5:44:20 PM
12.335196, 10/19/2017 5:44:20 PM
12.335196, 10/19/2017 5:44:20 PM
12.335196, 10/19/2017 5:44:20 PM
12.036819, 10/19/2017 5:44:20 PM
12.036819, 10/19/2017 5:44:20 PM
12.036819, 10/19/2017 5:44:20 PM
12.036819, 10/19/2017 5:44:20 PM
12.036819, 10/19/2017 5:44:20 PM
10.683230, 10/19/2017 5:44:20 PM
10.683230, 10/19/2017 5:44:20 PM
10.683230, 10/19/2017 5:44:20 PM
10.683230, 10/19/2017 5:44:20 PM
10.683230, 10/19/2017 5:44:20 PM
11.424595, 10/19/2017 5:44:20 PM
11.424595, 10/19/2017 5:44:20 PM
11.424595, 10/19/2017 5:44:20 PM
11.424595, 10/19/2017 5:44:20 PM
11.424595, 10/19/2017 5:44:20 PM
10.458722, 10/19/2017 5:44:20 PM
10.458722, 10/19/2017 5:44:20 PM
10.458722, 10/19/2017 5:44:20 PM
10.458722, 10/19/2017 5:44:20 PM
10.406858, 10/19/2017 5:44:20 PM
10.406858, 10/19/2017 5:44:20 PM
10.406858, 10/19/2017 5:44:20 PM
10.406858, 10/19/2017 5:44:20 PM
10.406858, 10/19/2017 5:44:20 PM
10.312334, 10/19/2017 5:44:20 PM
10.312334, 10/19/2017 5:44:20 PM
10.312334, 10/19/2017 5:44:20 PM
10.312334, 10/19/2017 5:44:20 PM
10.312334, 10/19/2017 5:44:20 PM
10.312334, 10/19/2017 5:44:20 PM
10.417712, 10/19/2017 5:44:20 PM
10.417712, 10/19/2017 5:44:20 PM
10.417712, 10/19/2017 5:44:20 PM
10.417712, 10/19/2017 5:44:20 PM
10.417712, 10/19/2017 5:44:20 PM
9.481667, 10/19/2017 5:44:20 PM
9.481667, 10/19/2017 5:44:20 PM
9.481667, 10/19/2017 5:44:20 PM
9.481667, 10/19/2017 5:44:20 PM
9.481667, 10/19/2017 5:44:20 PM
9.663856, 10/19/2017 5:44:20 PM
9.663856, 10/19/2017 5:44:20 PM
9.663856, 10/19/2017 5:44:20 PM
9.663856, 10/19/2017 5:44:20 PM
9.663856, 10/19/2017 5:44:20 PM
10.708310, 10/19/2017 5:44:20 PM
10.708310, 10/19/2017 5:44:20 PM
10.708310, 10/19/2017 5:44:20 PM
10.708310, 10/19/2017 5:44:20 PM
10.708310, 10/19/2017 5:44:20 PM
10.708310, 10/19/2017 5:44:20 PM
10.069388, 10/19/2017 5:44:20 PM
10.069388, 10/19/2017 5:44:20 PM
10.069388, 10/19/2017 5:44:20 PM
10.069388, 10/19/2017 5:44:20 PM
10.069388, 10/19/2017 5:44:20 PM
9.535614, 10/19/2017 5:44:20 PM
9.535614, 10/19/2017 5:44:20 PM
9.535614, 10/19/2017 5:44:20 PM
9.535614, 10/19/2017 5:44:20 PM
9.535614, 10/19/2017 5:44:20 PM
9.529323, 10/19/2017 5:44:20 PM
9.529323, 10/19/2017 5:44:20 PM
9.529323, 10/19/2017 5:44:20 PM
9.529323, 10/19/2017 5:44:20 PM
9.529323, 10/19/2017 5:44:20 PM
9.529323, 10/19/2017 5:44:20 PM
10.460375, 10/19/2017 5:44:20 PM
10.460375, 10/19/2017 5:44:20 PM
10.460375, 10/19/2017 5:44:20 PM
10.460375, 10/19/2017 5:44:20 PM
10.460375, 10/19/2017 5:44:20 PM
10.372432, 10/19/2017 5:44:20 PM
10.372432, 10/19/2017 5:44:20 PM
9.144593, 10/19/2017 5:44:51 PM
