11/16/2017,  17:27:43.174514, 1.396154E+0, 9.086252E-1, 1.383237E+0, -1.021779E+1, 1.386451E+0, 1.398302E+0, 1.389280E+0, 1.385011E+0
11/16/2017,  17:27:43.175514, 1.398696E+0, 9.009936E-1, 1.383237E+0, -1.020761E+1, 1.389001E+0, 1.385582E+0, 1.381651E+0, 1.390098E+0
11/16/2017,  17:27:43.176514, 1.385986E+0, 9.111690E-1, 1.395963E+0, -1.021270E+1, 1.381351E+0, 1.390670E+0, 1.394366E+0, 1.385011E+0
11/16/2017,  17:27:43.177514, 1.391070E+0, 9.086252E-1, 1.385782E+0, -1.020761E+1, 1.391551E+0, 1.395758E+0, 1.391823E+0, 1.379923E+0
11/16/2017,  17:27:43.178514, 1.385986E+0, 8.959060E-1, 1.383237E+0, -1.021015E+1, 1.391551E+0, 1.388126E+0, 1.394366E+0, 1.387555E+0
11/16/2017,  17:27:43.179514, 1.388528E+0, 9.137128E-1, 1.390873E+0, -1.021270E+1, 1.383901E+0, 1.398302E+0, 1.396909E+0, 1.390098E+0
11/16/2017,  17:27:43.180514, 1.403780E+0, 9.060813E-1, 1.380692E+0, -1.021779E+1, 1.391551E+0, 1.393214E+0, 1.386737E+0, 1.392642E+0
11/16/2017,  17:27:43.181514, 1.388528E+0, 9.111690E-1, 1.388327E+0, -1.021525E+1, 1.378801E+0, 1.393214E+0, 1.391823E+0, 1.395186E+0
11/16/2017,  17:27:43.182514, 1.383444E+0, 9.086252E-1, 1.385782E+0, -1.021779E+1, 1.386451E+0, 1.403390E+0, 1.394366E+0, 1.385011E+0
11/16/2017,  17:27:43.183514, 1.383444E+0, 8.933621E-1, 1.380692E+0, -1.021015E+1, 1.394101E+0, 1.393214E+0, 1.389280E+0, 1.392642E+0
11/16/2017,  17:27:43.184514, 1.383444E+0, 9.060813E-1, 1.390873E+0, -1.021270E+1, 1.383901E+0, 1.388126E+0, 1.396909E+0, 1.397730E+0
11/16/2017,  17:27:43.185514, 1.388528E+0, 9.086252E-1, 1.385782E+0, -1.021779E+1, 1.391551E+0, 1.405934E+0, 1.394366E+0, 1.390098E+0
11/16/2017,  17:27:43.186514, 1.398696E+0, 9.035375E-1, 1.393418E+0, -1.020506E+1, 1.396651E+0, 1.390670E+0, 1.384194E+0, 1.385011E+0
11/16/2017,  17:27:43.187514, 1.383444E+0, 9.035375E-1, 1.388327E+0, -1.021779E+1, 1.378801E+0, 1.393214E+0, 1.394366E+0, 1.390098E+0
11/16/2017,  17:27:43.188514, 1.393612E+0, 9.111690E-1, 1.383237E+0, -1.021015E+1, 1.399201E+0, 1.403390E+0, 1.386737E+0, 1.377379E+0
11/16/2017,  17:27:43.189514, 1.391070E+0, 9.035375E-1, 1.395963E+0, -1.020252E+1, 1.396651E+0, 1.390670E+0, 1.381651E+0, 1.392642E+0
11/16/2017,  17:27:43.190514, 1.385986E+0, 9.060813E-1, 1.385782E+0, -1.021015E+1, 1.389001E+0, 1.398302E+0, 1.396909E+0, 1.392642E+0
11/16/2017,  17:27:43.191514, 1.388528E+0, 9.035375E-1, 1.390873E+0, -1.021015E+1, 1.391551E+0, 1.398302E+0, 1.394366E+0, 1.385011E+0
11/16/2017,  17:27:43.192514, 1.391070E+0, 9.009936E-1, 1.385782E+0, -1.021270E+1, 1.383901E+0, 1.380494E+0, 1.391823E+0, 1.392642E+0
11/16/2017,  17:27:43.193514, 1.391070E+0, 9.035375E-1, 1.385782E+0, -1.021779E+1, 1.389001E+0, 1.390670E+0, 1.391823E+0, 1.382467E+0
11/16/2017,  17:27:43.194514, 1.388528E+0, 9.035375E-1, 1.378147E+0, -1.021015E+1, 1.396651E+0, 1.398302E+0, 1.389280E+0, 1.385011E+0
11/16/2017,  17:27:43.195514, 1.396154E+0, 9.009936E-1, 1.388327E+0, -1.021270E+1, 1.383901E+0, 1.385582E+0, 1.391823E+0, 1.395186E+0
11/16/2017,  17:27:43.196514, 1.396154E+0, 9.060813E-1, 1.390873E+0, -1.021015E+1, 1.389001E+0, 1.390670E+0, 1.391823E+0, 1.382467E+0
11/16/2017,  17:27:43.197514, 1.393612E+0, 9.009936E-1, 1.378147E+0, -1.021525E+1, 1.396651E+0, 1.395758E+0, 1.396909E+0, 1.392642E+0
11/16/2017,  17:27:43.198514, 1.383444E+0, 9.009936E-1, 1.390873E+0, -1.020506E+1, 1.383901E+0, 1.393214E+0, 1.399452E+0, 1.397730E+0
11/16/2017,  17:27:43.199514, 1.388528E+0, 9.086252E-1, 1.383237E+0, -1.021779E+1, 1.389001E+0, 1.398302E+0, 1.394366E+0, 1.382467E+0
11/16/2017,  17:27:43.200514, 1.388528E+0, 9.035375E-1, 1.388327E+0, -1.019997E+1, 1.401751E+0, 1.393214E+0, 1.389280E+0, 1.390098E+0
11/16/2017,  17:27:43.201514, 1.383444E+0, 9.060813E-1, 1.395963E+0, -1.021015E+1, 1.383901E+0, 1.388126E+0, 1.399452E+0, 1.392642E+0
11/16/2017,  17:27:43.202514, 1.393612E+0, 9.086252E-1, 1.390873E+0, -1.021525E+1, 1.396651E+0, 1.405934E+0, 1.394366E+0, 1.387555E+0
11/16/2017,  17:27:43.203514, 1.385986E+0, 9.009936E-1, 1.388327E+0, -1.020761E+1, 1.391551E+0, 1.398302E+0, 1.396909E+0, 1.390098E+0
11/16/2017,  17:27:43.204514, 1.383444E+0, 9.035375E-1, 1.390873E+0, -1.021779E+1, 1.381351E+0, 1.393214E+0, 1.396909E+0, 1.390098E+0
11/16/2017,  17:27:43.205514, 1.393612E+0, 9.009936E-1, 1.378147E+0, -1.021779E+1, 1.389001E+0, 1.395758E+0, 1.384194E+0, 1.385011E+0
11/16/2017,  17:27:43.206514, 1.383444E+0, 8.959060E-1, 1.385782E+0, -1.021015E+1, 1.386451E+0, 1.383038E+0, 1.386737E+0, 1.390098E+0
, , , , , , , , 
11/16/2017,  17:27:43.207514, 1.385986E+0, 9.086252E-1, 1.388327E+0, -1.021779E+1, 1.386451E+0, 1.393214E+0, 1.394366E+0, 1.377379E+0
11/16/2017,  17:27:43.208514, 1.393612E+0, 9.111690E-1, 1.390873E+0, -1.020506E+1, 1.391551E+0, 1.400846E+0, 1.389280E+0, 1.392642E+0
11/16/2017,  17:27:43.209514, 1.385986E+0, 9.111690E-1, 1.393418E+0, -1.021525E+1, 1.383901E+0, 1.393214E+0, 1.394366E+0, 1.385011E+0
11/16/2017,  17:27:43.210514, 1.391070E+0, 9.060813E-1, 1.375601E+0, -1.021779E+1, 1.394101E+0, 1.398302E+0, 1.386737E+0, 1.379923E+0
11/16/2017,  17:27:43.211514, 1.391070E+0, 9.009936E-1, 1.390873E+0, -1.020761E+1, 1.389001E+0, 1.390670E+0, 1.396909E+0, 1.397730E+0
11/16/2017,  17:27:43.212514, 1.393612E+0, 9.162567E-1, 1.390873E+0, -1.020761E+1, 1.394101E+0, 1.405934E+0, 1.396909E+0, 1.390098E+0
11/16/2017,  17:27:43.213514, 1.398696E+0, 9.060813E-1, 1.385782E+0, -1.019743E+1, 1.399201E+0, 1.395758E+0, 1.389280E+0, 1.392642E+0
11/16/2017,  17:27:43.214514, 1.383444E+0, 9.111690E-1, 1.398508E+0, -1.020761E+1, 1.386451E+0, 1.393214E+0, 1.399452E+0, 1.397730E+0
11/16/2017,  17:27:43.215514, 1.396154E+0, 9.035375E-1, 1.385782E+0, -1.021525E+1, 1.389001E+0, 1.393214E+0, 1.389280E+0, 1.385011E+0
11/16/2017,  17:27:43.216514, 1.388528E+0, 9.086252E-1, 1.390873E+0, -1.021270E+1, 1.391551E+0, 1.388126E+0, 1.389280E+0, 1.390098E+0
11/16/2017,  17:27:43.217514, 1.391070E+0, 9.162567E-1, 1.393418E+0, -1.021270E+1, 1.394101E+0, 1.405934E+0, 1.394366E+0, 1.385011E+0
11/16/2017,  17:27:43.218514, 1.383444E+0, 9.009936E-1, 1.383237E+0, -1.021015E+1, 1.386451E+0, 1.390670E+0, 1.394366E+0, 1.392642E+0
11/16/2017,  17:27:43.219514, 1.391070E+0, 9.137128E-1, 1.390873E+0, -1.021270E+1, 1.394101E+0, 1.408478E+0, 1.401994E+0, 1.387555E+0
11/16/2017,  17:27:43.220514, 1.391070E+0, 9.060813E-1, 1.385782E+0, -1.021525E+1, 1.389001E+0, 1.393214E+0, 1.389280E+0, 1.385011E+0
11/16/2017,  17:27:43.221514, 1.391070E+0, 9.086252E-1, 1.401053E+0, -1.020506E+1, 1.386451E+0, 1.400846E+0, 1.401994E+0, 1.390098E+0
11/16/2017,  17:27:43.222514, 1.388528E+0, 9.009936E-1, 1.375601E+0, -1.021779E+1, 1.391551E+0, 1.390670E+0, 1.384194E+0, 1.377379E+0
11/16/2017,  17:27:43.223514, 1.380902E+0, 8.959060E-1, 1.390873E+0, -1.021270E+1, 1.383901E+0, 1.388126E+0, 1.396909E+0, 1.392642E+0
11/16/2017,  17:27:43.224514, 1.385986E+0, 9.086252E-1, 1.385782E+0, -1.021779E+1, 1.389001E+0, 1.398302E+0, 1.389280E+0, 1.379923E+0
11/16/2017,  17:27:43.225514, 1.383444E+0, 8.959060E-1, 1.385782E+0, -1.021779E+1, 1.383901E+0, 1.388126E+0, 1.389280E+0, 1.385011E+0
11/16/2017,  17:27:43.226514, 1.385986E+0, 9.060813E-1, 1.395963E+0, -1.021525E+1, 1.381351E+0, 1.393214E+0, 1.396909E+0, 1.385011E+0
11/16/2017,  17:27:43.227514, 1.393612E+0, 9.060813E-1, 1.375601E+0, -1.021779E+1, 1.394101E+0, 1.395758E+0, 1.381651E+0, 1.377379E+0
11/16/2017,  17:27:43.228514, 1.385986E+0, 9.009936E-1, 1.388327E+0, -1.020252E+1, 1.394101E+0, 1.393214E+0, 1.394366E+0, 1.392642E+0
11/16/2017,  17:27:43.229514, 1.383444E+0, 8.959060E-1, 1.383237E+0, -1.021779E+1, 1.386451E+0, 1.400846E+0, 1.404537E+0, 1.385011E+0
11/16/2017,  17:27:43.230514, 1.391070E+0, 9.035375E-1, 1.378147E+0, -1.021779E+1, 1.391551E+0, 1.388126E+0, 1.381651E+0, 1.385011E+0
11/16/2017,  17:27:43.231514, 1.378360E+0, 8.984498E-1, 1.393418E+0, -1.021525E+1, 1.383901E+0, 1.390670E+0, 1.399452E+0, 1.395186E+0
11/16/2017,  17:27:43.232514, 1.388528E+0, 9.009936E-1, 1.385782E+0, -1.021270E+1, 1.391551E+0, 1.405934E+0, 1.394366E+0, 1.382467E+0
11/16/2017,  17:27:43.233514, 1.393612E+0, 9.009936E-1, 1.390873E+0, -1.020761E+1, 1.391551E+0, 1.393214E+0, 1.394366E+0, 1.392642E+0
11/16/2017,  17:27:43.234514, 1.388528E+0, 9.137128E-1, 1.398508E+0, -1.021015E+1, 1.383901E+0, 1.395758E+0, 1.399452E+0, 1.392642E+0
11/16/2017,  17:27:43.235514, 1.385986E+0, 8.959060E-1, 1.385782E+0, -1.021525E+1, 1.394101E+0, 1.393214E+0, 1.394366E+0, 1.392642E+0
11/16/2017,  17:27:43.236514, 1.383444E+0, 8.959060E-1, 1.390873E+0, -1.019743E+1, 1.389001E+0, 1.390670E+0, 1.389280E+0, 1.385011E+0
11/16/2017,  17:27:43.237514, 1.385986E+0, 9.086252E-1, 1.398508E+0, -1.021779E+1, 1.386451E+0, 1.405934E+0, 1.396909E+0, 1.387555E+0
11/16/2017,  17:27:43.238514, 1.396154E+0, 9.035375E-1, 1.380692E+0, -1.021779E+1, 1.394101E+0, 1.390670E+0, 1.381651E+0, 1.382467E+0
11/16/2017,  17:27:43.239514, 1.393612E+0, 9.086252E-1, 1.390873E+0, -1.020506E+1, 1.389001E+0, 1.385582E+0, 1.386737E+0, 1.390098E+0
, , , , , , , , 
11/16/2017,  17:27:43.240514, 1.385986E+0, 9.060813E-1, 1.388327E+0, -1.020761E+1, 1.391551E+0, 1.395758E+0, 1.394366E+0, 1.387555E+0
11/16/2017,  17:27:43.241514, 1.388528E+0, 9.060813E-1, 1.383237E+0, -1.021015E+1, 1.391551E+0, 1.395758E+0, 1.389280E+0, 1.392642E+0
11/16/2017,  17:27:43.242514, 1.385986E+0, 9.009936E-1, 1.395963E+0, -1.019997E+1, 1.394101E+0, 1.393214E+0, 1.396909E+0, 1.400274E+0
11/16/2017,  17:27:43.243514, 1.383444E+0, 8.984498E-1, 1.383237E+0, -1.021779E+1, 1.386451E+0, 1.390670E+0, 1.389280E+0, 1.385011E+0
11/16/2017,  17:27:43.244514, 1.388528E+0, 9.009936E-1, 1.378147E+0, -1.021779E+1, 1.391551E+0, 1.390670E+0, 1.384194E+0, 1.385011E+0
11/16/2017,  17:27:43.245514, 1.385986E+0, 9.009936E-1, 1.395963E+0, -1.020252E+1, 1.383901E+0, 1.393214E+0, 1.396909E+0, 1.395186E+0
11/16/2017,  17:27:43.246514, 1.383444E+0, 9.035375E-1, 1.378147E+0, -1.021779E+1, 1.389001E+0, 1.393214E+0, 1.391823E+0, 1.387555E+0
11/16/2017,  17:27:43.247514, 1.403780E+0, 9.060813E-1, 1.385782E+0, -1.019743E+1, 1.401751E+0, 1.398302E+0, 1.391823E+0, 1.395186E+0
11/16/2017,  17:27:43.248514, 1.383444E+0, 9.035375E-1, 1.395963E+0, -1.021270E+1, 1.383901E+0, 1.395758E+0, 1.396909E+0, 1.397730E+0
11/16/2017,  17:27:43.249514, 1.385986E+0, 9.035375E-1, 1.380692E+0, -1.021779E+1, 1.383901E+0, 1.395758E+0, 1.394366E+0, 1.379923E+0
11/16/2017,  17:27:43.250514, 1.393612E+0, 9.086252E-1, 1.390873E+0, -1.020252E+1, 1.389001E+0, 1.398302E+0, 1.394366E+0, 1.392642E+0
11/16/2017,  17:27:43.251514, 1.380902E+0, 8.984498E-1, 1.385782E+0, -1.021779E+1, 1.381351E+0, 1.390670E+0, 1.396909E+0, 1.385011E+0
11/16/2017,  17:27:43.252514, 1.393612E+0, 9.086252E-1, 1.378147E+0, -1.021779E+1, 1.391551E+0, 1.395758E+0, 1.389280E+0, 1.379923E+0
11/16/2017,  17:27:43.253514, 1.388528E+0, 9.060813E-1, 1.390873E+0, -1.020761E+1, 1.389001E+0, 1.388126E+0, 1.391823E+0, 1.395186E+0
11/16/2017,  17:27:43.254514, 1.391070E+0, 9.111690E-1, 1.390873E+0, -1.021015E+1, 1.396651E+0, 1.403390E+0, 1.394366E+0, 1.385011E+0
11/16/2017,  17:27:43.255514, 1.393612E+0, 9.060813E-1, 1.390873E+0, -1.020252E+1, 1.394101E+0, 1.400846E+0, 1.394366E+0, 1.390098E+0
11/16/2017,  17:27:43.256514, 1.380902E+0, 9.009936E-1, 1.393418E+0, -1.021779E+1, 1.381351E+0, 1.393214E+0, 1.394366E+0, 1.390098E+0
11/16/2017,  17:27:43.257514, 1.393612E+0, 9.009936E-1, 1.383237E+0, -1.021015E+1, 1.399201E+0, 1.405934E+0, 1.394366E+0, 1.382467E+0
11/16/2017,  17:27:43.258514, 1.385986E+0, 8.984498E-1, 1.388327E+0, -1.021779E+1, 1.391551E+0, 1.393214E+0, 1.394366E+0, 1.400274E+0
11/16/2017,  17:27:43.259514, 1.391070E+0, 9.137128E-1, 1.388327E+0, -1.021525E+1, 1.391551E+0, 1.403390E+0, 1.391823E+0, 1.385011E+0
11/16/2017,  17:27:43.260514, 1.383444E+0, 8.908183E-1, 1.383237E+0, -1.021779E+1, 1.386451E+0, 1.388126E+0, 1.384194E+0, 1.390098E+0
11/16/2017,  17:27:43.261514, 1.383444E+0, 9.060813E-1, 1.393418E+0, -1.020761E+1, 1.389001E+0, 1.398302E+0, 1.401994E+0, 1.390098E+0
11/16/2017,  17:27:43.262514, 1.393612E+0, 8.984498E-1, 1.378147E+0, -1.021779E+1, 1.391551E+0, 1.390670E+0, 1.384194E+0, 1.385011E+0
11/16/2017,  17:27:43.263514, 1.380902E+0, 8.984498E-1, 1.385782E+0, -1.021015E+1, 1.391551E+0, 1.395758E+0, 1.396909E+0, 1.395186E+0
11/16/2017,  17:27:43.264514, 1.385986E+0, 8.959060E-1, 1.385782E+0, -1.021779E+1, 1.389001E+0, 1.395758E+0, 1.396909E+0, 1.392642E+0
11/16/2017,  17:27:43.265514, 1.396154E+0, 9.009936E-1, 1.380692E+0, -1.021779E+1, 1.396651E+0, 1.393214E+0, 1.386737E+0, 1.390098E+0
11/16/2017,  17:27:43.266514, 1.383444E+0, 8.959060E-1, 1.390873E+0, -1.021525E+1, 1.378801E+0, 1.388126E+0, 1.394366E+0, 1.395186E+0
11/16/2017,  17:27:43.267514, 1.391070E+0, 9.086252E-1, 1.383237E+0, -1.021779E+1, 1.386451E+0, 1.398302E+0, 1.394366E+0, 1.395186E+0
11/16/2017,  17:27:43.268514, 1.391070E+0, 8.908183E-1, 1.375601E+0, -1.021525E+1, 1.396651E+0, 1.393214E+0, 1.389280E+0, 1.390098E+0
11/16/2017,  17:27:43.269514, 1.383444E+0, 9.009936E-1, 1.395963E+0, -1.019997E+1, 1.381351E+0, 1.398302E+0, 1.401994E+0, 1.392642E+0
11/16/2017,  17:27:43.270514, 1.388528E+0, 9.035375E-1, 1.380692E+0, -1.021779E+1, 1.389001E+0, 1.398302E+0, 1.394366E+0, 1.387555E+0
11/16/2017,  17:27:43.271514, 1.388528E+0, 9.035375E-1, 1.393418E+0, -1.021015E+1, 1.386451E+0, 1.388126E+0, 1.391823E+0, 1.390098E+0
11/16/2017,  17:27:43.272514, 1.383444E+0, 9.009936E-1, 1.388327E+0, -1.021779E+1, 1.383901E+0, 1.395758E+0, 1.404537E+0, 1.390098E+0
, , , , , , , , 
11/16/2017,  17:27:43.273514, 1.398696E+0, 9.086252E-1, 1.380692E+0, -1.021525E+1, 1.396651E+0, 1.395758E+0, 1.391823E+0, 1.379923E+0
11/16/2017,  17:27:43.274514, 1.383444E+0, 8.908183E-1, 1.385782E+0, -1.021015E+1, 1.386451E+0, 1.388126E+0, 1.389280E+0, 1.390098E+0
11/16/2017,  17:27:43.275514, 1.383444E+0, 9.009936E-1, 1.393418E+0, -1.021779E+1, 1.381351E+0, 1.395758E+0, 1.399452E+0, 1.390098E+0
11/16/2017,  17:27:43.276514, 1.391070E+0, 9.009936E-1, 1.380692E+0, -1.021779E+1, 1.391551E+0, 1.398302E+0, 1.384194E+0, 1.382467E+0
11/16/2017,  17:27:43.277514, 1.388528E+0, 8.933621E-1, 1.385782E+0, -1.021525E+1, 1.391551E+0, 1.380494E+0, 1.389280E+0, 1.395186E+0
11/16/2017,  17:27:43.278514, 1.391070E+0, 9.035375E-1, 1.385782E+0, -1.021779E+1, 1.389001E+0, 1.390670E+0, 1.389280E+0, 1.387555E+0
11/16/2017,  17:27:43.279514, 1.388528E+0, 8.984498E-1, 1.375601E+0, -1.021779E+1, 1.391551E+0, 1.388126E+0, 1.389280E+0, 1.387555E+0
11/16/2017,  17:27:43.280514, 1.380902E+0, 9.035375E-1, 1.395963E+0, -1.021015E+1, 1.386451E+0, 1.400846E+0, 1.399452E+0, 1.392642E+0
11/16/2017,  17:27:43.281514, 1.393612E+0, 9.060813E-1, 1.375601E+0, -1.021779E+1, 1.383901E+0, 1.390670E+0, 1.389280E+0, 1.377379E+0
11/16/2017,  17:27:43.282514, 1.391070E+0, 9.035375E-1, 1.390873E+0, -1.020761E+1, 1.386451E+0, 1.388126E+0, 1.389280E+0, 1.387555E+0
11/16/2017,  17:27:43.283514, 1.383444E+0, 9.060813E-1, 1.393418E+0, -1.021779E+1, 1.381351E+0, 1.398302E+0, 1.394366E+0, 1.385011E+0
11/16/2017,  17:27:43.284514, 1.403780E+0, 9.060813E-1, 1.383237E+0, -1.021270E+1, 1.399201E+0, 1.393214E+0, 1.381651E+0, 1.382467E+0
11/16/2017,  17:27:43.285514, 1.388528E+0, 9.035375E-1, 1.395963E+0, -1.021270E+1, 1.378801E+0, 1.385582E+0, 1.394366E+0, 1.390098E+0
11/16/2017,  17:27:43.286514, 1.383444E+0, 9.009936E-1, 1.385782E+0, -1.021779E+1, 1.386451E+0, 1.395758E+0, 1.386737E+0, 1.377379E+0
11/16/2017,  17:27:43.287514, 1.383444E+0, 8.882744E-1, 1.380692E+0, -1.021270E+1, 1.383901E+0, 1.385582E+0, 1.389280E+0, 1.385011E+0
11/16/2017,  17:27:43.288514, 1.396154E+0, 9.137128E-1, 1.390873E+0, -1.021015E+1, 1.391551E+0, 1.403390E+0, 1.401994E+0, 1.385011E+0
11/16/2017,  17:27:43.289514, 1.393612E+0, 9.035375E-1, 1.388327E+0, -1.021015E+1, 1.389001E+0, 1.395758E+0, 1.394366E+0, 1.387555E+0
11/16/2017,  17:27:43.290514, 1.383444E+0, 9.060813E-1, 1.393418E+0, -1.020761E+1, 1.386451E+0, 1.395758E+0, 1.401994E+0, 1.395186E+0
11/16/2017,  17:27:43.291514, 1.393612E+0, 8.984498E-1, 1.375601E+0, -1.021779E+1, 1.391551E+0, 1.393214E+0, 1.381651E+0, 1.377379E+0
11/16/2017,  17:27:43.292514, 1.385986E+0, 9.035375E-1, 1.383237E+0, -1.021779E+1, 1.389001E+0, 1.393214E+0, 1.391823E+0, 1.392642E+0
11/16/2017,  17:27:43.293514, 1.396154E+0, 9.137128E-1, 1.390873E+0, -1.021779E+1, 1.389001E+0, 1.403390E+0, 1.391823E+0, 1.385011E+0
11/16/2017,  17:27:43.294514, 1.391070E+0, 8.959060E-1, 1.385782E+0, -1.020761E+1, 1.386451E+0, 1.393214E+0, 1.391823E+0, 1.387555E+0
11/16/2017,  17:27:43.295514, 1.385986E+0, 9.137128E-1, 1.398508E+0, -1.021270E+1, 1.391551E+0, 1.395758E+0, 1.391823E+0, 1.385011E+0
11/16/2017,  17:27:43.296514, 1.393612E+0, 9.009936E-1, 1.378147E+0, -1.021779E+1, 1.389001E+0, 1.393214E+0, 1.384194E+0, 1.392642E+0
11/16/2017,  17:27:43.297514, 1.388528E+0, 9.086252E-1, 1.395963E+0, -1.020761E+1, 1.383901E+0, 1.393214E+0, 1.394366E+0, 1.385011E+0
11/16/2017,  17:27:43.298514, 1.398696E+0, 9.111690E-1, 1.383237E+0, -1.021525E+1, 1.399201E+0, 1.395758E+0, 1.386737E+0, 1.382467E+0
11/16/2017,  17:27:43.299514, 1.391070E+0, 8.984498E-1, 1.385782E+0, -1.021779E+1, 1.386451E+0, 1.390670E+0, 1.389280E+0, 1.387555E+0
11/16/2017,  17:27:43.300514, 1.393612E+0, 9.035375E-1, 1.380692E+0, -1.021779E+1, 1.394101E+0, 1.398302E+0, 1.386737E+0, 1.382467E+0
11/16/2017,  17:27:43.301514, 1.391070E+0, 9.035375E-1, 1.390873E+0, -1.020252E+1, 1.391551E+0, 1.390670E+0, 1.391823E+0, 1.395186E+0
11/16/2017,  17:27:43.302514, 1.385986E+0, 9.009936E-1, 1.380692E+0, -1.021779E+1, 1.383901E+0, 1.395758E+0, 1.389280E+0, 1.385011E+0
11/16/2017,  17:27:43.303514, 1.388528E+0, 8.882744E-1, 1.378147E+0, -1.021779E+1, 1.391551E+0, 1.385582E+0, 1.386737E+0, 1.390098E+0
11/16/2017,  17:27:43.304514, 1.391070E+0, 9.009936E-1, 1.390873E+0, -1.021270E+1, 1.389001E+0, 1.393214E+0, 1.391823E+0, 1.387555E+0
11/16/2017,  17:27:43.305514, 1.383444E+0, 8.933621E-1, 1.375601E+0, -1.021779E+1, 1.389001E+0, 1.388126E+0, 1.381651E+0, 1.382467E+0
, , , , , , , , 
11/16/2017,  17:27:43.306514, 1.380902E+0, 8.959060E-1, 1.390873E+0, -1.021779E+1, 1.381351E+0, 1.388126E+0, 1.394366E+0, 1.387555E+0
11/16/2017,  17:27:43.307514, 1.385986E+0, 8.984498E-1, 1.380692E+0, -1.021015E+1, 1.389001E+0, 1.395758E+0, 1.394366E+0, 1.392642E+0
11/16/2017,  17:27:43.308514, 1.388528E+0, 9.009936E-1, 1.393418E+0, -1.020761E+1, 1.381351E+0, 1.388126E+0, 1.394366E+0, 1.390098E+0
11/16/2017,  17:27:43.309514, 1.393612E+0, 9.060813E-1, 1.385782E+0, -1.021525E+1, 1.399201E+0, 1.398302E+0, 1.394366E+0, 1.385011E+0
11/16/2017,  17:27:43.310514, 1.385986E+0, 8.933621E-1, 1.380692E+0, -1.021270E+1, 1.389001E+0, 1.383038E+0, 1.384194E+0, 1.390098E+0
11/16/2017,  17:27:43.311514, 1.391070E+0, 9.060813E-1, 1.388327E+0, -1.021525E+1, 1.383901E+0, 1.400846E+0, 1.391823E+0, 1.385011E+0
11/16/2017,  17:27:43.312514, 1.398696E+0, 8.959060E-1, 1.390873E+0, -1.020252E+1, 1.399201E+0, 1.390670E+0, 1.391823E+0, 1.390098E+0
11/16/2017,  17:27:43.313514, 1.391070E+0, 9.009936E-1, 1.390873E+0, -1.020761E+1, 1.391551E+0, 1.395758E+0, 1.396909E+0, 1.395186E+0
11/16/2017,  17:27:43.314514, 1.383444E+0, 8.959060E-1, 1.380692E+0, -1.021525E+1, 1.394101E+0, 1.393214E+0, 1.386737E+0, 1.392642E+0
11/16/2017,  17:27:43.315514, 1.383444E+0, 8.984498E-1, 1.390873E+0, -1.021779E+1, 1.381351E+0, 1.395758E+0, 1.401994E+0, 1.400274E+0
11/16/2017,  17:27:43.316514, 1.391070E+0, 8.984498E-1, 1.378147E+0, -1.021779E+1, 1.389001E+0, 1.398302E+0, 1.394366E+0, 1.395186E+0
11/16/2017,  17:27:43.317514, 1.383444E+0, 8.984498E-1, 1.395963E+0, -1.019743E+1, 1.389001E+0, 1.393214E+0, 1.399452E+0, 1.395186E+0
11/16/2017,  17:27:43.318514, 1.393612E+0, 9.009936E-1, 1.390873E+0, -1.021779E+1, 1.389001E+0, 1.398302E+0, 1.391823E+0, 1.377379E+0
11/16/2017,  17:27:43.319514, 1.388528E+0, 8.933621E-1, 1.383237E+0, -1.021015E+1, 1.386451E+0, 1.385582E+0, 1.381651E+0, 1.395186E+0
11/16/2017,  17:27:43.320514, 1.385986E+0, 9.060813E-1, 1.385782E+0, -1.021779E+1, 1.389001E+0, 1.400846E+0, 1.391823E+0, 1.390098E+0
11/16/2017,  17:27:43.321514, 1.396154E+0, 8.933621E-1, 1.383237E+0, -1.020506E+1, 1.391551E+0, 1.403390E+0, 1.396909E+0, 1.387555E+0
11/16/2017,  17:27:43.322514, 1.385986E+0, 9.086252E-1, 1.395963E+0, -1.020761E+1, 1.386451E+0, 1.400846E+0, 1.401994E+0, 1.392642E+0
11/16/2017,  17:27:43.323514, 1.388528E+0, 8.984498E-1, 1.375601E+0, -1.021779E+1, 1.396651E+0, 1.393214E+0, 1.394366E+0, 1.387555E+0
11/16/2017,  17:27:43.324514, 1.383444E+0, 9.035375E-1, 1.395963E+0, -1.021015E+1, 1.391551E+0, 1.398302E+0, 1.396909E+0, 1.395186E+0
11/16/2017,  17:27:43.325514, 1.398696E+0, 9.086252E-1, 1.385782E+0, -1.021015E+1, 1.396651E+0, 1.403390E+0, 1.386737E+0, 1.385011E+0
11/16/2017,  17:27:43.326514, 1.388528E+0, 8.933621E-1, 1.385782E+0, -1.021015E+1, 1.391551E+0, 1.390670E+0, 1.394366E+0, 1.395186E+0
11/16/2017,  17:27:43.327514, 1.391070E+0, 9.035375E-1, 1.388327E+0, -1.021779E+1, 1.389001E+0, 1.390670E+0, 1.391823E+0, 1.382467E+0
11/16/2017,  17:27:43.328514, 1.398696E+0, 8.959060E-1, 1.378147E+0, -1.021779E+1, 1.394101E+0, 1.395758E+0, 1.389280E+0, 1.392642E+0
11/16/2017,  17:27:43.329514, 1.378360E+0, 9.035375E-1, 1.395963E+0, -1.020761E+1, 1.389001E+0, 1.398302E+0, 1.401994E+0, 1.392642E+0
11/16/2017,  17:27:43.330514, 1.396154E+0, 9.035375E-1, 1.390873E+0, -1.021015E+1, 1.386451E+0, 1.390670E+0, 1.386737E+0, 1.379923E+0
11/16/2017,  17:27:43.331514, 1.388528E+0, 8.959060E-1, 1.390873E+0, -1.020761E+1, 1.389001E+0, 1.388126E+0, 1.389280E+0, 1.392642E+0
11/16/2017,  17:27:43.332514, 1.385986E+0, 9.035375E-1, 1.385782E+0, -1.021779E+1, 1.389001E+0, 1.395758E+0, 1.391823E+0, 1.382467E+0
11/16/2017,  17:27:43.333514, 1.393612E+0, 9.009936E-1, 1.393418E+0, -1.019743E+1, 1.389001E+0, 1.393214E+0, 1.396909E+0, 1.392642E+0
11/16/2017,  17:27:43.334514, 1.380902E+0, 9.035375E-1, 1.390873E+0, -1.021779E+1, 1.383901E+0, 1.400846E+0, 1.399452E+0, 1.387555E+0
11/16/2017,  17:27:43.335514, 1.393612E+0, 9.035375E-1, 1.383237E+0, -1.020761E+1, 1.396651E+0, 1.395758E+0, 1.384194E+0, 1.379923E+0
11/16/2017,  17:27:43.336514, 1.378360E+0, 8.933621E-1, 1.393418E+0, -1.021779E+1, 1.378801E+0, 1.390670E+0, 1.396909E+0, 1.400274E+0
11/16/2017,  17:27:43.337514, 1.391070E+0, 9.035375E-1, 1.390873E+0, -1.021015E+1, 1.389001E+0, 1.390670E+0, 1.389280E+0, 1.379923E+0
11/16/2017,  17:27:43.338514, 1.383444E+0, 8.882744E-1, 1.385782E+0, -1.021525E+1, 1.389001E+0, 1.388126E+0, 1.389280E+0, 1.387555E+0
, , , , , , , , 
11/16/2017,  17:27:43.339514, 1.383444E+0, 9.009936E-1, 1.393418E+0, -1.021779E+1, 1.386451E+0, 1.395758E+0, 1.394366E+0, 1.385011E+0
11/16/2017,  17:27:43.340514, 1.388528E+0, 9.009936E-1, 1.388327E+0, -1.021525E+1, 1.389001E+0, 1.393214E+0, 1.391823E+0, 1.387555E+0
11/16/2017,  17:27:43.341514, 1.393612E+0, 9.086252E-1, 1.390873E+0, -1.020761E+1, 1.386451E+0, 1.395758E+0, 1.401994E+0, 1.390098E+0
11/16/2017,  17:27:43.342514, 1.388528E+0, 8.933621E-1, 1.378147E+0, -1.021779E+1, 1.391551E+0, 1.393214E+0, 1.384194E+0, 1.390098E+0
11/16/2017,  17:27:43.343514, 1.375818E+0, 8.959060E-1, 1.388327E+0, -1.021779E+1, 1.381351E+0, 1.393214E+0, 1.394366E+0, 1.392642E+0
11/16/2017,  17:27:43.344514, 1.396154E+0, 9.009936E-1, 1.383237E+0, -1.021525E+1, 1.396651E+0, 1.395758E+0, 1.389280E+0, 1.387555E+0
11/16/2017,  17:27:43.345514, 1.385986E+0, 9.035375E-1, 1.395963E+0, -1.020761E+1, 1.389001E+0, 1.395758E+0, 1.389280E+0, 1.395186E+0
11/16/2017,  17:27:43.346514, 1.391070E+0, 9.060813E-1, 1.388327E+0, -1.021779E+1, 1.386451E+0, 1.398302E+0, 1.391823E+0, 1.379923E+0
11/16/2017,  17:27:43.347514, 1.393612E+0, 8.984498E-1, 1.395963E+0, -1.019743E+1, 1.396651E+0, 1.403390E+0, 1.396909E+0, 1.392642E+0
11/16/2017,  17:27:43.348514, 1.385986E+0, 9.086252E-1, 1.395963E+0, -1.021525E+1, 1.383901E+0, 1.395758E+0, 1.396909E+0, 1.387555E+0
11/16/2017,  17:27:43.349514, 1.391070E+0, 8.959060E-1, 1.378147E+0, -1.021779E+1, 1.389001E+0, 1.390670E+0, 1.384194E+0, 1.385011E+0
11/16/2017,  17:27:43.350514, 1.385986E+0, 8.959060E-1, 1.390873E+0, -1.021015E+1, 1.389001E+0, 1.388126E+0, 1.391823E+0, 1.392642E+0
11/16/2017,  17:27:43.351514, 1.391070E+0, 9.111690E-1, 1.390873E+0, -1.021779E+1, 1.386451E+0, 1.403390E+0, 1.401994E+0, 1.385011E+0
11/16/2017,  17:27:43.352514, 1.391070E+0, 9.035375E-1, 1.388327E+0, -1.021270E+1, 1.389001E+0, 1.393214E+0, 1.391823E+0, 1.385011E+0
11/16/2017,  17:27:43.353514, 1.383444E+0, 9.060813E-1, 1.393418E+0, -1.021270E+1, 1.381351E+0, 1.395758E+0, 1.396909E+0, 1.385011E+0
11/16/2017,  17:27:43.354514, 1.393612E+0, 9.009936E-1, 1.380692E+0, -1.021525E+1, 1.391551E+0, 1.393214E+0, 1.381651E+0, 1.379923E+0
11/16/2017,  17:27:43.355514, 1.393612E+0, 9.060813E-1, 1.393418E+0, -1.019743E+1, 1.394101E+0, 1.393214E+0, 1.396909E+0, 1.402818E+0
11/16/2017,  17:27:43.356514, 1.383444E+0, 9.035375E-1, 1.383237E+0, -1.021779E+1, 1.383901E+0, 1.398302E+0, 1.394366E+0, 1.385011E+0
11/16/2017,  17:27:43.357514, 1.393612E+0, 9.035375E-1, 1.380692E+0, -1.021779E+1, 1.394101E+0, 1.390670E+0, 1.381651E+0, 1.377379E+0
11/16/2017,  17:27:43.358514, 1.388528E+0, 8.959060E-1, 1.383237E+0, -1.021779E+1, 1.386451E+0, 1.393214E+0, 1.391823E+0, 1.392642E+0
11/16/2017,  17:27:43.359514, 1.385986E+0, 9.035375E-1, 1.383237E+0, -1.021779E+1, 1.378801E+0, 1.395758E+0, 1.389280E+0, 1.379923E+0
11/16/2017,  17:27:43.360514, 1.388528E+0, 8.959060E-1, 1.375601E+0, -1.021779E+1, 1.391551E+0, 1.388126E+0, 1.381651E+0, 1.387555E+0
11/16/2017,  17:27:43.361514, 1.383444E+0, 8.959060E-1, 1.393418E+0, -1.021015E+1, 1.394101E+0, 1.400846E+0, 1.394366E+0, 1.390098E+0
11/16/2017,  17:27:43.362514, 1.391070E+0, 9.035375E-1, 1.378147E+0, -1.021779E+1, 1.391551E+0, 1.398302E+0, 1.381651E+0, 1.382467E+0
11/16/2017,  17:27:43.363514, 1.383444E+0, 8.908183E-1, 1.380692E+0, -1.021525E+1, 1.386451E+0, 1.380494E+0, 1.386737E+0, 1.390098E+0
11/16/2017,  17:27:43.364514, 1.388528E+0, 9.009936E-1, 1.385782E+0, -1.021779E+1, 1.389001E+0, 1.393214E+0, 1.391823E+0, 1.385011E+0
11/16/2017,  17:27:43.365514, 1.398696E+0, 9.086252E-1, 1.385782E+0, -1.020761E+1, 1.399201E+0, 1.395758E+0, 1.389280E+0, 1.392642E+0
11/16/2017,  17:27:43.366514, 1.378360E+0, 8.933621E-1, 1.390873E+0, -1.021525E+1, 1.381351E+0, 1.388126E+0, 1.391823E+0, 1.392642E+0
11/16/2017,  17:27:43.367514, 1.388528E+0, 9.111690E-1, 1.383237E+0, -1.021779E+1, 1.381351E+0, 1.393214E+0, 1.389280E+0, 1.385011E+0
11/16/2017,  17:27:43.368514, 1.393612E+0, 9.009936E-1, 1.380692E+0, -1.021525E+1, 1.394101E+0, 1.393214E+0, 1.386737E+0, 1.387555E+0
11/16/2017,  17:27:43.369514, 1.383444E+0, 8.959060E-1, 1.393418E+0, -1.021270E+1, 1.383901E+0, 1.390670E+0, 1.396909E+0, 1.395186E+0
11/16/2017,  17:27:43.370514, 1.391070E+0, 9.009936E-1, 1.390873E+0, -1.021525E+1, 1.391551E+0, 1.403390E+0, 1.394366E+0, 1.387555E+0
11/16/2017,  17:27:43.371514, 1.391070E+0, 8.984498E-1, 1.383237E+0, -1.021779E+1, 1.383901E+0, 1.393214E+0, 1.391823E+0, 1.387555E+0
, , , , , , , , 
11/16/2017,  17:27:43.372514, 1.378360E+0, 9.035375E-1, 1.393418E+0, -1.021779E+1, 1.381351E+0, 1.393214E+0, 1.396909E+0, 1.387555E+0
11/16/2017,  17:27:43.373514, 1.398696E+0, 9.060813E-1, 1.385782E+0, -1.021270E+1, 1.399201E+0, 1.405934E+0, 1.389280E+0, 1.387555E+0
11/16/2017,  17:27:43.374514, 1.393612E+0, 9.035375E-1, 1.393418E+0, -1.019997E+1, 1.391551E+0, 1.388126E+0, 1.394366E+0, 1.392642E+0
11/16/2017,  17:27:43.375514, 1.388528E+0, 9.137128E-1, 1.390873E+0, -1.021525E+1, 1.389001E+0, 1.403390E+0, 1.391823E+0, 1.392642E+0
11/16/2017,  17:27:43.376514, 1.396154E+0, 9.060813E-1, 1.383237E+0, -1.021015E+1, 1.396651E+0, 1.393214E+0, 1.389280E+0, 1.392642E+0
11/16/2017,  17:27:43.377514, 1.380902E+0, 8.933621E-1, 1.390873E+0, -1.021779E+1, 1.381351E+0, 1.385582E+0, 1.394366E+0, 1.387555E+0
11/16/2017,  17:27:43.378514, 1.391070E+0, 9.086252E-1, 1.385782E+0, -1.021779E+1, 1.389001E+0, 1.400846E+0, 1.391823E+0, 1.382467E+0
11/16/2017,  17:27:43.379514, 1.380902E+0, 8.984498E-1, 1.385782E+0, -1.021015E+1, 1.386451E+0, 1.393214E+0, 1.391823E+0, 1.390098E+0
11/16/2017,  17:27:43.380514, 1.396154E+0, 9.060813E-1, 1.401053E+0, -1.020252E+1, 1.386451E+0, 1.398302E+0, 1.401994E+0, 1.392642E+0
11/16/2017,  17:27:43.381514, 1.393612E+0, 9.086252E-1, 1.375601E+0, -1.021779E+1, 1.394101E+0, 1.400846E+0, 1.384194E+0, 1.382467E+0
11/16/2017,  17:27:43.382514, 1.385986E+0, 9.035375E-1, 1.385782E+0, -1.021015E+1, 1.389001E+0, 1.385582E+0, 1.394366E+0, 1.395186E+0
11/16/2017,  17:27:43.383514, 1.391070E+0, 9.111690E-1, 1.385782E+0, -1.021779E+1, 1.386451E+0, 1.398302E+0, 1.389280E+0, 1.382467E+0
11/16/2017,  17:27:43.384514, 1.393612E+0, 8.933621E-1, 1.383237E+0, -1.021779E+1, 1.391551E+0, 1.385582E+0, 1.391823E+0, 1.390098E+0
11/16/2017,  17:27:43.385514, 1.388528E+0, 9.137128E-1, 1.395963E+0, -1.020761E+1, 1.383901E+0, 1.405934E+0, 1.404537E+0, 1.392642E+0
11/16/2017,  17:27:43.386514, 1.393612E+0, 9.009936E-1, 1.380692E+0, -1.021525E+1, 1.391551E+0, 1.393214E+0, 1.384194E+0, 1.390098E+0
11/16/2017,  17:27:43.387514, 1.383444E+0, 9.060813E-1, 1.398508E+0, -1.019743E+1, 1.383901E+0, 1.390670E+0, 1.399452E+0, 1.392642E+0
11/16/2017,  17:27:43.388514, 1.388528E+0, 9.086252E-1, 1.385782E+0, -1.021779E+1, 1.391551E+0, 1.408478E+0, 1.396909E+0, 1.385011E+0
11/16/2017,  17:27:43.389514, 1.385986E+0, 9.009936E-1, 1.390873E+0, -1.019997E+1, 1.391551E+0, 1.393214E+0, 1.396909E+0, 1.392642E+0
11/16/2017,  17:27:43.390514, 1.380902E+0, 9.035375E-1, 1.390873E+0, -1.021779E+1, 1.381351E+0, 1.395758E+0, 1.399452E+0, 1.390098E+0
11/16/2017,  17:27:43.391514, 1.401238E+0, 9.060813E-1, 1.383237E+0, -1.021779E+1, 1.399201E+0, 1.395758E+0, 1.384194E+0, 1.379923E+0
11/16/2017,  17:27:43.392514, 1.383444E+0, 9.035375E-1, 1.388327E+0, -1.021779E+1, 1.389001E+0, 1.393214E+0, 1.391823E+0, 1.395186E+0
11/16/2017,  17:27:43.393514, 1.393612E+0, 9.137128E-1, 1.390873E+0, -1.021015E+1, 1.394101E+0, 1.400846E+0, 1.394366E+0, 1.392642E+0
11/16/2017,  17:27:43.394514, 1.385986E+0, 8.959060E-1, 1.383237E+0, -1.021270E+1, 1.389001E+0, 1.388126E+0, 1.394366E+0, 1.395186E+0
11/16/2017,  17:27:43.395514, 1.388528E+0, 9.009936E-1, 1.385782E+0, -1.021525E+1, 1.389001E+0, 1.395758E+0, 1.391823E+0, 1.392642E+0
11/16/2017,  17:27:43.396514, 1.396154E+0, 8.984498E-1, 1.380692E+0, -1.020252E+1, 1.399201E+0, 1.398302E+0, 1.391823E+0, 1.392642E+0
11/16/2017,  17:27:43.397514, 1.385986E+0, 9.086252E-1, 1.395963E+0, -1.020506E+1, 1.386451E+0, 1.400846E+0, 1.404537E+0, 1.395186E+0
11/16/2017,  17:27:43.398514, 1.391070E+0, 9.009936E-1, 1.378147E+0, -1.021779E+1, 1.391551E+0, 1.403390E+0, 1.389280E+0, 1.387555E+0
11/16/2017,  17:27:43.399514, 1.391070E+0, 9.060813E-1, 1.385782E+0, -1.021270E+1, 1.386451E+0, 1.383038E+0, 1.386737E+0, 1.395186E+0
11/16/2017,  17:27:43.400514, 1.393612E+0, 9.060813E-1, 1.390873E+0, -1.021270E+1, 1.381351E+0, 1.403390E+0, 1.389280E+0, 1.374835E+0
11/16/2017,  17:27:43.401514, 1.388528E+0, 9.009936E-1, 1.393418E+0, -1.021270E+1, 1.391551E+0, 1.388126E+0, 1.389280E+0, 1.387555E+0
11/16/2017,  17:27:43.402514, 1.380902E+0, 9.009936E-1, 1.383237E+0, -1.021270E+1, 1.391551E+0, 1.403390E+0, 1.394366E+0, 1.387555E+0
11/16/2017,  17:27:43.403514, 1.388528E+0, 8.959060E-1, 1.385782E+0, -1.019997E+1, 1.391551E+0, 1.393214E+0, 1.386737E+0, 1.385011E+0
11/16/2017,  17:27:43.404514, 1.393612E+0, 9.060813E-1, 1.390873E+0, -1.021779E+1, 1.386451E+0, 1.393214E+0, 1.391823E+0, 1.392642E+0
, , , , , , , , 
11/16/2017,  17:27:43.405514, 1.388528E+0, 8.908183E-1, 1.375601E+0, -1.021270E+1, 1.396651E+0, 1.398302E+0, 1.391823E+0, 1.392642E+0
11/16/2017,  17:27:43.406514, 1.385986E+0, 9.035375E-1, 1.390873E+0, -1.021525E+1, 1.381351E+0, 1.390670E+0, 1.394366E+0, 1.385011E+0
11/16/2017,  17:27:43.407514, 1.393612E+0, 8.959060E-1, 1.380692E+0, -1.021779E+1, 1.391551E+0, 1.400846E+0, 1.381651E+0, 1.382467E+0
11/16/2017,  17:27:43.408514, 1.388528E+0, 9.009936E-1, 1.385782E+0, -1.021270E+1, 1.386451E+0, 1.393214E+0, 1.389280E+0, 1.392642E+0
11/16/2017,  17:27:43.409514, 1.393612E+0, 9.060813E-1, 1.378147E+0, -1.021779E+1, 1.391551E+0, 1.403390E+0, 1.391823E+0, 1.385011E+0
11/16/2017,  17:27:43.410514, 1.388528E+0, 9.009936E-1, 1.385782E+0, -1.020506E+1, 1.389001E+0, 1.390670E+0, 1.391823E+0, 1.392642E+0
11/16/2017,  17:27:43.411514, 1.388528E+0, 9.060813E-1, 1.385782E+0, -1.021779E+1, 1.383901E+0, 1.395758E+0, 1.386737E+0, 1.385011E+0
11/16/2017,  17:27:43.412514, 1.393612E+0, 9.009936E-1, 1.383237E+0, -1.020252E+1, 1.391551E+0, 1.390670E+0, 1.391823E+0, 1.395186E+0
11/16/2017,  17:27:43.413514, 1.391070E+0, 9.035375E-1, 1.388327E+0, -1.021270E+1, 1.389001E+0, 1.395758E+0, 1.394366E+0, 1.390098E+0
11/16/2017,  17:27:43.414514, 1.391070E+0, 9.060813E-1, 1.390873E+0, -1.020506E+1, 1.391551E+0, 1.395758E+0, 1.389280E+0, 1.390098E+0
11/16/2017,  17:27:43.415514, 1.388528E+0, 9.060813E-1, 1.395963E+0, -1.020252E+1, 1.383901E+0, 1.395758E+0, 1.399452E+0, 1.385011E+0
11/16/2017,  17:27:43.416514, 1.403780E+0, 9.060813E-1, 1.388327E+0, -1.021015E+1, 1.396651E+0, 1.393214E+0, 1.384194E+0, 1.385011E+0
11/16/2017,  17:27:43.417514, 1.383444E+0, 8.959060E-1, 1.390873E+0, -1.021525E+1, 1.381351E+0, 1.385582E+0, 1.399452E+0, 1.395186E+0
11/16/2017,  17:27:43.418514, 1.388528E+0, 8.984498E-1, 1.380692E+0, -1.021779E+1, 1.386451E+0, 1.390670E+0, 1.389280E+0, 1.382467E+0
11/16/2017,  17:27:43.419514, 1.393612E+0, 9.009936E-1, 1.390873E+0, -1.020252E+1, 1.389001E+0, 1.393214E+0, 1.396909E+0, 1.395186E+0
11/16/2017,  17:27:43.420514, 1.385986E+0, 9.035375E-1, 1.385782E+0, -1.021779E+1, 1.383901E+0, 1.393214E+0, 1.386737E+0, 1.385011E+0
11/16/2017,  17:27:43.421514, 1.393612E+0, 9.009936E-1, 1.390873E+0, -1.020761E+1, 1.389001E+0, 1.390670E+0, 1.384194E+0, 1.392642E+0
11/16/2017,  17:27:43.422514, 1.385986E+0, 9.060813E-1, 1.385782E+0, -1.021270E+1, 1.389001E+0, 1.395758E+0, 1.399452E+0, 1.390098E+0
11/16/2017,  17:27:43.423514, 1.398696E+0, 9.035375E-1, 1.385782E+0, -1.020761E+1, 1.396651E+0, 1.395758E+0, 1.386737E+0, 1.385011E+0
11/16/2017,  17:27:43.424514, 1.385986E+0, 9.060813E-1, 1.390873E+0, -1.021015E+1, 1.391551E+0, 1.395758E+0, 1.394366E+0, 1.390098E+0
11/16/2017,  17:27:43.425514, 1.393612E+0, 9.035375E-1, 1.378147E+0, -1.021779E+1, 1.394101E+0, 1.395758E+0, 1.381651E+0, 1.385011E+0
11/16/2017,  17:27:43.426514, 1.391070E+0, 8.908183E-1, 1.388327E+0, -1.021525E+1, 1.389001E+0, 1.388126E+0, 1.391823E+0, 1.392642E+0
11/16/2017,  17:27:43.427514, 1.385986E+0, 8.984498E-1, 1.380692E+0, -1.021779E+1, 1.383901E+0, 1.393214E+0, 1.389280E+0, 1.385011E+0
11/16/2017,  17:27:43.428514, 1.393612E+0, 8.933621E-1, 1.378147E+0, -1.021015E+1, 1.391551E+0, 1.383038E+0, 1.381651E+0, 1.385011E+0
11/16/2017,  17:27:43.429514, 1.380902E+0, 9.035375E-1, 1.390873E+0, -1.021779E+1, 1.383901E+0, 1.398302E+0, 1.401994E+0, 1.395186E+0
11/16/2017,  17:27:43.430514, 1.398696E+0, 9.035375E-1, 1.383237E+0, -1.021015E+1, 1.396651E+0, 1.393214E+0, 1.384194E+0, 1.387555E+0
11/16/2017,  17:27:43.431514, 1.378360E+0, 8.959060E-1, 1.390873E+0, -1.021015E+1, 1.381351E+0, 1.388126E+0, 1.394366E+0, 1.397730E+0
11/16/2017,  17:27:43.432514, 1.388528E+0, 8.984498E-1, 1.388327E+0, -1.021270E+1, 1.394101E+0, 1.398302E+0, 1.394366E+0, 1.385011E+0
11/16/2017,  17:27:43.433514, 1.378360E+0, 8.908183E-1, 1.395963E+0, -1.021015E+1, 1.383901E+0, 1.388126E+0, 1.389280E+0, 1.392642E+0
11/16/2017,  17:27:43.434514, 1.388528E+0, 9.060813E-1, 1.385782E+0, -1.021779E+1, 1.391551E+0, 1.403390E+0, 1.394366E+0, 1.392642E+0
11/16/2017,  17:27:43.435514, 1.385986E+0, 8.908183E-1, 1.385782E+0, -1.021270E+1, 1.396651E+0, 1.390670E+0, 1.389280E+0, 1.400274E+0
11/16/2017,  17:27:43.436514, 1.388528E+0, 9.035375E-1, 1.390873E+0, -1.021015E+1, 1.383901E+0, 1.403390E+0, 1.394366E+0, 1.385011E+0
11/16/2017,  17:27:43.437514, 1.383444E+0, 9.009936E-1, 1.388327E+0, -1.020252E+1, 1.391551E+0, 1.398302E+0, 1.384194E+0, 1.379923E+0
, , , , , , , , 
11/16/2017,  17:27:43.438514, 1.378360E+0, 8.959060E-1, 1.388327E+0, -1.021779E+1, 1.378801E+0, 1.388126E+0, 1.384194E+0, 1.379923E+0
11/16/2017,  17:27:43.439514, 1.391070E+0, 9.035375E-1, 1.378147E+0, -1.021779E+1, 1.394101E+0, 1.395758E+0, 1.384194E+0, 1.382467E+0
11/16/2017,  17:27:43.440514, 1.391070E+0, 8.984498E-1, 1.390873E+0, -1.020506E+1, 1.391551E+0, 1.390670E+0, 1.384194E+0, 1.392642E+0
11/16/2017,  17:27:43.441514, 1.388528E+0, 9.009936E-1, 1.388327E+0, -1.021525E+1, 1.389001E+0, 1.400846E+0, 1.394366E+0, 1.387555E+0
11/16/2017,  17:27:43.442514, 1.398696E+0, 9.009936E-1, 1.385782E+0, -1.020252E+1, 1.399201E+0, 1.390670E+0, 1.396909E+0, 1.390098E+0
11/16/2017,  17:27:43.443514, 1.388528E+0, 9.111690E-1, 1.395963E+0, -1.021525E+1, 1.386451E+0, 1.398302E+0, 1.399452E+0, 1.392642E+0
11/16/2017,  17:27:43.444514, 1.385986E+0, 9.035375E-1, 1.383237E+0, -1.021015E+1, 1.399201E+0, 1.398302E+0, 1.389280E+0, 1.395186E+0
11/16/2017,  17:27:43.445514, 1.383444E+0, 9.035375E-1, 1.393418E+0, -1.021779E+1, 1.381351E+0, 1.393214E+0, 1.394366E+0, 1.385011E+0
11/16/2017,  17:27:43.446514, 1.396154E+0, 9.035375E-1, 1.383237E+0, -1.021525E+1, 1.396651E+0, 1.403390E+0, 1.389280E+0, 1.387555E+0
11/16/2017,  17:27:43.447514, 1.383444E+0, 8.984498E-1, 1.383237E+0, -1.021779E+1, 1.386451E+0, 1.393214E+0, 1.386737E+0, 1.387555E+0
11/16/2017,  17:27:43.448514, 1.391070E+0, 9.035375E-1, 1.390873E+0, -1.021270E+1, 1.394101E+0, 1.405934E+0, 1.394366E+0, 1.387555E+0
11/16/2017,  17:27:43.449514, 1.393612E+0, 9.035375E-1, 1.393418E+0, -1.019997E+1, 1.391551E+0, 1.388126E+0, 1.391823E+0, 1.392642E+0
11/16/2017,  17:27:43.450514, 1.385986E+0, 9.035375E-1, 1.388327E+0, -1.021270E+1, 1.394101E+0, 1.403390E+0, 1.396909E+0, 1.395186E+0
11/16/2017,  17:27:43.451514, 1.393612E+0, 8.908183E-1, 1.375601E+0, -1.021015E+1, 1.391551E+0, 1.385582E+0, 1.381651E+0, 1.392642E+0
11/16/2017,  17:27:43.452514, 1.393612E+0, 9.060813E-1, 1.390873E+0, -1.020761E+1, 1.394101E+0, 1.400846E+0, 1.399452E+0, 1.395186E+0
11/16/2017,  17:27:43.453514, 1.398696E+0, 8.959060E-1, 1.385782E+0, -1.020252E+1, 1.396651E+0, 1.393214E+0, 1.386737E+0, 1.387555E+0
11/16/2017,  17:27:43.454514, 1.385986E+0, 9.009936E-1, 1.395963E+0, -1.020761E+1, 1.383901E+0, 1.395758E+0, 1.404537E+0, 1.395186E+0
11/16/2017,  17:27:43.455514, 1.393612E+0, 8.984498E-1, 1.383237E+0, -1.020761E+1, 1.394101E+0, 1.395758E+0, 1.394366E+0, 1.392642E+0
11/16/2017,  17:27:43.456514, 1.383444E+0, 8.908183E-1, 1.395963E+0, -1.020761E+1, 1.383901E+0, 1.395758E+0, 1.394366E+0, 1.397730E+0
11/16/2017,  17:27:43.457514, 1.398696E+0, 9.111690E-1, 1.383237E+0, -1.021779E+1, 1.396651E+0, 1.400846E+0, 1.394366E+0, 1.382467E+0
11/16/2017,  17:27:43.458514, 1.388528E+0, 8.933621E-1, 1.390873E+0, -1.020252E+1, 1.391551E+0, 1.388126E+0, 1.394366E+0, 1.395186E+0
11/16/2017,  17:27:43.459514, 1.388528E+0, 8.959060E-1, 1.385782E+0, -1.021779E+1, 1.389001E+0, 1.395758E+0, 1.391823E+0, 1.387555E+0
11/16/2017,  17:27:43.460514, 1.388528E+0, 8.908183E-1, 1.375601E+0, -1.021015E+1, 1.391551E+0, 1.385582E+0, 1.384194E+0, 1.382467E+0
11/16/2017,  17:27:43.461514, 1.391070E+0, 9.086252E-1, 1.395963E+0, -1.021270E+1, 1.383901E+0, 1.400846E+0, 1.396909E+0, 1.382467E+0
11/16/2017,  17:27:43.462514, 1.398696E+0, 9.009936E-1, 1.383237E+0, -1.021525E+1, 1.394101E+0, 1.388126E+0, 1.381651E+0, 1.379923E+0
11/16/2017,  17:27:43.463514, 1.383444E+0, 8.959060E-1, 1.388327E+0, -1.021779E+1, 1.383901E+0, 1.393214E+0, 1.399452E+0, 1.392642E+0
11/16/2017,  17:27:43.464514, 1.398696E+0, 9.086252E-1, 1.383237E+0, -1.021779E+1, 1.396651E+0, 1.393214E+0, 1.384194E+0, 1.379923E+0
11/16/2017,  17:27:43.465514, 1.385986E+0, 8.933621E-1, 1.385782E+0, -1.021779E+1, 1.381351E+0, 1.388126E+0, 1.394366E+0, 1.392642E+0
11/16/2017,  17:27:43.466514, 1.385986E+0, 8.984498E-1, 1.385782E+0, -1.021779E+1, 1.389001E+0, 1.403390E+0, 1.391823E+0, 1.382467E+0
11/16/2017,  17:27:43.467514, 1.385986E+0, 8.959060E-1, 1.388327E+0, -1.019997E+1, 1.394101E+0, 1.395758E+0, 1.394366E+0, 1.392642E+0
11/16/2017,  17:27:43.468514, 1.385986E+0, 9.035375E-1, 1.390873E+0, -1.021779E+1, 1.389001E+0, 1.398302E+0, 1.391823E+0, 1.382467E+0
11/16/2017,  17:27:43.469514, 1.393612E+0, 8.959060E-1, 1.390873E+0, -1.020506E+1, 1.391551E+0, 1.395758E+0, 1.394366E+0, 1.387555E+0
11/16/2017,  17:27:43.470514, 1.380902E+0, 8.933621E-1, 1.388327E+0, -1.021779E+1, 1.383901E+0, 1.393214E+0, 1.391823E+0, 1.385011E+0
, , , , , , , , 
11/16/2017,  17:27:43.471514, 1.391070E+0, 8.984498E-1, 1.378147E+0, -1.021779E+1, 1.394101E+0, 1.393214E+0, 1.391823E+0, 1.392642E+0
11/16/2017,  17:27:43.472514, 1.380902E+0, 8.959060E-1, 1.393418E+0, -1.021015E+1, 1.391551E+0, 1.388126E+0, 1.394366E+0, 1.397730E+0
11/16/2017,  17:27:43.473514, 1.391070E+0, 9.060813E-1, 1.390873E+0, -1.021779E+1, 1.389001E+0, 1.398302E+0, 1.391823E+0, 1.382467E+0
11/16/2017,  17:27:43.474514, 1.383444E+0, 8.959060E-1, 1.385782E+0, -1.020761E+1, 1.391551E+0, 1.395758E+0, 1.391823E+0, 1.387555E+0
11/16/2017,  17:27:43.475514, 1.380902E+0, 8.984498E-1, 1.393418E+0, -1.020761E+1, 1.386451E+0, 1.395758E+0, 1.401994E+0, 1.392642E+0
11/16/2017,  17:27:43.476514, 1.396154E+0, 9.060813E-1, 1.375601E+0, -1.021779E+1, 1.391551E+0, 1.393214E+0, 1.389280E+0, 1.390098E+0
11/16/2017,  17:27:43.477514, 1.388528E+0, 8.959060E-1, 1.395963E+0, -1.019997E+1, 1.381351E+0, 1.388126E+0, 1.394366E+0, 1.392642E+0
11/16/2017,  17:27:43.478514, 1.401238E+0, 9.111690E-1, 1.390873E+0, -1.021270E+1, 1.391551E+0, 1.403390E+0, 1.391823E+0, 1.382467E+0
11/16/2017,  17:27:43.479514, 1.393612E+0, 8.984498E-1, 1.393418E+0, -1.019743E+1, 1.391551E+0, 1.390670E+0, 1.394366E+0, 1.390098E+0
11/16/2017,  17:27:43.480514, 1.383444E+0, 8.933621E-1, 1.385782E+0, -1.021779E+1, 1.391551E+0, 1.400846E+0, 1.401994E+0, 1.390098E+0
11/16/2017,  17:27:43.481514, 1.393612E+0, 9.009936E-1, 1.390873E+0, -1.021015E+1, 1.389001E+0, 1.393214E+0, 1.389280E+0, 1.385011E+0
11/16/2017,  17:27:43.482514, 1.398696E+0, 9.035375E-1, 1.390873E+0, -1.021525E+1, 1.378801E+0, 1.393214E+0, 1.394366E+0, 1.385011E+0
11/16/2017,  17:27:43.483514, 1.401238E+0, 9.060813E-1, 1.383237E+0, -1.021525E+1, 1.391551E+0, 1.390670E+0, 1.381651E+0, 1.392642E+0
11/16/2017,  17:27:43.484514, 1.385986E+0, 9.035375E-1, 1.395963E+0, -1.021525E+1, 1.381351E+0, 1.395758E+0, 1.394366E+0, 1.385011E+0
11/16/2017,  17:27:43.485514, 1.388528E+0, 8.984498E-1, 1.380692E+0, -1.021779E+1, 1.396651E+0, 1.398302E+0, 1.389280E+0, 1.392642E+0
11/16/2017,  17:27:43.486514, 1.380902E+0, 8.882744E-1, 1.395963E+0, -1.020761E+1, 1.396651E+0, 1.398302E+0, 1.394366E+0, 1.390098E+0
11/16/2017,  17:27:43.487514, 1.385986E+0, 9.060813E-1, 1.393418E+0, -1.021015E+1, 1.394101E+0, 1.403390E+0, 1.391823E+0, 1.379923E+0
11/16/2017,  17:27:43.488514, 1.393612E+0, 8.959060E-1, 1.385782E+0, -1.021779E+1, 1.386451E+0, 1.390670E+0, 1.394366E+0, 1.397730E+0
11/16/2017,  17:27:43.489514, 1.385986E+0, 9.086252E-1, 1.395963E+0, -1.021525E+1, 1.383901E+0, 1.400846E+0, 1.394366E+0, 1.379923E+0
11/16/2017,  17:27:43.490514, 1.396154E+0, 8.933621E-1, 1.375601E+0, -1.021015E+1, 1.399201E+0, 1.393214E+0, 1.386737E+0, 1.385011E+0
11/16/2017,  17:27:43.491514, 1.378360E+0, 9.035375E-1, 1.395963E+0, -1.021015E+1, 1.381351E+0, 1.393214E+0, 1.394366E+0, 1.387555E+0
11/16/2017,  17:27:43.492514, 1.393612E+0, 8.984498E-1, 1.385782E+0, -1.021270E+1, 1.391551E+0, 1.393214E+0, 1.381651E+0, 1.379923E+0
11/16/2017,  17:27:43.493514, 1.393612E+0, 9.009936E-1, 1.390873E+0, -1.021015E+1, 1.378801E+0, 1.383038E+0, 1.391823E+0, 1.397730E+0
11/16/2017,  17:27:43.494514, 1.391070E+0, 9.060813E-1, 1.393418E+0, -1.021779E+1, 1.391551E+0, 1.398302E+0, 1.391823E+0, 1.374835E+0
11/16/2017,  17:27:43.495514, 1.393612E+0, 8.959060E-1, 1.385782E+0, -1.019997E+1, 1.389001E+0, 1.388126E+0, 1.391823E+0, 1.395186E+0
11/16/2017,  17:27:43.496514, 1.388528E+0, 8.984498E-1, 1.380692E+0, -1.021779E+1, 1.389001E+0, 1.395758E+0, 1.396909E+0, 1.395186E+0
11/16/2017,  17:27:43.497514, 1.401238E+0, 8.933621E-1, 1.378147E+0, -1.021779E+1, 1.391551E+0, 1.388126E+0, 1.394366E+0, 1.392642E+0
11/16/2017,  17:27:43.498514, 1.378360E+0, 8.984498E-1, 1.393418E+0, -1.020761E+1, 1.386451E+0, 1.398302E+0, 1.396909E+0, 1.387555E+0
11/16/2017,  17:27:43.499514, 1.398696E+0, 9.009936E-1, 1.385782E+0, -1.020252E+1, 1.396651E+0, 1.393214E+0, 1.381651E+0, 1.387555E+0
11/16/2017,  17:27:43.500514, 1.383444E+0, 9.009936E-1, 1.401053E+0, -1.021015E+1, 1.381351E+0, 1.393214E+0, 1.394366E+0, 1.392642E+0
11/16/2017,  17:27:43.501514, 1.385986E+0, 8.959060E-1, 1.378147E+0, -1.021015E+1, 1.391551E+0, 1.395758E+0, 1.394366E+0, 1.385011E+0
11/16/2017,  17:27:43.502514, 1.383444E+0, 8.959060E-1, 1.395963E+0, -1.019743E+1, 1.394101E+0, 1.393214E+0, 1.394366E+0, 1.395186E+0
11/16/2017,  17:27:43.503514, 1.391070E+0, 9.035375E-1, 1.390873E+0, -1.021525E+1, 1.389001E+0, 1.405934E+0, 1.396909E+0, 1.392642E+0
, , , , , , , , 
11/16/2017,  17:27:43.504514, 1.385986E+0, 8.908183E-1, 1.378147E+0, -1.021015E+1, 1.394101E+0, 1.393214E+0, 1.386737E+0, 1.395186E+0
11/16/2017,  17:27:43.505514, 1.380902E+0, 8.959060E-1, 1.388327E+0, -1.021779E+1, 1.383901E+0, 1.395758E+0, 1.404537E+0, 1.395186E+0
11/16/2017,  17:27:43.506514, 1.391070E+0, 8.959060E-1, 1.378147E+0, -1.020761E+1, 1.399201E+0, 1.395758E+0, 1.386737E+0, 1.385011E+0
11/16/2017,  17:27:43.507514, 1.380902E+0, 8.908183E-1, 1.395963E+0, -1.020761E+1, 1.383901E+0, 1.388126E+0, 1.396909E+0, 1.387555E+0
11/16/2017,  17:27:43.508514, 1.393612E+0, 8.959060E-1, 1.383237E+0, -1.021779E+1, 1.386451E+0, 1.398302E+0, 1.394366E+0, 1.385011E+0
11/16/2017,  17:27:43.509514, 1.388528E+0, 8.908183E-1, 1.380692E+0, -1.020761E+1, 1.389001E+0, 1.388126E+0, 1.394366E+0, 1.395186E+0
11/16/2017,  17:27:43.510514, 1.383444E+0, 9.009936E-1, 1.385782E+0, -1.021525E+1, 1.391551E+0, 1.395758E+0, 1.394366E+0, 1.395186E+0
11/16/2017,  17:27:43.511514, 1.403780E+0, 8.984498E-1, 1.383237E+0, -1.020761E+1, 1.396651E+0, 1.388126E+0, 1.384194E+0, 1.385011E+0
11/16/2017,  17:27:43.512514, 1.385986E+0, 9.009936E-1, 1.393418E+0, -1.021015E+1, 1.386451E+0, 1.393214E+0, 1.401994E+0, 1.395186E+0
11/16/2017,  17:27:43.513514, 1.388528E+0, 8.908183E-1, 1.375601E+0, -1.021270E+1, 1.389001E+0, 1.398302E+0, 1.394366E+0, 1.395186E+0
11/16/2017,  17:27:43.514514, 1.385986E+0, 9.035375E-1, 1.388327E+0, -1.021779E+1, 1.386451E+0, 1.380494E+0, 1.389280E+0, 1.395186E+0
11/16/2017,  17:27:43.515514, 1.391070E+0, 9.111690E-1, 1.390873E+0, -1.021779E+1, 1.389001E+0, 1.385582E+0, 1.389280E+0, 1.387555E+0
11/16/2017,  17:27:43.516514, 1.391070E+0, 9.035375E-1, 1.390873E+0, -1.021525E+1, 1.396651E+0, 1.390670E+0, 1.384194E+0, 1.392642E+0
11/16/2017,  17:27:43.517514, 1.385986E+0, 8.984498E-1, 1.385782E+0, -1.021779E+1, 1.381351E+0, 1.398302E+0, 1.404537E+0, 1.392642E+0
11/16/2017,  17:27:43.518514, 1.393612E+0, 9.035375E-1, 1.385782E+0, -1.021525E+1, 1.399201E+0, 1.403390E+0, 1.384194E+0, 1.382467E+0
11/16/2017,  17:27:43.519514, 1.393612E+0, 8.959060E-1, 1.388327E+0, -1.020761E+1, 1.383901E+0, 1.388126E+0, 1.389280E+0, 1.385011E+0
11/16/2017,  17:27:43.520514, 1.385986E+0, 9.035375E-1, 1.388327E+0, -1.021270E+1, 1.383901E+0, 1.400846E+0, 1.404537E+0, 1.392642E+0
11/16/2017,  17:27:43.521514, 1.383444E+0, 8.933621E-1, 1.380692E+0, -1.021779E+1, 1.394101E+0, 1.393214E+0, 1.384194E+0, 1.395186E+0
11/16/2017,  17:27:43.522514, 1.385986E+0, 9.009936E-1, 1.390873E+0, -1.021779E+1, 1.378801E+0, 1.395758E+0, 1.399452E+0, 1.392642E+0
11/16/2017,  17:27:43.523514, 1.391070E+0, 8.984498E-1, 1.378147E+0, -1.021779E+1, 1.401751E+0, 1.408478E+0, 1.394366E+0, 1.379923E+0
11/16/2017,  17:27:43.524514, 1.383444E+0, 8.933621E-1, 1.385782E+0, -1.020506E+1, 1.389001E+0, 1.393214E+0, 1.386737E+0, 1.390098E+0
11/16/2017,  17:27:43.525514, 1.393612E+0, 9.060813E-1, 1.395963E+0, -1.021779E+1, 1.383901E+0, 1.395758E+0, 1.394366E+0, 1.390098E+0
11/16/2017,  17:27:43.526514, 1.388528E+0, 8.984498E-1, 1.378147E+0, -1.021270E+1, 1.399201E+0, 1.395758E+0, 1.391823E+0, 1.392642E+0
11/16/2017,  17:27:43.527514, 1.385986E+0, 9.035375E-1, 1.395963E+0, -1.021525E+1, 1.383901E+0, 1.388126E+0, 1.394366E+0, 1.392642E+0
11/16/2017,  17:27:43.528514, 1.391070E+0, 8.933621E-1, 1.383237E+0, -1.021779E+1, 1.389001E+0, 1.390670E+0, 1.389280E+0, 1.377379E+0
11/16/2017,  17:27:43.529514, 1.388528E+0, 8.959060E-1, 1.390873E+0, -1.020761E+1, 1.389001E+0, 1.390670E+0, 1.394366E+0, 1.392642E+0
11/16/2017,  17:27:43.530514, 1.391070E+0, 9.111690E-1, 1.395963E+0, -1.021779E+1, 1.383901E+0, 1.395758E+0, 1.391823E+0, 1.385011E+0
11/16/2017,  17:27:43.531514, 1.385986E+0, 8.959060E-1, 1.383237E+0, -1.021779E+1, 1.383901E+0, 1.390670E+0, 1.384194E+0, 1.387555E+0
11/16/2017,  17:27:43.532514, 1.380902E+0, 8.959060E-1, 1.388327E+0, -1.021779E+1, 1.383901E+0, 1.395758E+0, 1.399452E+0, 1.397730E+0
11/16/2017,  17:27:43.533514, 1.385986E+0, 8.959060E-1, 1.375601E+0, -1.021779E+1, 1.391551E+0, 1.400846E+0, 1.384194E+0, 1.385011E+0
11/16/2017,  17:27:43.534514, 1.393612E+0, 8.959060E-1, 1.390873E+0, -1.019488E+1, 1.394101E+0, 1.395758E+0, 1.394366E+0, 1.397730E+0
11/16/2017,  17:27:43.535514, 1.393612E+0, 9.086252E-1, 1.388327E+0, -1.020761E+1, 1.389001E+0, 1.398302E+0, 1.394366E+0, 1.390098E+0
11/16/2017,  17:27:43.536514, 1.393612E+0, 8.882744E-1, 1.380692E+0, -1.021779E+1, 1.396651E+0, 1.395758E+0, 1.386737E+0, 1.390098E+0
, , , , , , , , 
11/16/2017,  17:27:43.537514, 1.383444E+0, 8.984498E-1, 1.393418E+0, -1.021779E+1, 1.378801E+0, 1.393214E+0, 1.394366E+0, 1.390098E+0
11/16/2017,  17:27:43.538514, 1.391070E+0, 8.933621E-1, 1.388327E+0, -1.021779E+1, 1.389001E+0, 1.393214E+0, 1.389280E+0, 1.379923E+0
11/16/2017,  17:27:43.539514, 1.391070E+0, 8.933621E-1, 1.388327E+0, -1.020252E+1, 1.391551E+0, 1.393214E+0, 1.394366E+0, 1.392642E+0
11/16/2017,  17:27:43.540514, 1.393612E+0, 9.060813E-1, 1.390873E+0, -1.021525E+1, 1.383901E+0, 1.403390E+0, 1.401994E+0, 1.385011E+0
11/16/2017,  17:27:43.541514, 1.391070E+0, 9.035375E-1, 1.390873E+0, -1.020761E+1, 1.399201E+0, 1.398302E+0, 1.386737E+0, 1.387555E+0
11/16/2017,  17:27:43.542514, 1.388528E+0, 9.060813E-1, 1.395963E+0, -1.021779E+1, 1.381351E+0, 1.390670E+0, 1.396909E+0, 1.385011E+0
11/16/2017,  17:27:43.543514, 1.393612E+0, 9.060813E-1, 1.378147E+0, -1.021779E+1, 1.391551E+0, 1.398302E+0, 1.389280E+0, 1.379923E+0
11/16/2017,  17:27:43.544514, 1.391070E+0, 8.984498E-1, 1.393418E+0, -1.020761E+1, 1.391551E+0, 1.393214E+0, 1.394366E+0, 1.387555E+0
11/16/2017,  17:27:43.545514, 1.385986E+0, 9.060813E-1, 1.395963E+0, -1.021779E+1, 1.381351E+0, 1.400846E+0, 1.394366E+0, 1.385011E+0
11/16/2017,  17:27:43.546514, 1.391070E+0, 8.959060E-1, 1.375601E+0, -1.021779E+1, 1.391551E+0, 1.393214E+0, 1.386737E+0, 1.382467E+0
11/16/2017,  17:27:43.547514, 1.378360E+0, 8.933621E-1, 1.388327E+0, -1.021779E+1, 1.378801E+0, 1.380494E+0, 1.394366E+0, 1.390098E+0
11/16/2017,  17:27:43.548514, 1.391070E+0, 9.162567E-1, 1.393418E+0, -1.021015E+1, 1.389001E+0, 1.403390E+0, 1.394366E+0, 1.382467E+0
11/16/2017,  17:27:43.549514, 1.383444E+0, 8.933621E-1, 1.388327E+0, -1.020252E+1, 1.391551E+0, 1.398302E+0, 1.399452E+0, 1.392642E+0
11/16/2017,  17:27:43.550514, 1.380902E+0, 9.086252E-1, 1.395963E+0, -1.021525E+1, 1.381351E+0, 1.400846E+0, 1.401994E+0, 1.390098E+0
11/16/2017,  17:27:43.551514, 1.396154E+0, 9.060813E-1, 1.378147E+0, -1.021779E+1, 1.394101E+0, 1.398302E+0, 1.381651E+0, 1.379923E+0
11/16/2017,  17:27:43.552514, 1.383444E+0, 9.009936E-1, 1.385782E+0, -1.021270E+1, 1.386451E+0, 1.393214E+0, 1.391823E+0, 1.395186E+0
11/16/2017,  17:27:43.553514, 1.383444E+0, 9.035375E-1, 1.383237E+0, -1.021779E+1, 1.383901E+0, 1.395758E+0, 1.389280E+0, 1.385011E+0
11/16/2017,  17:27:43.554514, 1.383444E+0, 8.908183E-1, 1.380692E+0, -1.021779E+1, 1.383901E+0, 1.383038E+0, 1.386737E+0, 1.385011E+0
11/16/2017,  17:27:43.555514, 1.380902E+0, 9.060813E-1, 1.390873E+0, -1.021525E+1, 1.383901E+0, 1.403390E+0, 1.399452E+0, 1.390098E+0
11/16/2017,  17:27:43.556514, 1.396154E+0, 9.035375E-1, 1.385782E+0, -1.021015E+1, 1.396651E+0, 1.393214E+0, 1.384194E+0, 1.392642E+0
11/16/2017,  17:27:43.557514, 1.383444E+0, 9.009936E-1, 1.395963E+0, -1.020761E+1, 1.386451E+0, 1.393214E+0, 1.399452E+0, 1.395186E+0
11/16/2017,  17:27:43.558514, 1.388528E+0, 9.060813E-1, 1.390873E+0, -1.020761E+1, 1.394101E+0, 1.400846E+0, 1.391823E+0, 1.377379E+0
11/16/2017,  17:27:43.559514, 1.385986E+0, 8.933621E-1, 1.383237E+0, -1.021525E+1, 1.386451E+0, 1.390670E+0, 1.391823E+0, 1.387555E+0
11/16/2017,  17:27:43.560514, 1.383444E+0, 9.060813E-1, 1.390873E+0, -1.021779E+1, 1.383901E+0, 1.393214E+0, 1.394366E+0, 1.382467E+0
11/16/2017,  17:27:43.561514, 1.385986E+0, 9.009936E-1, 1.385782E+0, -1.021779E+1, 1.394101E+0, 1.393214E+0, 1.381651E+0, 1.385011E+0
11/16/2017,  17:27:43.562514, 1.383444E+0, 9.060813E-1, 1.393418E+0, -1.021270E+1, 1.381351E+0, 1.395758E+0, 1.396909E+0, 1.385011E+0
11/16/2017,  17:27:43.563514, 1.398696E+0, 9.111690E-1, 1.390873E+0, -1.020252E+1, 1.399201E+0, 1.398302E+0, 1.394366E+0, 1.385011E+0
11/16/2017,  17:27:43.564514, 1.385986E+0, 9.009936E-1, 1.393418E+0, -1.020761E+1, 1.389001E+0, 1.385582E+0, 1.389280E+0, 1.390098E+0
11/16/2017,  17:27:43.565514, 1.388528E+0, 9.086252E-1, 1.388327E+0, -1.021525E+1, 1.391551E+0, 1.400846E+0, 1.396909E+0, 1.395186E+0
11/16/2017,  17:27:43.566514, 1.388528E+0, 8.959060E-1, 1.378147E+0, -1.021525E+1, 1.394101E+0, 1.390670E+0, 1.391823E+0, 1.400274E+0
11/16/2017,  17:27:43.567514, 1.385986E+0, 9.009936E-1, 1.388327E+0, -1.021270E+1, 1.389001E+0, 1.398302E+0, 1.404537E+0, 1.400274E+0
11/16/2017,  17:27:43.568514, 1.393612E+0, 9.060813E-1, 1.385782E+0, -1.020506E+1, 1.401751E+0, 1.400846E+0, 1.389280E+0, 1.390098E+0
11/16/2017,  17:27:43.569514, 1.385986E+0, 9.009936E-1, 1.393418E+0, -1.020252E+1, 1.389001E+0, 1.398302E+0, 1.396909E+0, 1.400274E+0
, , , , , , , , 
11/16/2017,  17:27:43.570514, 1.393612E+0, 9.137128E-1, 1.390873E+0, -1.021779E+1, 1.389001E+0, 1.395758E+0, 1.389280E+0, 1.387555E+0
11/16/2017,  17:27:43.571514, 1.403780E+0, 8.984498E-1, 1.385782E+0, -1.021525E+1, 1.394101E+0, 1.390670E+0, 1.384194E+0, 1.382467E+0
11/16/2017,  17:27:43.572514, 1.385986E+0, 8.984498E-1, 1.398508E+0, -1.019997E+1, 1.389001E+0, 1.393214E+0, 1.396909E+0, 1.395186E+0
11/16/2017,  17:27:43.573514, 1.388528E+0, 9.086252E-1, 1.393418E+0, -1.021270E+1, 1.391551E+0, 1.400846E+0, 1.391823E+0, 1.377379E+0
11/16/2017,  17:27:43.574514, 1.388528E+0, 9.009936E-1, 1.383237E+0, -1.021779E+1, 1.389001E+0, 1.393214E+0, 1.394366E+0, 1.397730E+0
11/16/2017,  17:27:43.575514, 1.391070E+0, 9.009936E-1, 1.393418E+0, -1.021779E+1, 1.381351E+0, 1.393214E+0, 1.396909E+0, 1.395186E+0
11/16/2017,  17:27:43.576514, 1.391070E+0, 9.009936E-1, 1.380692E+0, -1.020761E+1, 1.401751E+0, 1.398302E+0, 1.389280E+0, 1.379923E+0
11/16/2017,  17:27:43.577514, 1.378360E+0, 8.933621E-1, 1.385782E+0, -1.021779E+1, 1.381351E+0, 1.388126E+0, 1.394366E+0, 1.397730E+0
11/16/2017,  17:27:43.578514, 1.391070E+0, 9.086252E-1, 1.393418E+0, -1.021779E+1, 1.389001E+0, 1.395758E+0, 1.394366E+0, 1.379923E+0
11/16/2017,  17:27:43.579514, 1.385986E+0, 8.959060E-1, 1.390873E+0, -1.020761E+1, 1.391551E+0, 1.400846E+0, 1.394366E+0, 1.385011E+0
11/16/2017,  17:27:43.580514, 1.385986E+0, 9.111690E-1, 1.398508E+0, -1.020761E+1, 1.381351E+0, 1.395758E+0, 1.391823E+0, 1.382467E+0
11/16/2017,  17:27:43.581514, 1.396154E+0, 9.009936E-1, 1.375601E+0, -1.021779E+1, 1.396651E+0, 1.403390E+0, 1.394366E+0, 1.387555E+0
11/16/2017,  17:27:43.582514, 1.393612E+0, 9.035375E-1, 1.385782E+0, -1.021270E+1, 1.386451E+0, 1.385582E+0, 1.394366E+0, 1.397730E+0
11/16/2017,  17:27:43.583514, 1.385986E+0, 9.035375E-1, 1.385782E+0, -1.021779E+1, 1.389001E+0, 1.405934E+0, 1.394366E+0, 1.382467E+0
11/16/2017,  17:27:43.584514, 1.388528E+0, 8.959060E-1, 1.393418E+0, -1.019743E+1, 1.391551E+0, 1.398302E+0, 1.389280E+0, 1.385011E+0
11/16/2017,  17:27:43.585514, 1.391070E+0, 9.111690E-1, 1.395963E+0, -1.021015E+1, 1.386451E+0, 1.403390E+0, 1.401994E+0, 1.390098E+0
11/16/2017,  17:27:43.586514, 1.391070E+0, 8.959060E-1, 1.385782E+0, -1.019997E+1, 1.396651E+0, 1.400846E+0, 1.391823E+0, 1.392642E+0
11/16/2017,  17:27:43.587514, 1.380902E+0, 8.984498E-1, 1.393418E+0, -1.021779E+1, 1.378801E+0, 1.393214E+0, 1.396909E+0, 1.387555E+0
11/16/2017,  17:27:43.588514, 1.393612E+0, 9.035375E-1, 1.383237E+0, -1.020761E+1, 1.399201E+0, 1.400846E+0, 1.389280E+0, 1.385011E+0
11/16/2017,  17:27:43.589514, 1.378360E+0, 9.009936E-1, 1.383237E+0, -1.021015E+1, 1.391551E+0, 1.393214E+0, 1.394366E+0, 1.400274E+0
11/16/2017,  17:27:43.590514, 1.391070E+0, 9.060813E-1, 1.375601E+0, -1.021779E+1, 1.394101E+0, 1.403390E+0, 1.396909E+0, 1.387555E+0
11/16/2017,  17:27:43.591514, 1.388528E+0, 9.009936E-1, 1.393418E+0, -1.019997E+1, 1.391551E+0, 1.388126E+0, 1.391823E+0, 1.390098E+0
11/16/2017,  17:27:43.592514, 1.388528E+0, 9.086252E-1, 1.390873E+0, -1.021270E+1, 1.394101E+0, 1.403390E+0, 1.391823E+0, 1.377379E+0
11/16/2017,  17:27:43.593514, 1.385986E+0, 8.933621E-1, 1.383237E+0, -1.021525E+1, 1.386451E+0, 1.388126E+0, 1.394366E+0, 1.395186E+0
11/16/2017,  17:27:43.594514, 1.388528E+0, 9.035375E-1, 1.378147E+0, -1.021779E+1, 1.386451E+0, 1.390670E+0, 1.391823E+0, 1.385011E+0
11/16/2017,  17:27:43.595514, 1.398696E+0, 8.959060E-1, 1.385782E+0, -1.021270E+1, 1.394101E+0, 1.393214E+0, 1.381651E+0, 1.385011E+0
11/16/2017,  17:27:43.596514, 1.388528E+0, 9.009936E-1, 1.395963E+0, -1.021525E+1, 1.383901E+0, 1.395758E+0, 1.396909E+0, 1.395186E+0
11/16/2017,  17:27:43.597514, 1.388528E+0, 9.009936E-1, 1.385782E+0, -1.021779E+1, 1.386451E+0, 1.388126E+0, 1.389280E+0, 1.374835E+0
11/16/2017,  17:27:43.598514, 1.391070E+0, 9.009936E-1, 1.390873E+0, -1.020252E+1, 1.391551E+0, 1.393214E+0, 1.394366E+0, 1.387555E+0
11/16/2017,  17:27:43.599514, 1.396154E+0, 9.137128E-1, 1.390873E+0, -1.021015E+1, 1.391551E+0, 1.403390E+0, 1.394366E+0, 1.392642E+0
11/16/2017,  17:27:43.600514, 1.398696E+0, 8.984498E-1, 1.383237E+0, -1.020506E+1, 1.391551E+0, 1.390670E+0, 1.389280E+0, 1.397730E+0
11/16/2017,  17:27:43.601514, 1.385986E+0, 9.060813E-1, 1.383237E+0, -1.021270E+1, 1.391551E+0, 1.398302E+0, 1.404537E+0, 1.392642E+0
11/16/2017,  17:27:43.602514, 1.391070E+0, 9.035375E-1, 1.378147E+0, -1.021779E+1, 1.396651E+0, 1.393214E+0, 1.386737E+0, 1.385011E+0
, , , , , , , , 
