86.610063, 11/16/2017, 16:38:23.692
87.304919, 11/16/2017, 16:38:23.722
86.356276, 11/16/2017, 16:38:23.752
85.244648, 11/16/2017, 16:38:23.782
83.949931, 11/16/2017, 16:38:23.812
84.469506, 11/16/2017, 16:38:23.842
85.432379, 11/16/2017, 16:38:23.872
85.901648, 11/16/2017, 16:38:23.902
85.901648, 11/16/2017, 16:38:23.933
83.641807, 11/16/2017, 16:38:23.963
81.898280, 11/16/2017, 16:38:23.994
82.029320, 11/16/2017, 16:38:24.024
81.681156, 11/16/2017, 16:38:24.054
81.888113, 11/16/2017, 16:38:24.084
79.556107, 11/16/2017, 16:38:24.115
79.171658, 11/16/2017, 16:38:24.146
80.605985, 11/16/2017, 16:38:24.176
80.664742, 11/16/2017, 16:38:24.206
80.765684, 11/16/2017, 16:38:24.236
80.421700, 11/16/2017, 16:38:24.266
80.974926, 11/16/2017, 16:38:24.296
80.974926, 11/16/2017, 16:38:24.326
80.189548, 11/16/2017, 16:38:24.356
78.572889, 11/16/2017, 16:38:24.387
78.359260, 11/16/2017, 16:38:24.417
78.874608, 11/16/2017, 16:38:24.447
80.649938, 11/16/2017, 16:38:24.478
78.674268, 11/16/2017, 16:38:24.508
80.258119, 11/16/2017, 16:38:24.539
80.724197, 11/16/2017, 16:38:24.569
81.128148, 11/16/2017, 16:38:24.599
80.645473, 11/16/2017, 16:38:24.630
80.893294, 11/16/2017, 16:38:24.660
80.893294, 11/16/2017, 16:38:24.691
80.438815, 11/16/2017, 16:38:24.721
81.501649, 11/16/2017, 16:38:24.751
83.938770, 11/16/2017, 16:38:24.782
83.184455, 11/16/2017, 16:38:24.811
84.144064, 11/16/2017, 16:38:24.841
85.013653, 11/16/2017, 16:38:24.872
83.422095, 11/16/2017, 16:38:24.903
82.314844, 11/16/2017, 16:38:24.933
80.279119, 11/16/2017, 16:38:24.963
80.497985, 11/16/2017, 16:38:24.994
80.497985, 11/16/2017, 16:38:25.023
80.278861, 11/16/2017, 16:38:25.054
78.356704, 11/16/2017, 16:38:25.083
78.108374, 11/16/2017, 16:38:25.113
79.566798, 11/16/2017, 16:38:25.143
79.166870, 11/16/2017, 16:38:25.173
79.331981, 11/16/2017, 16:38:25.204
78.725693, 11/16/2017, 16:38:25.234
77.875172, 11/16/2017, 16:38:25.265
79.780975, 11/16/2017, 16:38:25.295
78.689618, 11/16/2017, 16:38:25.325
77.518702, 11/16/2017, 16:38:25.355
79.404947, 11/16/2017, 16:38:25.386
79.404947, 11/16/2017, 16:38:25.416
80.112099, 11/16/2017, 16:38:25.446
82.074084, 11/16/2017, 16:38:25.476
81.438495, 11/16/2017, 16:38:25.506
81.470212, 11/16/2017, 16:38:25.536
84.007706, 11/16/2017, 16:38:25.566
84.367190, 11/16/2017, 16:38:25.596
84.870605, 11/16/2017, 16:38:25.626
85.352436, 11/16/2017, 16:38:25.657
86.021199, 11/16/2017, 16:38:25.686
87.061139, 11/16/2017, 16:38:25.716
87.061139, 11/16/2017, 16:38:25.746
86.243657, 11/16/2017, 16:38:25.777
84.780115, 11/16/2017, 16:38:25.807
84.902997, 11/16/2017, 16:38:25.837
84.959283, 11/16/2017, 16:38:25.867
83.838898, 11/16/2017, 16:38:25.897
85.692864, 11/16/2017, 16:38:25.928
85.594164, 11/16/2017, 16:38:25.958
86.098999, 11/16/2017, 16:38:25.989
87.433838, 11/16/2017, 16:38:26.018
86.562317, 11/16/2017, 16:38:26.048
85.414860, 11/16/2017, 16:38:26.078
85.414860, 11/16/2017, 16:38:26.108
85.175824, 11/16/2017, 16:38:26.138
85.667971, 11/16/2017, 16:38:26.168
86.344835, 11/16/2017, 16:38:26.198
88.057054, 11/16/2017, 16:38:26.228
87.498444, 11/16/2017, 16:38:26.259
89.016240, 11/16/2017, 16:38:26.288
88.644903, 11/16/2017, 16:38:26.318
89.252212, 11/16/2017, 16:38:26.348
90.159730, 11/16/2017, 16:38:26.378
90.159730, 11/16/2017, 16:38:26.408
88.535061, 11/16/2017, 16:38:26.439
88.314565, 11/16/2017, 16:38:26.468
88.625806, 11/16/2017, 16:38:26.499
87.137348, 11/16/2017, 16:38:26.529
87.055530, 11/16/2017, 16:38:26.559
86.808346, 11/16/2017, 16:38:26.589
84.799065, 11/16/2017, 16:38:26.619
85.667550, 11/16/2017, 16:38:26.650
84.235015, 11/16/2017, 16:38:26.681
106.357971, 11/16/2017, 16:39:07.037
106.290639, 11/16/2017, 16:39:07.067
107.350661, 11/16/2017, 16:39:07.097
106.169849, 11/16/2017, 16:39:07.127
108.563471, 11/16/2017, 16:39:07.158
110.022866, 11/16/2017, 16:39:07.188
108.729131, 11/16/2017, 16:39:07.218
109.605762, 11/16/2017, 16:39:07.248
110.787799, 11/16/2017, 16:39:07.278
109.430627, 11/16/2017, 16:39:07.308
108.085730, 11/16/2017, 16:39:07.338
107.610445, 11/16/2017, 16:39:07.369
106.787782, 11/16/2017, 16:39:07.399
105.878548, 11/16/2017, 16:39:07.429
104.771557, 11/16/2017, 16:39:07.459
104.771557, 11/16/2017, 16:39:07.489
104.301525, 11/16/2017, 16:39:07.519
104.143023, 11/16/2017, 16:39:07.549
104.143023, 11/16/2017, 16:39:07.580
106.009242, 11/16/2017, 16:39:07.609
103.529083, 11/16/2017, 16:39:07.639
104.482266, 11/16/2017, 16:39:07.669
104.866268, 11/16/2017, 16:39:07.699
103.829086, 11/16/2017, 16:39:07.730
103.784508, 11/16/2017, 16:39:07.759
104.881355, 11/16/2017, 16:39:07.790
104.242030, 11/16/2017, 16:39:07.820
104.902456, 11/16/2017, 16:39:07.850
105.871828, 11/16/2017, 16:39:07.880
106.567626, 11/16/2017, 16:39:07.910
105.336555, 11/16/2017, 16:39:07.940
105.712319, 11/16/2017, 16:39:07.970
104.879625, 11/16/2017, 16:39:08.001
106.528029, 11/16/2017, 16:39:08.030
106.528029, 11/16/2017, 16:39:08.074
105.432427, 11/16/2017, 16:39:08.104
105.224496, 11/16/2017, 16:39:08.134
106.999736, 11/16/2017, 16:39:08.164
107.422282, 11/16/2017, 16:39:08.195
105.468172, 11/16/2017, 16:39:08.225
105.468172, 11/16/2017, 16:39:08.255
104.892612, 11/16/2017, 16:39:08.285
104.925704, 11/16/2017, 16:39:08.315
103.815396, 11/16/2017, 16:39:08.345
102.781384, 11/16/2017, 16:39:08.376
104.524270, 11/16/2017, 16:39:08.407
104.321442, 11/16/2017, 16:39:08.437
105.280689, 11/16/2017, 16:39:08.467
102.288792, 11/16/2017, 16:39:08.498
102.949192, 11/16/2017, 16:39:08.528
103.975621, 11/16/2017, 16:39:08.558
102.666973, 11/16/2017, 16:39:08.588
100.084030, 11/16/2017, 16:39:08.618
100.384359, 11/16/2017, 16:39:08.648
100.966196, 11/16/2017, 16:39:08.679
101.607268, 11/16/2017, 16:39:08.709
100.792864, 11/16/2017, 16:39:08.739
100.792864, 11/16/2017, 16:39:08.770
101.995796, 11/16/2017, 16:39:08.799
103.646315, 11/16/2017, 16:39:08.829
102.057458, 11/16/2017, 16:39:08.859
101.239761, 11/16/2017, 16:39:08.889
99.833200, 11/16/2017, 16:39:08.920
102.559680, 11/16/2017, 16:39:08.950
104.402182, 11/16/2017, 16:39:08.980
102.857840, 11/16/2017, 16:39:09.010
103.788139, 11/16/2017, 16:39:09.040
102.838502, 11/16/2017, 16:39:09.071
101.394884, 11/16/2017, 16:39:09.102
103.047348, 11/16/2017, 16:39:09.132
103.257950, 11/16/2017, 16:39:09.162
104.684140, 11/16/2017, 16:39:09.192
102.990742, 11/16/2017, 16:39:09.222
105.526971, 11/16/2017, 16:39:09.252
105.786924, 11/16/2017, 16:39:09.282
105.946518, 11/16/2017, 16:39:09.312
105.785402, 11/16/2017, 16:39:09.342
105.278621, 11/16/2017, 16:39:09.372
104.263257, 11/16/2017, 16:39:09.402
102.215259, 11/16/2017, 16:39:09.433
102.704508, 11/16/2017, 16:39:09.462
101.276542, 11/16/2017, 16:39:09.493
101.957728, 11/16/2017, 16:39:09.522
103.004851, 11/16/2017, 16:39:09.552
101.792568, 11/16/2017, 16:39:09.582
101.785419, 11/16/2017, 16:39:09.613
102.791235, 11/16/2017, 16:39:09.642
103.276184, 11/16/2017, 16:39:09.672
101.368519, 11/16/2017, 16:39:09.702
99.556262, 11/16/2017, 16:39:09.732
100.587658, 11/16/2017, 16:39:09.762
99.987713, 11/16/2017, 16:39:09.792
98.955704, 11/16/2017, 16:39:09.822
100.927929, 11/16/2017, 16:39:09.852
101.794288, 11/16/2017, 16:39:09.882
102.525484, 11/16/2017, 16:39:09.913
102.587886, 11/16/2017, 16:39:09.944
104.193773, 11/16/2017, 16:39:09.975
104.401528, 11/16/2017, 16:39:10.005
105.572899, 11/16/2017, 16:39:10.036
106.750925, 11/16/2017, 16:39:12.234
109.632159, 11/16/2017, 16:39:12.264
108.987834, 11/16/2017, 16:39:12.294
106.617770, 11/16/2017, 16:39:12.324
108.960560, 11/16/2017, 16:39:12.355
109.140821, 11/16/2017, 16:39:12.385
108.213275, 11/16/2017, 16:39:12.415
109.062481, 11/16/2017, 16:39:12.445
109.049755, 11/16/2017, 16:39:12.475
109.431436, 11/16/2017, 16:39:12.505
106.395694, 11/16/2017, 16:39:12.535
107.531589, 11/16/2017, 16:39:12.566
106.732888, 11/16/2017, 16:39:12.596
106.591759, 11/16/2017, 16:39:12.626
107.979769, 11/16/2017, 16:39:12.656
106.450657, 11/16/2017, 16:39:12.686
101.061948, 11/16/2017, 16:39:12.716
101.856934, 11/16/2017, 16:39:12.746
103.933309, 11/16/2017, 16:39:12.776
102.964368, 11/16/2017, 16:39:12.806
101.514791, 11/16/2017, 16:39:12.836
100.614709, 11/16/2017, 16:39:12.866
100.104727, 11/16/2017, 16:39:12.896
100.104727, 11/16/2017, 16:39:12.926
97.676025, 11/16/2017, 16:39:12.957
99.221388, 11/16/2017, 16:39:12.988
98.120351, 11/16/2017, 16:39:13.017
97.572878, 11/16/2017, 16:39:13.047
98.474280, 11/16/2017, 16:39:13.077
97.573941, 11/16/2017, 16:39:13.107
99.538642, 11/16/2017, 16:39:13.137
104.607027, 11/16/2017, 16:39:13.168
104.712885, 11/16/2017, 16:39:13.198
103.119202, 11/16/2017, 16:39:13.229
102.669486, 11/16/2017, 16:39:13.259
103.549019, 11/16/2017, 16:39:13.289
104.570166, 11/16/2017, 16:39:13.319
105.674392, 11/16/2017, 16:39:13.349
107.266205, 11/16/2017, 16:39:13.379
106.704297, 11/16/2017, 16:39:13.409
107.913181, 11/16/2017, 16:39:13.439
108.945976, 11/16/2017, 16:39:13.469
111.141864, 11/16/2017, 16:39:13.499
110.703541, 11/16/2017, 16:39:13.529
110.247015, 11/16/2017, 16:39:13.560
109.317560, 11/16/2017, 16:39:13.591
107.704544, 11/16/2017, 16:39:13.620
106.556490, 11/16/2017, 16:39:13.650
107.104141, 11/16/2017, 16:39:13.680
107.595891, 11/16/2017, 16:39:13.710
106.559100, 11/16/2017, 16:39:13.741
106.876808, 11/16/2017, 16:39:13.772
107.895199, 11/16/2017, 16:39:13.802
108.124954, 11/16/2017, 16:39:13.833
108.801812, 11/16/2017, 16:39:13.862
108.246900, 11/16/2017, 16:39:13.892
107.486439, 11/16/2017, 16:39:13.922
106.773834, 11/16/2017, 16:39:13.952
105.914366, 11/16/2017, 16:39:13.982
105.821041, 11/16/2017, 16:39:14.012
106.951073, 11/16/2017, 16:39:14.042
106.333517, 11/16/2017, 16:39:14.072
106.621400, 11/16/2017, 16:39:14.102
107.711013, 11/16/2017, 16:39:14.133
107.120702, 11/16/2017, 16:39:14.162
108.742255, 11/16/2017, 16:39:14.192
108.362547, 11/16/2017, 16:39:14.222
105.209789, 11/16/2017, 16:39:14.252
104.528120, 11/16/2017, 16:39:14.282
103.620319, 11/16/2017, 16:39:14.312
103.806454, 11/16/2017, 16:39:14.343
104.505884, 11/16/2017, 16:39:14.373
103.700355, 11/16/2017, 16:39:14.403
102.387391, 11/16/2017, 16:39:14.433
102.518584, 11/16/2017, 16:39:14.463
101.498546, 11/16/2017, 16:39:14.494
100.531980, 11/16/2017, 16:39:14.523
99.027475, 11/16/2017, 16:39:14.553
96.619583, 11/16/2017, 16:39:14.583
97.124497, 11/16/2017, 16:39:14.614
95.662037, 11/16/2017, 16:39:14.645
96.147824, 11/16/2017, 16:39:14.675
97.197821, 11/16/2017, 16:39:14.705
98.271774, 11/16/2017, 16:39:14.736
97.480027, 11/16/2017, 16:39:14.767
96.545270, 11/16/2017, 16:39:14.797
94.963535, 11/16/2017, 16:39:14.827
95.189640, 11/16/2017, 16:39:14.857
96.891149, 11/16/2017, 16:39:14.887
97.842216, 11/16/2017, 16:39:14.917
96.632788, 11/16/2017, 16:39:14.947
99.386958, 11/16/2017, 16:39:14.977
99.386958, 11/16/2017, 16:39:15.007
100.317702, 11/16/2017, 16:39:15.037
100.317702, 11/16/2017, 16:39:15.067
101.334193, 11/16/2017, 16:39:15.098
101.136992, 11/16/2017, 16:39:15.128
103.313559, 11/16/2017, 16:39:15.158
101.411966, 11/16/2017, 16:39:15.188
101.911703, 11/16/2017, 16:39:15.219
91.482995, 11/16/2017, 16:41:16.223
92.691766, 11/16/2017, 16:41:16.253
91.406161, 11/16/2017, 16:41:16.283
91.261754, 11/16/2017, 16:41:16.313
92.419022, 11/16/2017, 16:41:16.343
93.305535, 11/16/2017, 16:41:16.373
93.305535, 11/16/2017, 16:41:16.403
91.579263, 11/16/2017, 16:41:16.433
91.473061, 11/16/2017, 16:41:16.463
90.436039, 11/16/2017, 16:41:16.494
92.597766, 11/16/2017, 16:41:16.524
92.375232, 11/16/2017, 16:41:16.554
93.187535, 11/16/2017, 16:41:16.585
94.305043, 11/16/2017, 16:41:16.615
95.721566, 11/16/2017, 16:41:16.645
97.568058, 11/16/2017, 16:41:16.675
92.893156, 11/16/2017, 16:41:16.706
90.583346, 11/16/2017, 16:41:16.735
90.583346, 11/16/2017, 16:41:16.765
91.563342, 11/16/2017, 16:41:16.795
93.070309, 11/16/2017, 16:41:16.825
92.477813, 11/16/2017, 16:41:16.855
91.648526, 11/16/2017, 16:41:16.886
92.285980, 11/16/2017, 16:41:16.916
92.313120, 11/16/2017, 16:41:16.946
94.352279, 11/16/2017, 16:41:16.976
92.152342, 11/16/2017, 16:41:17.006
94.495606, 11/16/2017, 16:41:17.036
91.793537, 11/16/2017, 16:41:17.066
91.793537, 11/16/2017, 16:41:17.096
90.292508, 11/16/2017, 16:41:17.127
89.599196, 11/16/2017, 16:41:17.156
88.527591, 11/16/2017, 16:41:17.187
90.797494, 11/16/2017, 16:41:17.217
89.608042, 11/16/2017, 16:41:17.247
90.254998, 11/16/2017, 16:41:17.277
89.362626, 11/16/2017, 16:41:17.307
88.340319, 11/16/2017, 16:41:17.337
87.787342, 11/16/2017, 16:41:17.367
87.212038, 11/16/2017, 16:41:17.397
87.212038, 11/16/2017, 16:41:17.427
87.157971, 11/16/2017, 16:41:17.457
84.816521, 11/16/2017, 16:41:17.487
83.475676, 11/16/2017, 16:41:17.517
81.819743, 11/16/2017, 16:41:17.547
82.552029, 11/16/2017, 16:41:17.577
83.022074, 11/16/2017, 16:41:17.607
83.201604, 11/16/2017, 16:41:17.638
84.286279, 11/16/2017, 16:41:17.669
84.757190, 11/16/2017, 16:41:17.699
86.317570, 11/16/2017, 16:41:17.729
86.317570, 11/16/2017, 16:41:17.759
86.118901, 11/16/2017, 16:41:17.789
86.751042, 11/16/2017, 16:41:17.819
88.689337, 11/16/2017, 16:41:17.849
88.916663, 11/16/2017, 16:41:17.879
93.081688, 11/16/2017, 16:41:17.909
94.113672, 11/16/2017, 16:41:17.940
94.924158, 11/16/2017, 16:41:17.969
97.278021, 11/16/2017, 16:41:18.000
99.207541, 11/16/2017, 16:41:18.030
99.186853, 11/16/2017, 16:41:18.061
100.032446, 11/16/2017, 16:41:18.092
100.032446, 11/16/2017, 16:41:18.122
98.164410, 11/16/2017, 16:41:18.152
95.332700, 11/16/2017, 16:41:18.182
95.143223, 11/16/2017, 16:41:18.212
94.443101, 11/16/2017, 16:41:18.243
93.190025, 11/16/2017, 16:41:18.273
93.109532, 11/16/2017, 16:41:18.303
91.173496, 11/16/2017, 16:41:18.333
92.601036, 11/16/2017, 16:41:18.363
89.490906, 11/16/2017, 16:41:18.393
89.847751, 11/16/2017, 16:41:18.424
91.127596, 11/16/2017, 16:41:18.454
90.899037, 11/16/2017, 16:41:18.484
90.899037, 11/16/2017, 16:41:18.514
89.960442, 11/16/2017, 16:41:18.544
89.958508, 11/16/2017, 16:41:18.575
91.882060, 11/16/2017, 16:41:18.605
93.011715, 11/16/2017, 16:41:18.636
93.557131, 11/16/2017, 16:41:18.665
93.725934, 11/16/2017, 16:41:18.696
94.000637, 11/16/2017, 16:41:18.726
94.807570, 11/16/2017, 16:41:18.756
95.881956, 11/16/2017, 16:41:18.786
96.737921, 11/16/2017, 16:41:18.816
96.299529, 11/16/2017, 16:41:18.847
96.299529, 11/16/2017, 16:41:18.877
98.415094, 11/16/2017, 16:41:18.907
99.649578, 11/16/2017, 16:41:18.937
98.959983, 11/16/2017, 16:41:18.967
96.903715, 11/16/2017, 16:41:18.997
97.071709, 11/16/2017, 16:41:19.027
95.435992, 11/16/2017, 16:41:19.057
94.111567, 11/16/2017, 16:41:19.088
95.067070, 11/16/2017, 16:41:19.118
95.999764, 11/16/2017, 16:41:19.148
95.999764, 11/16/2017, 16:41:19.178
96.605257, 11/16/2017, 16:41:19.208
96.452633, 11/16/2017, 16:41:26.747
98.847900, 11/16/2017, 16:41:26.777
99.013369, 11/16/2017, 16:41:26.807
97.885363, 11/16/2017, 16:41:26.837
96.148107, 11/16/2017, 16:41:26.867
96.148107, 11/16/2017, 16:41:26.897
95.116449, 11/16/2017, 16:41:26.928
93.099163, 11/16/2017, 16:41:26.959
92.967535, 11/16/2017, 16:41:26.990
93.500270, 11/16/2017, 16:41:27.021
94.473591, 11/16/2017, 16:41:27.050
93.200972, 11/16/2017, 16:41:27.080
91.278555, 11/16/2017, 16:41:27.110
90.538621, 11/16/2017, 16:41:27.141
91.394959, 11/16/2017, 16:41:27.171
91.148042, 11/16/2017, 16:41:27.201
93.005362, 11/16/2017, 16:41:27.231
91.061108, 11/16/2017, 16:41:27.262
91.061108, 11/16/2017, 16:41:27.292
91.779256, 11/16/2017, 16:41:27.322
93.171495, 11/16/2017, 16:41:27.352
94.805793, 11/16/2017, 16:41:27.382
97.093305, 11/16/2017, 16:41:27.412
98.140874, 11/16/2017, 16:41:27.443
98.340808, 11/16/2017, 16:41:27.473
98.967259, 11/16/2017, 16:41:27.503
98.660667, 11/16/2017, 16:41:27.533
100.257809, 11/16/2017, 16:41:27.563
100.917231, 11/16/2017, 16:41:27.594
100.917231, 11/16/2017, 16:41:27.624
100.669287, 11/16/2017, 16:41:27.655
101.654024, 11/16/2017, 16:41:27.684
100.188734, 11/16/2017, 16:41:27.714
99.619432, 11/16/2017, 16:41:27.744
100.480784, 11/16/2017, 16:41:27.774
100.451752, 11/16/2017, 16:41:27.804
98.932646, 11/16/2017, 16:41:27.834
97.769953, 11/16/2017, 16:41:27.864
95.720950, 11/16/2017, 16:41:27.895
95.867803, 11/16/2017, 16:41:27.925
95.867803, 11/16/2017, 16:41:27.956
96.764190, 11/16/2017, 16:41:27.985
94.140978, 11/16/2017, 16:41:28.016
94.496318, 11/16/2017, 16:41:28.046
93.434153, 11/16/2017, 16:41:28.076
93.999618, 11/16/2017, 16:41:28.106
96.106443, 11/16/2017, 16:41:28.136
96.627934, 11/16/2017, 16:41:28.166
99.110936, 11/16/2017, 16:41:28.196
100.023041, 11/16/2017, 16:41:28.226
98.548194, 11/16/2017, 16:41:28.256
98.246705, 11/16/2017, 16:41:28.286
98.246705, 11/16/2017, 16:41:28.316
96.492408, 11/16/2017, 16:41:28.346
96.517414, 11/16/2017, 16:41:28.376
97.143693, 11/16/2017, 16:41:28.406
95.751834, 11/16/2017, 16:41:28.436
93.203107, 11/16/2017, 16:41:28.466
93.188975, 11/16/2017, 16:41:28.496
92.374925, 11/16/2017, 16:41:28.526
94.453293, 11/16/2017, 16:41:28.557
93.727456, 11/16/2017, 16:41:28.586
91.208545, 11/16/2017, 16:41:28.616
90.680371, 11/16/2017, 16:41:28.647
90.680371, 11/16/2017, 16:41:28.677
86.409862, 11/16/2017, 16:41:28.707
86.122766, 11/16/2017, 16:41:28.738
86.511188, 11/16/2017, 16:41:28.768
85.975909, 11/16/2017, 16:41:28.798
87.984578, 11/16/2017, 16:41:28.828
88.620576, 11/16/2017, 16:41:28.858
87.307375, 11/16/2017, 16:41:28.889
87.197461, 11/16/2017, 16:41:28.920
89.950500, 11/16/2017, 16:41:28.950
92.101549, 11/16/2017, 16:41:28.981
92.871606, 11/16/2017, 16:41:29.011
92.871606, 11/16/2017, 16:41:29.041
91.939860, 11/16/2017, 16:41:29.071
91.530490, 11/16/2017, 16:41:29.101
91.318079, 11/16/2017, 16:41:29.132
90.544876, 11/16/2017, 16:41:29.162
91.876140, 11/16/2017, 16:41:29.192
92.268262, 11/16/2017, 16:41:29.222
93.043839, 11/16/2017, 16:41:29.253
94.608696, 11/16/2017, 16:41:29.282
92.892845, 11/16/2017, 16:41:29.313
94.326654, 11/16/2017, 16:41:29.344
93.810552, 11/16/2017, 16:41:29.375
93.810552, 11/16/2017, 16:41:29.405
93.989738, 11/16/2017, 16:41:29.435
94.567131, 11/16/2017, 16:41:29.465
93.600640, 11/16/2017, 16:41:29.496
95.537738, 11/16/2017, 16:41:29.527
94.760983, 11/16/2017, 16:41:29.557
94.525934, 11/16/2017, 16:41:29.587
94.395246, 11/16/2017, 16:41:29.617
95.181690, 11/16/2017, 16:41:29.647
96.385768, 11/16/2017, 16:41:29.678
95.600529, 11/16/2017, 16:41:29.708
95.535299, 11/16/2017, 16:57:20.024
95.921959, 11/16/2017, 16:57:20.055
95.358209, 11/16/2017, 16:57:20.085
95.991027, 11/16/2017, 16:57:20.115
94.955373, 11/16/2017, 16:57:20.145
94.536186, 11/16/2017, 16:57:20.175
94.536186, 11/16/2017, 16:57:20.206
94.434304, 11/16/2017, 16:57:20.236
93.056267, 11/16/2017, 16:57:20.267
94.143175, 11/16/2017, 16:57:20.296
96.517942, 11/16/2017, 16:57:20.327
98.175931, 11/16/2017, 16:57:20.357
96.506402, 11/16/2017, 16:57:20.387
98.071537, 11/16/2017, 16:57:20.418
97.621089, 11/16/2017, 16:57:20.448
96.592954, 11/16/2017, 16:57:20.479
96.424520, 11/16/2017, 16:57:20.508
96.174817, 11/16/2017, 16:57:20.538
96.174817, 11/16/2017, 16:57:20.568
94.765165, 11/16/2017, 16:57:20.598
93.288327, 11/16/2017, 16:57:20.628
93.028324, 11/16/2017, 16:57:20.658
93.042012, 11/16/2017, 16:57:20.688
92.450374, 11/16/2017, 16:57:20.719
91.620120, 11/16/2017, 16:57:20.749
89.545762, 11/16/2017, 16:57:20.779
87.134615, 11/16/2017, 16:57:20.809
87.057414, 11/16/2017, 16:57:20.839
86.346685, 11/16/2017, 16:57:20.870
83.983285, 11/16/2017, 16:57:20.900
83.983285, 11/16/2017, 16:57:20.930
84.614741, 11/16/2017, 16:57:20.960
85.539053, 11/16/2017, 16:57:20.990
85.457740, 11/16/2017, 16:57:21.020
86.543279, 11/16/2017, 16:57:21.050
86.572966, 11/16/2017, 16:57:21.080
87.086579, 11/16/2017, 16:57:21.110
85.711887, 11/16/2017, 16:57:21.141
85.151498, 11/16/2017, 16:57:21.170
86.572700, 11/16/2017, 16:57:21.201
86.202780, 11/16/2017, 16:57:21.231
86.202780, 11/16/2017, 16:57:21.261
86.382976, 11/16/2017, 16:57:21.292
87.570771, 11/16/2017, 16:57:21.321
87.705789, 11/16/2017, 16:57:21.351
87.941699, 11/16/2017, 16:57:21.381
89.213847, 11/16/2017, 16:57:21.411
89.673599, 11/16/2017, 16:57:21.441
89.281829, 11/16/2017, 16:57:21.471
89.230185, 11/16/2017, 16:57:21.501
89.518205, 11/16/2017, 16:57:21.532
90.892771, 11/16/2017, 16:57:21.562
90.892771, 11/16/2017, 16:57:21.591
90.274206, 11/16/2017, 16:57:21.621
91.516625, 11/16/2017, 16:57:21.652
91.373217, 11/16/2017, 16:57:21.681
91.372454, 11/16/2017, 16:57:21.711
92.679724, 11/16/2017, 16:57:21.741
93.797605, 11/16/2017, 16:57:21.772
92.852363, 11/16/2017, 16:57:21.802
91.219998, 11/16/2017, 16:57:21.832
92.067679, 11/16/2017, 16:57:21.862
92.752023, 11/16/2017, 16:57:21.892
92.630402, 11/16/2017, 16:57:21.922
92.630402, 11/16/2017, 16:57:21.953
92.468990, 11/16/2017, 16:57:21.982
91.990923, 11/16/2017, 16:57:22.012
91.145297, 11/16/2017, 16:57:22.042
89.973183, 11/16/2017, 16:57:22.073
88.301871, 11/16/2017, 16:57:22.103
89.312138, 11/16/2017, 16:57:22.133
88.985698, 11/16/2017, 16:57:22.164
89.806349, 11/16/2017, 16:57:22.195
88.203245, 11/16/2017, 16:57:22.225
89.604710, 11/16/2017, 16:57:22.255
89.268789, 11/16/2017, 16:57:22.286
89.268789, 11/16/2017, 16:57:22.316
90.602480, 11/16/2017, 16:57:22.346
90.595240, 11/16/2017, 16:57:22.376
90.287201, 11/16/2017, 16:57:22.406
90.851760, 11/16/2017, 16:57:22.436
92.143234, 11/16/2017, 16:57:22.467
90.750124, 11/16/2017, 16:57:22.496
91.785909, 11/16/2017, 16:57:22.527
93.390488, 11/16/2017, 16:57:22.556
95.160438, 11/16/2017, 16:57:22.586
93.574862, 11/16/2017, 16:57:22.617
94.327879, 11/16/2017, 16:57:22.647
94.327879, 11/16/2017, 16:57:22.677
93.441251, 11/16/2017, 16:57:22.708
93.808886, 11/16/2017, 16:57:22.737
94.072359, 11/16/2017, 16:57:22.767
94.382510, 11/16/2017, 16:57:22.798
93.528589, 11/16/2017, 16:57:22.827
94.415396, 11/16/2017, 16:57:22.858
93.515342, 11/16/2017, 16:57:22.888
93.592357, 11/16/2017, 16:57:22.919
93.745042, 11/16/2017, 16:57:22.949
93.421117, 11/16/2017, 16:57:22.979
93.421117, 11/16/2017, 16:57:23.009
93.292799, 11/16/2017, 16:57:24.787
91.642140, 11/16/2017, 16:57:24.818
91.267189, 11/16/2017, 16:57:24.848
91.579542, 11/16/2017, 16:57:24.878
92.056231, 11/16/2017, 16:57:24.909
93.898337, 11/16/2017, 16:57:24.939
92.563206, 11/16/2017, 16:57:24.969
92.016263, 11/16/2017, 16:57:24.999
92.271372, 11/16/2017, 16:57:25.029
90.989678, 11/16/2017, 16:57:25.060
92.008232, 11/16/2017, 16:57:25.090
92.008232, 11/16/2017, 16:57:25.120
92.600104, 11/16/2017, 16:57:25.150
92.666025, 11/16/2017, 16:57:25.180
92.561598, 11/16/2017, 16:57:25.210
88.869724, 11/16/2017, 16:57:25.240
88.537451, 11/16/2017, 16:57:25.270
88.042382, 11/16/2017, 16:57:25.300
88.716504, 11/16/2017, 16:57:25.330
87.691864, 11/16/2017, 16:57:25.360
87.554835, 11/16/2017, 16:57:25.390
85.541372, 11/16/2017, 16:57:25.420
85.541372, 11/16/2017, 16:57:25.450
84.876223, 11/16/2017, 16:57:25.481
85.582582, 11/16/2017, 16:57:25.510
85.771571, 11/16/2017, 16:57:25.540
86.262461, 11/16/2017, 16:57:25.570
85.493911, 11/16/2017, 16:57:25.600
85.848865, 11/16/2017, 16:57:25.630
86.159566, 11/16/2017, 16:57:25.660
85.241295, 11/16/2017, 16:57:25.690
88.401220, 11/16/2017, 16:57:25.720
89.071298, 11/16/2017, 16:57:25.750
89.071298, 11/16/2017, 16:57:25.780
90.528146, 11/16/2017, 16:57:25.811
89.420405, 11/16/2017, 16:57:25.840
89.826454, 11/16/2017, 16:57:25.871
88.568424, 11/16/2017, 16:57:25.902
89.815551, 11/16/2017, 16:57:25.932
88.022383, 11/16/2017, 16:57:25.963
87.950807, 11/16/2017, 16:57:25.992
88.123670, 11/16/2017, 16:57:26.022
88.500941, 11/16/2017, 16:57:26.052
88.321467, 11/16/2017, 16:57:26.082
88.391965, 11/16/2017, 16:57:26.112
88.391965, 11/16/2017, 16:57:26.142
88.718046, 11/16/2017, 16:57:26.173
90.167185, 11/16/2017, 16:57:26.203
87.537244, 11/16/2017, 16:57:26.234
87.154976, 11/16/2017, 16:57:26.265
87.774419, 11/16/2017, 16:57:26.295
90.117626, 11/16/2017, 16:57:26.325
88.794341, 11/16/2017, 16:57:26.355
89.273844, 11/16/2017, 16:57:26.385
89.679518, 11/16/2017, 16:57:26.415
90.189347, 11/16/2017, 16:57:26.445
90.189347, 11/16/2017, 16:57:26.475
89.525304, 11/16/2017, 16:57:26.505
87.599388, 11/16/2017, 16:57:26.536
87.143039, 11/16/2017, 16:57:26.567
87.961207, 11/16/2017, 16:57:26.596
87.284827, 11/16/2017, 16:57:26.627
85.772100, 11/16/2017, 16:57:26.658
86.112668, 11/16/2017, 16:57:26.687
87.744689, 11/16/2017, 16:57:26.717
88.748956, 11/16/2017, 16:57:26.747
86.749663, 11/16/2017, 16:57:26.778
84.793497, 11/16/2017, 16:57:26.809
87.107488, 11/16/2017, 16:57:26.838
87.107488, 11/16/2017, 16:57:26.868
88.763131, 11/16/2017, 16:57:26.898
86.987886, 11/16/2017, 16:57:26.928
88.337311, 11/16/2017, 16:57:26.958
90.295956, 11/16/2017, 16:57:26.988
92.031993, 11/16/2017, 16:57:27.018
93.485131, 11/16/2017, 16:57:27.048
92.478480, 11/16/2017, 16:57:27.078
94.116842, 11/16/2017, 16:57:27.108
94.067749, 11/16/2017, 16:57:27.139
94.067749, 11/16/2017, 16:57:27.168
94.105418, 11/16/2017, 16:57:27.198
92.507303, 11/16/2017, 16:57:27.228
93.024450, 11/16/2017, 16:57:27.258
93.635004, 11/16/2017, 16:57:27.288
93.979978, 11/16/2017, 16:57:27.318
90.440282, 11/16/2017, 16:57:27.348
88.697832, 11/16/2017, 16:57:27.378
89.935282, 11/16/2017, 16:57:27.409
89.932285, 11/16/2017, 16:57:27.439
89.573799, 11/16/2017, 16:57:27.470
88.380857, 11/16/2017, 16:57:27.501
88.380857, 11/16/2017, 16:57:27.532
89.764799, 11/16/2017, 16:57:27.562
89.523779, 11/16/2017, 16:57:27.592
91.172251, 11/16/2017, 16:57:27.622
93.844403, 11/16/2017, 16:57:27.653
92.140312, 11/16/2017, 16:57:27.683
93.504169, 11/16/2017, 16:57:27.713
92.551909, 11/16/2017, 16:57:27.743
91.329148, 11/16/2017, 16:57:27.773
90.892943, 11/16/2017, 16:58:57.559
91.489622, 11/16/2017, 16:58:57.589
92.712987, 11/16/2017, 16:58:57.619
92.941288, 11/16/2017, 16:58:57.649
94.055570, 11/16/2017, 16:58:57.679
92.311382, 11/16/2017, 16:58:57.709
90.599851, 11/16/2017, 16:58:57.739
91.345834, 11/16/2017, 16:58:57.769
91.342577, 11/16/2017, 16:58:57.799
91.369044, 11/16/2017, 16:58:57.829
94.426449, 11/16/2017, 16:58:57.860
94.426449, 11/16/2017, 16:58:57.889
93.521273, 11/16/2017, 16:58:57.919
94.516353, 11/16/2017, 16:58:57.950
94.393005, 11/16/2017, 16:58:57.980
94.828053, 11/16/2017, 16:58:58.010
96.387455, 11/16/2017, 16:58:58.040
95.990023, 11/16/2017, 16:58:58.071
96.190425, 11/16/2017, 16:58:58.100
96.538877, 11/16/2017, 16:58:58.130
96.205459, 11/16/2017, 16:58:58.160
95.082019, 11/16/2017, 16:58:58.190
95.334136, 11/16/2017, 16:58:58.221
95.334136, 11/16/2017, 16:58:58.251
95.166846, 11/16/2017, 16:58:58.282
96.002652, 11/16/2017, 16:58:58.313
95.133290, 11/16/2017, 16:58:58.342
94.630318, 11/16/2017, 16:58:58.372
93.486823, 11/16/2017, 16:58:58.402
91.167429, 11/16/2017, 16:58:58.432
89.886903, 11/16/2017, 16:58:58.463
91.081327, 11/16/2017, 16:58:58.493
89.002946, 11/16/2017, 16:58:58.524
89.367413, 11/16/2017, 16:58:58.554
94.894758, 11/16/2017, 16:59:00.148
96.590259, 11/16/2017, 16:59:00.178
97.841815, 11/16/2017, 16:59:00.208
96.824407, 11/16/2017, 16:59:00.238
98.701974, 11/16/2017, 16:59:00.269
100.122096, 11/16/2017, 16:59:00.299
100.122096, 11/16/2017, 16:59:00.329
98.080832, 11/16/2017, 16:59:00.360
97.603727, 11/16/2017, 16:59:00.390
99.729105, 11/16/2017, 16:59:00.420
99.985381, 11/16/2017, 16:59:00.451
100.761925, 11/16/2017, 16:59:00.481
100.341038, 11/16/2017, 16:59:00.513
100.584474, 11/16/2017, 16:59:00.542
100.992532, 11/16/2017, 16:59:00.572
98.521298, 11/16/2017, 16:59:00.602
98.021181, 11/16/2017, 16:59:00.632
97.357347, 11/16/2017, 16:59:00.662
97.357347, 11/16/2017, 16:59:00.692
95.522381, 11/16/2017, 16:59:00.722
97.137539, 11/16/2017, 16:59:00.752
95.050773, 11/16/2017, 16:59:00.782
93.779670, 11/16/2017, 16:59:00.813
94.746466, 11/16/2017, 16:59:00.843
95.735188, 11/16/2017, 16:59:00.873
93.671755, 11/16/2017, 16:59:00.903
92.990796, 11/16/2017, 16:59:00.933
91.407758, 11/16/2017, 16:59:00.963
93.740104, 11/16/2017, 16:59:00.993
93.740104, 11/16/2017, 16:59:01.023
93.800712, 11/16/2017, 16:59:01.054
94.622435, 11/16/2017, 16:59:01.085
95.415580, 11/16/2017, 16:59:01.115
94.700055, 11/16/2017, 16:59:01.145
89.157934, 11/16/2017, 17:00:56.106
90.917777, 11/16/2017, 17:00:56.202
92.335913, 11/16/2017, 17:00:56.232
91.409893, 11/16/2017, 17:00:56.262
91.409893, 11/16/2017, 17:00:56.292
91.274925, 11/16/2017, 17:00:56.322
89.629790, 11/16/2017, 17:00:56.352
88.810149, 11/16/2017, 17:00:56.382
86.948303, 11/16/2017, 17:00:56.412
86.881511, 11/16/2017, 17:00:56.442
85.894555, 11/16/2017, 17:00:56.472
86.289590, 11/16/2017, 17:00:56.502
86.479941, 11/16/2017, 17:00:56.532
84.884891, 11/16/2017, 17:00:56.562
86.406938, 11/16/2017, 17:00:56.593
86.411498, 11/16/2017, 17:00:56.623
86.411498, 11/16/2017, 17:00:56.653
85.795881, 11/16/2017, 17:00:56.683
84.134800, 11/16/2017, 17:00:56.713
83.999352, 11/16/2017, 17:00:56.743
83.595318, 11/16/2017, 17:00:56.773
81.837429, 11/16/2017, 17:00:56.803
83.224076, 11/16/2017, 17:00:56.833
81.549281, 11/16/2017, 17:00:56.863
82.574174, 11/16/2017, 17:00:56.893
82.597221, 11/16/2017, 17:00:56.923
82.040553, 11/16/2017, 17:00:56.953
82.040553, 11/16/2017, 17:00:56.983
81.029829, 11/16/2017, 17:00:57.014
81.625350, 11/16/2017, 17:00:57.044
83.959418, 11/16/2017, 17:00:57.073
83.626662, 11/16/2017, 17:00:57.103
87.718083, 11/16/2017, 17:00:58.221
87.125934, 11/16/2017, 17:00:58.312
86.841767, 11/16/2017, 17:00:58.342
86.908216, 11/16/2017, 17:00:58.372
86.908216, 11/16/2017, 17:00:58.402
86.822548, 11/16/2017, 17:00:58.433
86.157469, 11/16/2017, 17:00:58.463
86.175160, 11/16/2017, 17:00:58.494
84.020576, 11/16/2017, 17:00:58.524
84.942059, 11/16/2017, 17:00:58.555
83.847749, 11/16/2017, 17:00:58.585
83.412917, 11/16/2017, 17:00:58.616
85.355223, 11/16/2017, 17:00:58.646
86.578830, 11/16/2017, 17:00:58.677
88.706474, 11/16/2017, 17:00:58.707
89.491368, 11/16/2017, 17:00:58.737
88.304310, 11/16/2017, 17:00:58.767
88.304310, 11/16/2017, 17:00:58.797
89.013924, 11/16/2017, 17:00:58.828
89.320551, 11/16/2017, 17:00:58.858
89.413060, 11/16/2017, 17:00:58.888
89.318597, 11/16/2017, 17:00:58.918
90.895867, 11/16/2017, 17:00:58.948
92.803781, 11/16/2017, 17:00:58.978
92.816824, 11/16/2017, 17:00:59.008
90.452474, 11/16/2017, 17:00:59.038
89.881280, 11/16/2017, 17:00:59.068
88.797039, 11/16/2017, 17:00:59.098
88.797039, 11/16/2017, 17:00:59.128
87.895843, 11/16/2017, 17:00:59.158
85.457242, 11/16/2017, 17:00:59.188
85.570444, 11/16/2017, 17:00:59.218
88.316893, 11/16/2017, 17:06:37.972
88.655681, 11/16/2017, 17:06:38.003
87.473759, 11/16/2017, 17:06:38.032
87.247554, 11/16/2017, 17:06:38.062
87.804073, 11/16/2017, 17:06:38.092
87.804073, 11/16/2017, 17:06:38.123
86.613134, 11/16/2017, 17:06:38.153
87.038203, 11/16/2017, 17:06:38.184
87.640183, 11/16/2017, 17:06:38.213
88.491095, 11/16/2017, 17:06:38.243
89.665668, 11/16/2017, 17:06:38.273
89.112482, 11/16/2017, 17:06:38.303
89.813231, 11/16/2017, 17:06:38.333
89.136761, 11/16/2017, 17:06:38.363
89.497756, 11/16/2017, 17:06:38.393
88.556093, 11/16/2017, 17:06:38.423
89.129687, 11/16/2017, 17:06:38.453
89.129687, 11/16/2017, 17:06:38.483
89.528137, 11/16/2017, 17:06:38.513
88.804457, 11/16/2017, 17:06:38.543
89.191685, 11/16/2017, 17:06:38.573
87.960431, 11/16/2017, 17:06:38.603
88.020476, 11/16/2017, 17:06:38.633
87.440344, 11/16/2017, 17:06:38.664
86.856581, 11/16/2017, 17:06:38.693
86.310919, 11/16/2017, 17:06:38.723
86.710532, 11/16/2017, 17:06:38.753
86.540386, 11/16/2017, 17:06:38.783
86.540386, 11/16/2017, 17:06:38.813
86.041454, 11/16/2017, 17:06:38.843
86.480131, 11/16/2017, 17:06:38.873
88.217790, 11/16/2017, 17:06:38.903
89.004616, 11/16/2017, 17:06:38.933
89.543426, 11/16/2017, 17:06:38.963
79.470466, 11/16/2017, 17:06:40.568
81.843524, 11/16/2017, 17:06:40.598
82.976277, 11/16/2017, 17:06:40.628
83.738727, 11/16/2017, 17:06:40.658
86.947040, 11/16/2017, 17:06:40.689
87.884281, 11/16/2017, 17:06:40.719
87.541837, 11/16/2017, 17:06:40.749
87.987071, 11/16/2017, 17:06:40.779
88.767164, 11/16/2017, 17:06:40.809
88.168095, 11/16/2017, 17:06:40.839
88.946818, 11/16/2017, 17:06:40.869
89.207909, 11/16/2017, 17:06:40.900
88.241049, 11/16/2017, 17:06:40.930
88.241049, 11/16/2017, 17:06:40.960
87.384324, 11/16/2017, 17:06:40.990
88.975430, 11/16/2017, 17:06:41.021
89.923332, 11/16/2017, 17:06:41.051
89.592548, 11/16/2017, 17:06:41.081
89.858971, 11/16/2017, 17:06:41.112
90.286742, 11/16/2017, 17:06:41.143
89.157751, 11/16/2017, 17:06:41.172
90.355564, 11/16/2017, 17:06:41.202
90.268016, 11/16/2017, 17:06:41.232
90.925173, 11/16/2017, 17:06:41.263
90.272583, 11/16/2017, 17:06:41.293
90.272583, 11/16/2017, 17:06:41.323
91.558315, 11/16/2017, 17:06:41.353
91.743633, 11/16/2017, 17:06:41.383
91.675233, 11/16/2017, 17:06:41.413
92.724714, 11/16/2017, 17:06:41.443
94.099888, 11/16/2017, 17:06:41.473
94.289743, 11/16/2017, 17:06:41.504
93.473584, 11/16/2017, 17:06:41.533
93.563723, 11/16/2017, 17:06:41.563
88.820933, 11/16/2017, 17:13:55.510
88.883753, 11/16/2017, 17:13:55.540
88.879935, 11/16/2017, 17:13:55.570
89.253186, 11/16/2017, 17:13:55.600
87.629034, 11/16/2017, 17:13:55.631
88.182637, 11/16/2017, 17:13:55.661
85.837898, 11/16/2017, 17:13:55.691
84.697471, 11/16/2017, 17:13:55.721
85.162418, 11/16/2017, 17:13:55.751
85.162418, 11/16/2017, 17:13:55.781
85.627308, 11/16/2017, 17:13:55.812
86.045834, 11/16/2017, 17:13:55.841
86.527926, 11/16/2017, 17:13:55.871
88.050235, 11/16/2017, 17:13:55.902
88.196627, 11/16/2017, 17:13:55.933
88.451129, 11/16/2017, 17:13:55.964
89.193598, 11/16/2017, 17:13:55.995
89.495465, 11/16/2017, 17:13:56.024
88.779810, 11/16/2017, 17:13:56.055
88.959282, 11/16/2017, 17:13:56.085
89.658893, 11/16/2017, 17:13:56.115
89.658893, 11/16/2017, 17:13:56.145
90.452340, 11/16/2017, 17:13:56.176
91.645106, 11/16/2017, 17:13:56.206
92.827113, 11/16/2017, 17:13:56.235
92.808417, 11/16/2017, 17:13:56.266
91.703245, 11/16/2017, 17:13:56.296
91.679068, 11/16/2017, 17:13:56.326
92.030614, 11/16/2017, 17:13:56.357
91.903146, 11/16/2017, 17:13:56.388
92.306452, 11/16/2017, 17:13:56.418
92.726503, 11/16/2017, 17:13:56.448
93.433781, 11/16/2017, 17:13:56.478
88.488335, 11/16/2017, 17:17:59.832
87.802360, 11/16/2017, 17:17:59.861
88.659643, 11/16/2017, 17:17:59.891
89.521035, 11/16/2017, 17:17:59.921
89.684542, 11/16/2017, 17:17:59.951
90.466874, 11/16/2017, 17:17:59.981
90.466874, 11/16/2017, 17:18:00.012
91.285488, 11/16/2017, 17:18:00.042
90.050977, 11/16/2017, 17:18:00.072
90.317111, 11/16/2017, 17:18:00.102
90.915690, 11/16/2017, 17:18:00.133
90.936701, 11/16/2017, 17:18:00.163
92.772385, 11/16/2017, 17:18:00.193
93.431838, 11/16/2017, 17:18:00.223
93.397278, 11/16/2017, 17:18:00.253
93.494581, 11/16/2017, 17:18:00.283
92.964198, 11/16/2017, 17:18:00.313
92.964198, 11/16/2017, 17:18:00.344
93.672089, 11/16/2017, 17:18:00.373
92.287248, 11/16/2017, 17:18:00.403
91.129406, 11/16/2017, 17:18:00.433
92.246420, 11/16/2017, 17:18:00.464
92.866369, 11/16/2017, 17:18:00.494
93.026600, 11/16/2017, 17:18:00.525
93.852682, 11/16/2017, 17:18:00.554
94.691237, 11/16/2017, 17:18:00.584
95.405767, 11/16/2017, 17:18:00.614
95.334355, 11/16/2017, 17:18:00.644
96.837214, 11/16/2017, 17:18:00.674
96.837214, 11/16/2017, 17:18:00.704
97.389506, 11/16/2017, 17:18:00.735
96.273402, 11/16/2017, 17:18:00.765
96.094338, 11/16/2017, 17:18:00.795
97.789435, 11/16/2017, 17:18:00.826
93.470011, 11/16/2017, 17:18:02.065
93.933873, 11/16/2017, 17:18:02.095
92.824613, 11/16/2017, 17:18:02.126
92.824613, 11/16/2017, 17:18:02.157
92.818907, 11/16/2017, 17:18:02.186
93.917770, 11/16/2017, 17:18:02.216
93.090858, 11/16/2017, 17:18:02.246
93.624524, 11/16/2017, 17:18:02.276
91.806167, 11/16/2017, 17:18:02.306
91.069127, 11/16/2017, 17:18:02.337
91.717849, 11/16/2017, 17:18:02.366
92.003690, 11/16/2017, 17:18:02.396
93.811441, 11/16/2017, 17:18:02.426
93.811441, 11/16/2017, 17:18:02.456
92.402550, 11/16/2017, 17:18:02.486
93.433605, 11/16/2017, 17:18:02.517
92.435337, 11/16/2017, 17:18:02.547
90.904079, 11/16/2017, 17:18:02.577
90.389507, 11/16/2017, 17:18:02.608
91.024646, 11/16/2017, 17:18:02.637
92.135112, 11/16/2017, 17:18:02.667
91.556470, 11/16/2017, 17:18:02.697
93.526997, 11/16/2017, 17:18:02.727
94.676690, 11/16/2017, 17:18:02.757
95.024565, 11/16/2017, 17:18:02.787
95.024565, 11/16/2017, 17:18:02.817
95.623655, 11/16/2017, 17:18:02.847
96.066400, 11/16/2017, 17:18:02.877
97.668290, 11/16/2017, 17:18:02.907
95.754060, 11/16/2017, 17:18:02.937
97.364424, 11/16/2017, 17:18:02.967
97.464783, 11/16/2017, 17:18:02.997
99.525054, 11/16/2017, 17:18:03.027
98.312259, 11/16/2017, 17:18:03.057
91.324408, 11/16/2017, 17:26:27.017
92.309406, 11/16/2017, 17:26:27.047
90.423626, 11/16/2017, 17:26:27.078
90.476983, 11/16/2017, 17:26:27.108
90.476854, 11/16/2017, 17:26:27.138
91.352370, 11/16/2017, 17:26:27.168
92.140132, 11/16/2017, 17:26:27.198
91.821682, 11/16/2017, 17:26:27.228
93.077311, 11/16/2017, 17:26:27.259
93.317256, 11/16/2017, 17:26:27.289
94.100642, 11/16/2017, 17:26:27.319
94.957663, 11/16/2017, 17:26:27.350
96.115757, 11/16/2017, 17:26:27.380
96.115757, 11/16/2017, 17:26:27.410
98.153297, 11/16/2017, 17:26:27.440
97.691149, 11/16/2017, 17:26:27.470
96.284034, 11/16/2017, 17:26:27.501
95.518877, 11/16/2017, 17:26:27.532
96.833287, 11/16/2017, 17:26:27.562
96.943795, 11/16/2017, 17:26:27.592
95.720440, 11/16/2017, 17:26:27.622
95.543109, 11/16/2017, 17:26:27.652
94.424991, 11/16/2017, 17:26:27.682
95.022164, 11/16/2017, 17:26:27.712
95.756679, 11/16/2017, 17:26:27.742
95.756679, 11/16/2017, 17:26:27.773
96.019253, 11/16/2017, 17:26:27.804
96.685694, 11/16/2017, 17:26:27.835
95.019647, 11/16/2017, 17:26:27.866
95.110869, 11/16/2017, 17:26:27.897
93.291245, 11/16/2017, 17:26:27.927
92.607758, 11/16/2017, 17:26:27.958
93.491582, 11/16/2017, 17:26:27.988
93.691583, 11/16/2017, 17:26:29.041
93.207453, 11/16/2017, 17:26:29.071
92.087152, 11/16/2017, 17:26:29.102
91.498743, 11/16/2017, 17:26:29.132
93.212008, 11/16/2017, 17:26:29.162
93.212008, 11/16/2017, 17:26:29.192
92.826750, 11/16/2017, 17:26:29.222
93.255198, 11/16/2017, 17:26:29.252
91.972463, 11/16/2017, 17:26:29.282
92.385326, 11/16/2017, 17:26:29.312
91.409784, 11/16/2017, 17:26:29.342
92.962437, 11/16/2017, 17:26:29.373
93.422328, 11/16/2017, 17:26:29.403
92.562642, 11/16/2017, 17:26:29.433
92.290354, 11/16/2017, 17:26:29.463
90.890068, 11/16/2017, 17:26:29.494
90.115526, 11/16/2017, 17:26:29.524
90.115526, 11/16/2017, 17:26:29.554
91.221551, 11/16/2017, 17:26:29.584
89.842583, 11/16/2017, 17:26:29.614
89.562841, 11/16/2017, 17:26:29.644
88.642934, 11/16/2017, 17:26:29.675
88.098723, 11/16/2017, 17:26:29.705
87.243094, 11/16/2017, 17:26:29.735
87.734917, 11/16/2017, 17:26:29.766
88.528367, 11/16/2017, 17:26:29.795
88.374910, 11/16/2017, 17:26:29.826
88.954805, 11/16/2017, 17:26:29.857
88.954805, 11/16/2017, 17:26:29.886
88.914690, 11/16/2017, 17:26:29.916
88.409508, 11/16/2017, 17:26:29.947
89.332038, 11/16/2017, 17:26:29.977
90.718507, 11/16/2017, 17:26:30.007
90.488965, 11/16/2017, 17:26:30.037
92.940250, 11/16/2017, 17:27:24.704
92.110947, 11/16/2017, 17:27:28.548
89.999027, 11/16/2017, 17:27:28.658
91.192345, 11/16/2017, 17:27:28.687
89.559868, 11/16/2017, 17:27:28.717
91.319716, 11/16/2017, 17:27:28.747
90.832400, 11/16/2017, 17:27:28.777
89.250124, 11/16/2017, 17:27:28.807
87.593493, 11/16/2017, 17:27:28.838
88.455791, 11/16/2017, 17:27:28.868
88.201238, 11/16/2017, 17:27:28.898
90.185338, 11/16/2017, 17:27:28.928
91.400971, 11/16/2017, 17:27:28.958
92.320019, 11/16/2017, 17:27:28.989
91.420246, 11/16/2017, 17:27:29.018
93.286337, 11/16/2017, 17:27:29.048
94.823975, 11/16/2017, 17:27:29.079
95.057464, 11/16/2017, 17:27:29.109
93.664264, 11/16/2017, 17:27:29.139
93.977149, 11/16/2017, 17:27:29.169
92.422000, 11/16/2017, 17:27:29.199
93.448439, 11/16/2017, 17:27:29.229
95.328279, 11/16/2017, 17:27:29.260
94.877587, 11/16/2017, 17:27:29.290
94.877587, 11/16/2017, 17:27:29.320
95.424567, 11/16/2017, 17:27:29.351
93.708683, 11/16/2017, 17:27:29.381
92.694035, 11/16/2017, 17:27:29.412
90.204513, 11/16/2017, 17:27:29.442
89.229348, 11/16/2017, 17:27:29.473
89.414974, 11/16/2017, 17:27:29.502
89.575933, 11/16/2017, 17:27:29.532
87.119684, 11/16/2017, 17:27:29.562
84.680000, 11/16/2017, 17:29:30.723
85.818913, 11/16/2017, 17:29:30.769
87.310683, 11/16/2017, 17:29:30.799
86.733004, 11/16/2017, 17:29:30.829
86.860473, 11/16/2017, 17:29:30.859
87.432460, 11/16/2017, 17:29:30.889
86.138869, 11/16/2017, 17:29:30.919
85.746383, 11/16/2017, 17:29:30.949
87.204830, 11/16/2017, 17:29:30.979
87.488984, 11/16/2017, 17:29:31.009
87.950920, 11/16/2017, 17:29:31.039
86.492653, 11/16/2017, 17:29:31.070
86.993363, 11/16/2017, 17:29:31.100
87.225723, 11/16/2017, 17:29:31.130
87.111532, 11/16/2017, 17:29:31.160
87.111532, 11/16/2017, 17:29:31.190
86.304972, 11/16/2017, 17:29:31.221
85.770420, 11/16/2017, 17:29:31.252
84.353417, 11/16/2017, 17:29:31.282
84.510389, 11/16/2017, 17:29:31.312
85.168311, 11/16/2017, 17:29:31.342
84.909639, 11/16/2017, 17:29:31.372
85.537890, 11/16/2017, 17:29:31.402
85.333152, 11/16/2017, 17:29:31.433
84.609684, 11/16/2017, 17:29:31.462
84.748810, 11/16/2017, 17:29:31.492
84.748810, 11/16/2017, 17:29:31.522
84.337849, 11/16/2017, 17:29:31.552
84.937880, 11/16/2017, 17:29:31.582
85.569999, 11/16/2017, 17:29:31.613
84.485647, 11/16/2017, 17:29:31.643
83.939072, 11/16/2017, 17:29:31.674
84.224342, 11/16/2017, 17:29:31.704
83.969836, 11/16/2017, 17:29:31.733
85.776357, 11/16/2017, 17:29:31.763
86.820129, 11/16/2017, 17:29:31.793
85.568991, 11/16/2017, 17:29:31.823
85.568991, 11/16/2017, 17:29:31.853
86.802566, 11/16/2017, 17:29:31.883
87.516958, 11/16/2017, 17:29:31.913
87.908768, 11/16/2017, 17:29:31.943
87.399877, 11/16/2017, 17:29:31.974
88.021875, 11/16/2017, 17:29:32.004
87.925755, 11/16/2017, 17:29:32.034
87.891412, 11/16/2017, 17:29:32.064
88.549158, 11/16/2017, 17:29:32.094
88.473208, 11/16/2017, 17:29:32.125
90.509209, 11/16/2017, 17:29:32.155
90.375973, 11/16/2017, 17:29:32.186
90.375973, 11/16/2017, 17:29:32.215
90.684075, 11/16/2017, 17:29:32.245
91.686963, 11/16/2017, 17:29:32.275
91.481870, 11/16/2017, 17:29:32.305
91.455313, 11/16/2017, 17:29:32.336
91.967469, 11/16/2017, 17:29:32.366
91.921935, 11/16/2017, 17:29:32.396
91.657516, 11/16/2017, 17:29:32.426
91.068429, 11/16/2017, 17:29:32.456
90.789214, 11/16/2017, 17:29:32.486
90.910083, 11/16/2017, 17:29:32.517
90.024533, 11/16/2017, 17:29:32.548
90.024533, 11/16/2017, 17:29:32.578
89.947073, 11/16/2017, 17:29:32.608
89.537781, 11/16/2017, 17:29:32.638
88.306910, 11/16/2017, 17:29:32.668
89.409395, 11/16/2017, 17:29:32.698
88.494168, 11/16/2017, 17:43:14.869
86.540451, 11/16/2017, 17:43:14.899
86.784971, 11/16/2017, 17:43:14.929
87.055786, 11/16/2017, 17:43:14.959
87.020286, 11/16/2017, 17:43:14.989
86.854614, 11/16/2017, 17:43:15.019
86.546720, 11/16/2017, 17:43:15.049
86.962955, 11/16/2017, 17:43:15.079
86.962955, 11/16/2017, 17:43:15.109
87.003848, 11/16/2017, 17:43:15.139
87.194424, 11/16/2017, 17:43:15.170
88.945417, 11/16/2017, 17:43:15.200
89.922241, 11/16/2017, 17:43:15.230
92.176907, 11/16/2017, 17:43:15.260
91.555019, 11/16/2017, 17:43:15.291
90.391899, 11/16/2017, 17:43:15.320
90.602392, 11/16/2017, 17:43:15.350
91.165063, 11/16/2017, 17:43:15.380
92.205843, 11/16/2017, 17:43:15.410
91.452790, 11/16/2017, 17:43:15.441
91.452790, 11/16/2017, 17:43:15.470
91.390316, 11/16/2017, 17:43:15.500
89.847056, 11/16/2017, 17:43:15.530
90.155931, 11/16/2017, 17:43:15.560
91.212571, 11/16/2017, 17:43:15.590
91.434116, 11/16/2017, 17:43:15.620
92.974044, 11/16/2017, 17:43:15.650
91.297467, 11/16/2017, 17:43:15.680
91.850036, 11/16/2017, 17:43:15.710
90.107753, 11/16/2017, 17:43:15.740
90.107753, 11/16/2017, 17:43:15.770
89.768630, 11/16/2017, 17:43:15.800
90.291383, 11/16/2017, 17:43:15.830
91.650783, 11/16/2017, 17:43:15.861
89.966346, 11/16/2017, 17:43:15.890
88.894625, 11/16/2017, 17:43:15.920
88.878351, 11/16/2017, 17:43:15.950
90.169702, 11/16/2017, 17:43:15.981
90.337297, 11/16/2017, 17:43:16.010
90.198829, 11/16/2017, 17:43:16.040
88.478013, 11/16/2017, 17:43:16.070
88.478013, 11/16/2017, 17:43:16.100
88.824876, 11/16/2017, 17:43:16.130
87.752230, 11/16/2017, 17:43:16.160
86.224901, 11/16/2017, 17:43:16.190
88.160049, 11/16/2017, 17:43:16.220
89.700786, 11/16/2017, 17:43:16.250
91.602804, 11/16/2017, 17:43:16.280
90.773393, 11/16/2017, 17:43:16.310
91.970190, 11/16/2017, 17:43:16.340
91.336492, 11/16/2017, 17:43:16.370
91.935528, 11/16/2017, 17:43:16.400
91.935528, 11/16/2017, 17:43:16.430
92.362530, 11/16/2017, 17:43:16.460
91.254939, 11/16/2017, 17:43:16.490
92.522229, 11/16/2017, 17:43:16.520
92.818887, 11/16/2017, 17:43:16.550
93.490166, 11/16/2017, 17:43:16.580
92.404144, 11/16/2017, 17:43:16.610
93.257707, 11/16/2017, 17:43:16.640
92.535725, 11/16/2017, 17:43:16.671
90.686792, 11/16/2017, 17:43:16.700
89.087736, 11/16/2017, 17:43:16.730
89.087736, 11/16/2017, 17:43:16.760
89.941210, 11/16/2017, 17:43:16.790
89.358743, 11/16/2017, 17:43:16.820
86.731398, 11/16/2017, 17:43:17.243
84.916697, 11/16/2017, 17:43:17.273
84.155835, 11/16/2017, 17:43:17.303
82.805688, 11/16/2017, 17:43:17.333
83.367468, 11/16/2017, 17:43:17.363
84.991252, 11/16/2017, 17:43:17.393
85.673073, 11/16/2017, 17:43:17.423
85.673073, 11/16/2017, 17:43:17.453
83.457109, 11/16/2017, 17:43:17.483
82.793170, 11/16/2017, 17:43:17.513
83.921430, 11/16/2017, 17:43:17.543
85.967730, 11/16/2017, 17:43:17.573
87.123562, 11/16/2017, 17:43:17.603
87.862722, 11/16/2017, 17:43:17.633
87.880644, 11/16/2017, 17:43:17.663
87.952792, 11/16/2017, 17:43:17.693
87.975869, 11/16/2017, 17:43:17.723
88.185666, 11/16/2017, 17:43:17.753
88.185666, 11/16/2017, 17:43:17.783
90.023974, 11/16/2017, 17:43:17.813
91.084330, 11/16/2017, 17:43:17.843
91.481268, 11/16/2017, 17:43:17.873
89.403601, 11/16/2017, 17:43:17.903
89.932253, 11/16/2017, 17:43:17.934
91.351997, 11/16/2017, 17:43:17.963
91.118043, 11/16/2017, 17:43:17.993
90.686182, 11/16/2017, 17:43:18.023
89.214377, 11/16/2017, 17:43:18.053
90.958106, 11/16/2017, 17:43:18.083
89.883907, 11/16/2017, 17:43:18.114
89.883907, 11/16/2017, 17:43:18.144
90.493382, 11/16/2017, 17:43:18.175
90.348098, 11/16/2017, 17:43:18.205
91.254802, 11/16/2017, 17:43:18.236
90.566560, 11/16/2017, 17:43:18.266
87.795115, 11/16/2017, 17:43:18.296
87.332844, 11/16/2017, 17:43:18.326
87.086803, 11/16/2017, 17:43:18.356
88.379763, 11/16/2017, 17:43:18.386
87.611971, 11/16/2017, 17:43:18.417
87.599896, 11/16/2017, 17:43:18.447
88.237627, 11/16/2017, 17:43:18.477
87.929575, 11/16/2017, 17:43:18.508
87.929575, 11/16/2017, 17:43:18.538
89.286786, 11/16/2017, 17:43:18.568
89.226632, 11/16/2017, 17:43:18.598
87.268716, 11/16/2017, 17:43:18.628
87.320308, 11/16/2017, 17:43:18.658
88.689911, 11/16/2017, 17:43:18.689
89.237856, 11/16/2017, 17:43:18.720
89.784854, 11/16/2017, 17:43:18.750
90.301976, 11/16/2017, 17:43:18.780
91.221741, 11/16/2017, 17:43:18.810
91.221741, 11/16/2017, 17:43:18.840
91.474408, 11/16/2017, 17:43:18.870
90.592493, 11/16/2017, 17:43:18.900
90.022525, 11/16/2017, 17:43:18.930
89.159886, 11/16/2017, 17:43:18.961
88.792645, 11/16/2017, 17:43:18.991
87.451184, 11/16/2017, 17:43:19.021
87.273473, 11/16/2017, 17:43:19.051
86.275553, 11/16/2017, 17:43:19.081
88.513517, 11/16/2017, 17:43:19.111
89.755132, 11/16/2017, 17:43:19.141
88.869010, 11/16/2017, 17:43:19.171
88.869010, 11/16/2017, 17:43:19.202
87.041355, 11/16/2017, 17:43:19.231
92.556275, 11/16/2017, 17:45:17.658
95.069539, 11/16/2017, 17:45:17.688
95.069539, 11/16/2017, 17:45:17.718
95.596876, 11/16/2017, 17:45:17.748
96.040845, 11/16/2017, 17:45:17.779
96.693633, 11/16/2017, 17:45:17.809
96.681451, 11/16/2017, 17:45:17.839
98.117966, 11/16/2017, 17:45:17.869
100.890525, 11/16/2017, 17:45:17.899
100.373579, 11/16/2017, 17:45:17.930
99.492816, 11/16/2017, 17:45:17.960
98.265948, 11/16/2017, 17:45:17.991
97.597764, 11/16/2017, 17:45:18.021
98.257544, 11/16/2017, 17:45:18.051
97.647727, 11/16/2017, 17:45:18.081
97.647727, 11/16/2017, 17:45:18.111
97.279168, 11/16/2017, 17:45:18.141
95.172538, 11/16/2017, 17:45:18.172
94.146842, 11/16/2017, 17:45:18.202
93.829410, 11/16/2017, 17:45:18.232
95.200058, 11/16/2017, 17:45:18.263
94.523201, 11/16/2017, 17:45:18.293
93.611893, 11/16/2017, 17:45:18.323
94.261200, 11/16/2017, 17:45:18.354
93.016348, 11/16/2017, 17:45:18.384
92.460873, 11/16/2017, 17:45:18.414
92.460873, 11/16/2017, 17:45:18.444
92.846671, 11/16/2017, 17:45:18.474
94.102588, 11/16/2017, 17:45:18.504
94.448395, 11/16/2017, 17:45:18.534
94.252625, 11/16/2017, 17:45:18.564
94.562515, 11/16/2017, 17:45:18.594
95.818770, 11/16/2017, 17:45:18.624
96.053107, 11/16/2017, 17:45:18.654
97.259541, 11/16/2017, 17:45:18.685
97.554084, 11/16/2017, 17:45:18.715
96.990205, 11/16/2017, 17:45:18.745
95.963898, 11/16/2017, 17:45:18.775
95.963898, 11/16/2017, 17:45:18.805
96.264331, 11/16/2017, 17:45:18.835
94.383535, 11/16/2017, 17:45:18.865
94.485835, 11/16/2017, 17:45:18.895
94.303530, 11/16/2017, 17:45:18.925
94.704640, 11/16/2017, 17:45:18.956
94.796476, 11/16/2017, 17:45:18.986
94.807446, 11/16/2017, 17:45:19.016
94.372944, 11/16/2017, 17:45:19.047
94.378193, 11/16/2017, 17:45:19.076
93.526185, 11/16/2017, 17:45:19.106
93.634023, 11/16/2017, 17:45:19.137
93.634023, 11/16/2017, 17:45:19.167
92.743278, 11/16/2017, 17:45:19.197
91.346424, 11/16/2017, 17:45:19.227
92.806620, 11/16/2017, 17:45:19.257
93.402202, 11/16/2017, 17:45:19.287
92.344005, 11/16/2017, 17:45:19.317
93.533669, 11/16/2017, 17:45:19.347
93.222193, 11/16/2017, 17:45:19.377
93.035212, 11/16/2017, 17:45:19.407
93.086673, 11/16/2017, 17:45:19.437
91.877574, 11/16/2017, 17:45:19.468
91.877574, 11/16/2017, 17:45:19.498
93.201535, 11/16/2017, 17:45:19.528
93.528854, 11/16/2017, 17:45:19.559
93.964051, 11/16/2017, 17:45:19.589
92.778456, 11/16/2017, 17:45:19.619
93.275688, 11/16/2017, 17:45:19.649
87.922749, 11/16/2017, 17:45:20.042
88.689568, 11/16/2017, 17:45:20.073
88.600126, 11/16/2017, 17:45:20.102
88.837632, 11/16/2017, 17:45:20.132
89.386898, 11/16/2017, 17:45:20.162
88.974321, 11/16/2017, 17:45:20.193
88.974321, 11/16/2017, 17:45:20.224
89.118701, 11/16/2017, 17:45:20.253
87.227044, 11/16/2017, 17:45:20.283
86.817573, 11/16/2017, 17:45:20.313
88.162863, 11/16/2017, 17:45:20.343
89.600214, 11/16/2017, 17:45:20.373
90.603074, 11/16/2017, 17:45:20.403
91.168672, 11/16/2017, 17:45:20.433
91.989218, 11/16/2017, 17:45:20.465
92.239039, 11/16/2017, 17:45:20.495
91.834625, 11/16/2017, 17:45:20.525
93.288560, 11/16/2017, 17:47:50.529
94.345688, 11/16/2017, 17:47:50.559
93.057658, 11/16/2017, 17:47:50.589
91.718960, 11/16/2017, 17:47:50.619
94.146741, 11/16/2017, 17:47:50.649
93.457882, 11/16/2017, 17:47:50.679
92.757051, 11/16/2017, 17:47:50.709
94.981095, 11/16/2017, 17:47:50.739
94.447718, 11/16/2017, 17:47:50.769
94.447718, 11/16/2017, 17:47:50.799
94.218544, 11/16/2017, 17:47:50.830
95.910431, 11/16/2017, 17:47:50.860
96.108266, 11/16/2017, 17:47:50.890
96.565512, 11/16/2017, 17:47:50.920
97.158903, 11/16/2017, 17:47:50.950
97.958264, 11/16/2017, 17:47:50.980
98.771100, 11/16/2017, 17:47:51.010
98.887594, 11/16/2017, 17:47:51.040
99.610004, 11/16/2017, 17:47:51.070
100.682200, 11/16/2017, 17:47:51.100
100.682200, 11/16/2017, 17:47:51.130
100.422678, 11/16/2017, 17:47:51.160
97.284490, 11/16/2017, 17:47:51.190
97.073653, 11/16/2017, 17:47:51.220
96.080967, 11/16/2017, 17:47:51.250
95.628921, 11/16/2017, 17:47:51.280
97.374756, 11/16/2017, 17:47:51.310
96.372176, 11/16/2017, 17:47:51.341
97.057073, 11/16/2017, 17:47:51.372
97.210526, 11/16/2017, 17:47:51.402
97.456290, 11/16/2017, 17:47:51.432
96.367794, 11/16/2017, 17:47:51.463
96.367794, 11/16/2017, 17:47:51.493
97.275232, 11/16/2017, 17:47:51.523
97.229620, 11/16/2017, 17:47:51.553
97.120799, 11/16/2017, 17:47:51.583
95.876716, 11/16/2017, 17:47:51.614
95.401251, 11/16/2017, 17:47:51.644
97.380982, 11/16/2017, 17:47:51.674
98.112467, 11/16/2017, 17:47:51.704
97.651952, 11/16/2017, 17:47:51.734
98.152136, 11/16/2017, 17:47:51.764
97.278329, 11/16/2017, 17:47:51.794
97.278329, 11/16/2017, 17:47:51.824
98.327471, 11/16/2017, 17:47:51.854
97.529140, 11/16/2017, 17:47:51.884
96.117498, 11/16/2017, 17:47:51.915
95.796048, 11/16/2017, 17:47:51.944
96.126690, 11/16/2017, 17:47:51.974
95.914644, 11/16/2017, 17:47:52.005
94.372304, 11/16/2017, 17:47:52.034
95.490924, 11/16/2017, 17:47:52.064
96.234852, 11/16/2017, 17:47:52.094
96.554915, 11/16/2017, 17:47:52.124
96.554915, 11/16/2017, 17:47:52.155
96.448637, 11/16/2017, 17:47:52.184
96.444358, 11/16/2017, 17:47:52.214
94.391924, 11/16/2017, 17:47:52.244
93.248494, 11/16/2017, 17:47:52.274
94.784756, 11/16/2017, 17:47:52.305
93.250893, 11/16/2017, 17:47:52.335
94.697411, 11/16/2017, 17:47:52.365
94.522383, 11/16/2017, 17:47:52.395
95.463577, 11/16/2017, 17:47:52.425
95.488738, 11/16/2017, 17:47:52.455
96.029681, 11/16/2017, 17:47:52.485
97.127316, 11/16/2017, 17:47:52.877
96.336971, 11/16/2017, 17:47:52.907
96.656174, 11/16/2017, 17:47:52.938
96.948109, 11/16/2017, 17:47:52.968
96.641577, 11/16/2017, 17:47:53.000
96.018281, 11/16/2017, 17:47:53.029
93.753334, 11/16/2017, 17:47:53.059
94.780655, 11/16/2017, 17:47:53.089
95.714341, 11/16/2017, 17:47:53.119
94.796939, 11/16/2017, 17:47:53.149
95.083620, 11/16/2017, 17:47:53.180
95.083620, 11/16/2017, 17:47:53.210
95.255800, 11/16/2017, 17:47:53.240
95.130323, 11/16/2017, 17:47:53.270
93.942156, 11/16/2017, 17:47:53.300
94.668179, 11/16/2017, 17:47:53.330
94.650215, 11/16/2017, 17:47:53.361
94.645133, 11/16/2017, 17:47:53.391
