14.456446, 10/19/2017 5:35:00 PM
14.004661, 10/19/2017 5:35:00 PM
14.004661, 10/19/2017 5:35:00 PM
14.004661, 10/19/2017 5:35:00 PM
14.004661, 10/19/2017 5:35:00 PM
14.004661, 10/19/2017 5:35:00 PM
14.004661, 10/19/2017 5:35:00 PM
14.004661, 10/19/2017 5:35:00 PM
14.004661, 10/19/2017 5:35:00 PM
13.835829, 10/19/2017 5:35:00 PM
13.835829, 10/19/2017 5:35:00 PM
13.835829, 10/19/2017 5:35:00 PM
13.835829, 10/19/2017 5:35:00 PM
13.835829, 10/19/2017 5:35:00 PM
13.835829, 10/19/2017 5:35:00 PM
15.944578, 10/19/2017 5:35:00 PM
15.944578, 10/19/2017 5:35:00 PM
15.944578, 10/19/2017 5:35:00 PM
15.944578, 10/19/2017 5:35:00 PM
15.944578, 10/19/2017 5:35:00 PM
15.944578, 10/19/2017 5:35:00 PM
15.944578, 10/19/2017 5:35:00 PM
15.944578, 10/19/2017 5:35:00 PM
15.529198, 10/19/2017 5:35:00 PM
15.529198, 10/19/2017 5:35:00 PM
15.529198, 10/19/2017 5:35:00 PM
15.529198, 10/19/2017 5:35:00 PM
15.529198, 10/19/2017 5:35:00 PM
15.529198, 10/19/2017 5:35:00 PM
15.529198, 10/19/2017 5:35:00 PM
15.529198, 10/19/2017 5:35:00 PM
15.529198, 10/19/2017 5:35:00 PM
15.553422, 10/19/2017 5:35:00 PM
15.553422, 10/19/2017 5:35:00 PM
15.553422, 10/19/2017 5:35:00 PM
15.553422, 10/19/2017 5:35:00 PM
15.553422, 10/19/2017 5:35:00 PM
15.553422, 10/19/2017 5:35:00 PM
16.426395, 10/19/2017 5:35:00 PM
16.426395, 10/19/2017 5:35:00 PM
16.426395, 10/19/2017 5:35:00 PM
16.426395, 10/19/2017 5:35:00 PM
16.426395, 10/19/2017 5:35:00 PM
16.426395, 10/19/2017 5:35:00 PM
16.426395, 10/19/2017 5:35:00 PM
16.426395, 10/19/2017 5:35:00 PM
16.426395, 10/19/2017 5:35:00 PM
16.426395, 10/19/2017 5:35:00 PM
16.426395, 10/19/2017 5:35:00 PM
16.426395, 10/19/2017 5:35:00 PM
16.426395, 10/19/2017 5:35:00 PM
16.426395, 10/19/2017 5:35:00 PM
16.426395, 10/19/2017 5:35:00 PM
16.426395, 10/19/2017 5:35:00 PM
16.426395, 10/19/2017 5:35:00 PM
16.057399, 10/19/2017 5:35:00 PM
16.057399, 10/19/2017 5:35:00 PM
16.057399, 10/19/2017 5:35:00 PM
16.057399, 10/19/2017 5:35:00 PM
16.057399, 10/19/2017 5:35:00 PM
15.445313, 10/19/2017 5:35:00 PM
15.445313, 10/19/2017 5:35:00 PM
15.445313, 10/19/2017 5:35:00 PM
16.463077, 10/19/2017 5:35:00 PM
16.463077, 10/19/2017 5:35:00 PM
16.463077, 10/19/2017 5:35:00 PM
16.463077, 10/19/2017 5:35:00 PM
16.018838, 10/19/2017 5:35:00 PM
16.018838, 10/19/2017 5:35:00 PM
16.018838, 10/19/2017 5:35:00 PM
16.018838, 10/19/2017 5:35:00 PM
16.018838, 10/19/2017 5:35:00 PM
16.018838, 10/19/2017 5:35:00 PM
16.018838, 10/19/2017 5:35:00 PM
16.018838, 10/19/2017 5:35:00 PM
16.018838, 10/19/2017 5:35:00 PM
16.605245, 10/19/2017 5:35:00 PM
16.605245, 10/19/2017 5:35:00 PM
16.605245, 10/19/2017 5:35:00 PM
16.605245, 10/19/2017 5:35:00 PM
16.605245, 10/19/2017 5:35:00 PM
16.605245, 10/19/2017 5:35:00 PM
16.605245, 10/19/2017 5:35:00 PM
16.605245, 10/19/2017 5:35:00 PM
15.588991, 10/19/2017 5:35:00 PM
15.588991, 10/19/2017 5:35:00 PM
15.588991, 10/19/2017 5:35:00 PM
15.588991, 10/19/2017 5:35:00 PM
15.588991, 10/19/2017 5:35:00 PM
15.770468, 10/19/2017 5:35:00 PM
15.770468, 10/19/2017 5:35:00 PM
15.770468, 10/19/2017 5:35:00 PM
15.770468, 10/19/2017 5:35:00 PM
15.770468, 10/19/2017 5:35:00 PM
15.509801, 10/19/2017 5:35:00 PM
15.509801, 10/19/2017 5:35:00 PM
15.509801, 10/19/2017 5:35:00 PM
15.509801, 10/19/2017 5:35:00 PM
15.509801, 10/19/2017 5:35:00 PM
15.509801, 10/19/2017 5:35:00 PM
15.509801, 10/19/2017 5:35:00 PM
15.509801, 10/19/2017 5:35:00 PM
14.934976, 10/19/2017 5:35:00 PM
14.934976, 10/19/2017 5:35:00 PM
14.934976, 10/19/2017 5:35:00 PM
14.934976, 10/19/2017 5:35:00 PM
14.934976, 10/19/2017 5:35:00 PM
14.327280, 10/19/2017 5:35:00 PM
14.327280, 10/19/2017 5:35:00 PM
14.327280, 10/19/2017 5:35:00 PM
14.327280, 10/19/2017 5:35:00 PM
14.327280, 10/19/2017 5:35:00 PM
14.327280, 10/19/2017 5:35:00 PM
13.794932, 10/19/2017 5:35:00 PM
13.794932, 10/19/2017 5:35:00 PM
13.794932, 10/19/2017 5:35:00 PM
13.794932, 10/19/2017 5:35:00 PM
13.794932, 10/19/2017 5:35:00 PM
13.794932, 10/19/2017 5:35:00 PM
12.999041, 10/19/2017 5:35:00 PM
12.999041, 10/19/2017 5:35:00 PM
12.999041, 10/19/2017 5:35:00 PM
12.999041, 10/19/2017 5:35:00 PM
12.999041, 10/19/2017 5:35:00 PM
12.999041, 10/19/2017 5:35:00 PM
13.683442, 10/19/2017 5:35:00 PM
13.683442, 10/19/2017 5:35:00 PM
13.683442, 10/19/2017 5:35:00 PM
13.683442, 10/19/2017 5:35:00 PM
13.683442, 10/19/2017 5:35:00 PM
13.683442, 10/19/2017 5:35:00 PM
13.513295, 10/19/2017 5:35:00 PM
13.513295, 10/19/2017 5:35:00 PM
13.513295, 10/19/2017 5:35:00 PM
13.513295, 10/19/2017 5:35:00 PM
13.513295, 10/19/2017 5:35:00 PM
13.513295, 10/19/2017 5:35:00 PM
13.513295, 10/19/2017 5:35:00 PM
13.237572, 10/19/2017 5:35:00 PM
13.237572, 10/19/2017 5:35:00 PM
13.237572, 10/19/2017 5:35:00 PM
13.237572, 10/19/2017 5:35:00 PM
13.237572, 10/19/2017 5:35:00 PM
13.237572, 10/19/2017 5:35:00 PM
13.452467, 10/19/2017 5:35:00 PM
13.452467, 10/19/2017 5:35:00 PM
13.452467, 10/19/2017 5:35:00 PM
13.452467, 10/19/2017 5:35:00 PM
13.452467, 10/19/2017 5:35:00 PM
13.452467, 10/19/2017 5:35:00 PM
13.055427, 10/19/2017 5:35:00 PM
13.055427, 10/19/2017 5:35:00 PM
13.055427, 10/19/2017 5:35:00 PM
13.055427, 10/19/2017 5:35:00 PM
13.055427, 10/19/2017 5:35:00 PM
13.055427, 10/19/2017 5:35:00 PM
13.169429, 10/19/2017 5:35:00 PM
13.169429, 10/19/2017 5:35:00 PM
13.169429, 10/19/2017 5:35:00 PM
13.169429, 10/19/2017 5:35:01 PM
13.169429, 10/19/2017 5:35:01 PM
13.169429, 10/19/2017 5:35:01 PM
12.084238, 10/19/2017 5:35:01 PM
12.084238, 10/19/2017 5:35:01 PM
12.084238, 10/19/2017 5:35:01 PM
12.084238, 10/19/2017 5:35:01 PM
12.084238, 10/19/2017 5:35:01 PM
12.084238, 10/19/2017 5:35:01 PM
11.523764, 10/19/2017 5:35:01 PM
11.523764, 10/19/2017 5:35:01 PM
11.523764, 10/19/2017 5:35:01 PM
11.523764, 10/19/2017 5:35:01 PM
11.523764, 10/19/2017 5:35:01 PM
11.523764, 10/19/2017 5:35:01 PM
11.601485, 10/19/2017 5:35:01 PM
11.601485, 10/19/2017 5:35:01 PM
11.601485, 10/19/2017 5:35:01 PM
11.601485, 10/19/2017 5:35:01 PM
11.601485, 10/19/2017 5:35:01 PM
11.601485, 10/19/2017 5:35:01 PM
11.722040, 10/19/2017 5:35:01 PM
11.722040, 10/19/2017 5:35:01 PM
11.722040, 10/19/2017 5:35:01 PM
11.722040, 10/19/2017 5:35:01 PM
11.722040, 10/19/2017 5:35:01 PM
11.722040, 10/19/2017 5:35:01 PM
12.237135, 10/19/2017 5:35:01 PM
12.237135, 10/19/2017 5:35:01 PM
12.237135, 10/19/2017 5:35:01 PM
12.237135, 10/19/2017 5:35:01 PM
12.237135, 10/19/2017 5:35:01 PM
12.237135, 10/19/2017 5:35:01 PM
13.245799, 10/19/2017 5:35:01 PM
13.245799, 10/19/2017 5:35:01 PM
13.245799, 10/19/2017 5:35:01 PM
13.245799, 10/19/2017 5:35:01 PM
13.245799, 10/19/2017 5:35:01 PM
12.471699, 10/19/2017 5:35:01 PM
12.471699, 10/19/2017 5:35:01 PM
12.471699, 10/19/2017 5:35:01 PM
12.471699, 10/19/2017 5:35:01 PM
12.471699, 10/19/2017 5:35:01 PM
12.471699, 10/19/2017 5:35:01 PM
12.822462, 10/19/2017 5:35:01 PM
12.822462, 10/19/2017 5:35:01 PM
12.822462, 10/19/2017 5:35:01 PM
12.822462, 10/19/2017 5:35:01 PM
13.571809, 10/19/2017 5:35:01 PM
13.571809, 10/19/2017 5:35:01 PM
13.571809, 10/19/2017 5:35:01 PM
13.571809, 10/19/2017 5:35:01 PM
13.571809, 10/19/2017 5:35:01 PM
13.571809, 10/19/2017 5:35:01 PM
13.028962, 10/19/2017 5:35:01 PM
13.028962, 10/19/2017 5:35:01 PM
13.028962, 10/19/2017 5:35:01 PM
13.028962, 10/19/2017 5:35:01 PM
13.028962, 10/19/2017 5:35:01 PM
13.259712, 10/19/2017 5:35:01 PM
13.259712, 10/19/2017 5:35:01 PM
13.259712, 10/19/2017 5:35:01 PM
13.259712, 10/19/2017 5:35:01 PM
13.453872, 10/19/2017 5:35:01 PM
13.453872, 10/19/2017 5:35:01 PM
13.453872, 10/19/2017 5:35:01 PM
13.453872, 10/19/2017 5:35:01 PM
13.453872, 10/19/2017 5:35:01 PM
14.185735, 10/19/2017 5:35:01 PM
14.185735, 10/19/2017 5:35:01 PM
14.185735, 10/19/2017 5:35:01 PM
14.185735, 10/19/2017 5:35:01 PM
14.185735, 10/19/2017 5:35:01 PM
14.468436, 10/19/2017 5:35:01 PM
14.468436, 10/19/2017 5:35:01 PM
14.468436, 10/19/2017 5:35:01 PM
14.468436, 10/19/2017 5:35:01 PM
14.468436, 10/19/2017 5:35:01 PM
14.680404, 10/19/2017 5:35:01 PM
14.680404, 10/19/2017 5:35:01 PM
14.680404, 10/19/2017 5:35:01 PM
14.680404, 10/19/2017 5:35:01 PM
14.680404, 10/19/2017 5:35:01 PM
14.552948, 10/19/2017 5:35:01 PM
14.552948, 10/19/2017 5:35:01 PM
14.552948, 10/19/2017 5:35:01 PM
14.552948, 10/19/2017 5:35:01 PM
14.552948, 10/19/2017 5:35:01 PM
14.552948, 10/19/2017 5:35:01 PM
13.346738, 10/19/2017 5:35:01 PM
13.346738, 10/19/2017 5:35:01 PM
13.346738, 10/19/2017 5:35:01 PM
13.346738, 10/19/2017 5:35:01 PM
12.407218, 10/19/2017 5:35:01 PM
12.407218, 10/19/2017 5:35:01 PM
12.407218, 10/19/2017 5:35:01 PM
12.407218, 10/19/2017 5:35:01 PM
12.407218, 10/19/2017 5:35:01 PM
11.675750, 10/19/2017 5:35:01 PM
11.675750, 10/19/2017 5:35:01 PM
11.675750, 10/19/2017 5:35:01 PM
11.675750, 10/19/2017 5:35:01 PM
11.675750, 10/19/2017 5:35:01 PM
11.675750, 10/19/2017 5:35:01 PM
10.775193, 10/19/2017 5:35:01 PM
10.775193, 10/19/2017 5:35:01 PM
10.775193, 10/19/2017 5:35:01 PM
10.775193, 10/19/2017 5:35:01 PM
10.775193, 10/19/2017 5:35:01 PM
9.019666, 10/19/2017 5:35:01 PM
9.019666, 10/19/2017 5:35:01 PM
9.019666, 10/19/2017 5:35:01 PM
9.019666, 10/19/2017 5:35:01 PM
9.019666, 10/19/2017 5:35:01 PM
9.144251, 10/19/2017 5:35:01 PM
9.144251, 10/19/2017 5:35:01 PM
9.144251, 10/19/2017 5:35:01 PM
9.144251, 10/19/2017 5:35:01 PM
9.144251, 10/19/2017 5:35:01 PM
9.144251, 10/19/2017 5:35:01 PM
8.776910, 10/19/2017 5:35:01 PM
8.776910, 10/19/2017 5:35:01 PM
8.776910, 10/19/2017 5:35:01 PM
8.776910, 10/19/2017 5:35:01 PM
8.776910, 10/19/2017 5:35:01 PM
7.988132, 10/19/2017 5:35:01 PM
7.988132, 10/19/2017 5:35:01 PM
7.988132, 10/19/2017 5:35:01 PM
7.988132, 10/19/2017 5:35:01 PM
7.988132, 10/19/2017 5:35:01 PM
7.988132, 10/19/2017 5:35:01 PM
7.217851, 10/19/2017 5:35:01 PM
7.217851, 10/19/2017 5:35:01 PM
7.217851, 10/19/2017 5:35:01 PM
7.217851, 10/19/2017 5:35:01 PM
7.217851, 10/19/2017 5:35:01 PM
7.528522, 10/19/2017 5:35:01 PM
7.528522, 10/19/2017 5:35:01 PM
7.528522, 10/19/2017 5:35:01 PM
7.528522, 10/19/2017 5:35:01 PM
7.528522, 10/19/2017 5:35:01 PM
6.391720, 10/19/2017 5:35:01 PM
6.391720, 10/19/2017 5:35:01 PM
6.391720, 10/19/2017 5:35:01 PM
6.391720, 10/19/2017 5:35:01 PM
6.391720, 10/19/2017 5:35:01 PM
7.336366, 10/19/2017 5:35:01 PM
7.336366, 10/19/2017 5:35:01 PM
7.336366, 10/19/2017 5:35:01 PM
7.336366, 10/19/2017 5:35:01 PM
7.566676, 10/19/2017 5:35:01 PM
7.566676, 10/19/2017 5:35:01 PM
7.566676, 10/19/2017 5:35:01 PM
7.566676, 10/19/2017 5:35:01 PM
7.566676, 10/19/2017 5:35:01 PM
8.213001, 10/19/2017 5:35:01 PM
8.213001, 10/19/2017 5:35:01 PM
8.213001, 10/19/2017 5:35:01 PM
8.213001, 10/19/2017 5:35:01 PM
8.213001, 10/19/2017 5:35:02 PM
8.213001, 10/19/2017 5:35:02 PM
9.006417, 10/19/2017 5:35:02 PM
9.006417, 10/19/2017 5:35:02 PM
9.006417, 10/19/2017 5:35:02 PM
9.006417, 10/19/2017 5:35:02 PM
10.362476, 10/19/2017 5:35:02 PM
10.362476, 10/19/2017 5:35:02 PM
10.362476, 10/19/2017 5:35:02 PM
10.362476, 10/19/2017 5:35:02 PM
10.362476, 10/19/2017 5:35:02 PM
10.567045, 10/19/2017 5:35:02 PM
10.567045, 10/19/2017 5:35:02 PM
10.567045, 10/19/2017 5:35:02 PM
10.567045, 10/19/2017 5:35:02 PM
10.567045, 10/19/2017 5:35:02 PM
9.930878, 10/19/2017 5:35:02 PM
9.930878, 10/19/2017 5:35:02 PM
9.930878, 10/19/2017 5:35:02 PM
9.930878, 10/19/2017 5:35:02 PM
9.930878, 10/19/2017 5:35:02 PM
10.092856, 10/19/2017 5:35:02 PM
10.092856, 10/19/2017 5:35:02 PM
10.092856, 10/19/2017 5:35:02 PM
10.092856, 10/19/2017 5:35:02 PM
10.092856, 10/19/2017 5:35:02 PM
10.806930, 10/19/2017 5:35:02 PM
10.806930, 10/19/2017 5:35:02 PM
10.806930, 10/19/2017 5:35:02 PM
10.806930, 10/19/2017 5:35:02 PM
10.806930, 10/19/2017 5:35:02 PM
10.806930, 10/19/2017 5:35:02 PM
10.779070, 10/19/2017 5:35:02 PM
10.779070, 10/19/2017 5:35:02 PM
10.779070, 10/19/2017 5:35:02 PM
10.779070, 10/19/2017 5:35:02 PM
10.779070, 10/19/2017 5:35:02 PM
11.304198, 10/19/2017 5:35:02 PM
11.304198, 10/19/2017 5:35:02 PM
11.304198, 10/19/2017 5:35:02 PM
11.304198, 10/19/2017 5:35:02 PM
11.304198, 10/19/2017 5:35:02 PM
12.791891, 10/19/2017 5:35:02 PM
12.791891, 10/19/2017 5:35:02 PM
12.791891, 10/19/2017 5:35:02 PM
12.791891, 10/19/2017 5:35:02 PM
12.390486, 10/19/2017 5:35:02 PM
12.390486, 10/19/2017 5:35:02 PM
12.390486, 10/19/2017 5:35:02 PM
12.390486, 10/19/2017 5:35:02 PM
12.390486, 10/19/2017 5:35:02 PM
13.839520, 10/19/2017 5:35:02 PM
13.839520, 10/19/2017 5:35:02 PM
13.839520, 10/19/2017 5:35:02 PM
13.839520, 10/19/2017 5:35:02 PM
14.454193, 10/19/2017 5:35:02 PM
14.454193, 10/19/2017 5:35:02 PM
14.454193, 10/19/2017 5:35:02 PM
14.454193, 10/19/2017 5:35:02 PM
14.454193, 10/19/2017 5:35:02 PM
13.925867, 10/19/2017 5:35:02 PM
13.925867, 10/19/2017 5:35:02 PM
13.925867, 10/19/2017 5:35:02 PM
13.925867, 10/19/2017 5:35:02 PM
13.489342, 10/19/2017 5:35:02 PM
13.489342, 10/19/2017 5:35:02 PM
13.489342, 10/19/2017 5:35:02 PM
13.489342, 10/19/2017 5:35:02 PM
13.489342, 10/19/2017 5:35:02 PM
13.810190, 10/19/2017 5:35:02 PM
13.810190, 10/19/2017 5:35:02 PM
13.810190, 10/19/2017 5:35:02 PM
13.810190, 10/19/2017 5:35:02 PM
14.299366, 10/19/2017 5:35:02 PM
14.299366, 10/19/2017 5:35:02 PM
14.299366, 10/19/2017 5:35:02 PM
14.299366, 10/19/2017 5:35:02 PM
13.709338, 10/19/2017 5:35:02 PM
13.709338, 10/19/2017 5:35:02 PM
13.709338, 10/19/2017 5:35:02 PM
13.709338, 10/19/2017 5:35:02 PM
13.618717, 10/19/2017 5:35:02 PM
13.618717, 10/19/2017 5:35:02 PM
13.618717, 10/19/2017 5:35:02 PM
13.618717, 10/19/2017 5:35:02 PM
13.618717, 10/19/2017 5:35:02 PM
13.695882, 10/19/2017 5:35:02 PM
13.695882, 10/19/2017 5:35:02 PM
13.695882, 10/19/2017 5:35:02 PM
13.695882, 10/19/2017 5:35:02 PM
14.169482, 10/19/2017 5:35:02 PM
14.169482, 10/19/2017 5:35:02 PM
14.169482, 10/19/2017 5:35:02 PM
14.169482, 10/19/2017 5:35:02 PM
14.169482, 10/19/2017 5:35:02 PM
13.193060, 10/19/2017 5:35:02 PM
13.193060, 10/19/2017 5:35:02 PM
13.193060, 10/19/2017 5:35:02 PM
13.193060, 10/19/2017 5:35:02 PM
12.850248, 10/19/2017 5:35:02 PM
12.850248, 10/19/2017 5:35:02 PM
12.850248, 10/19/2017 5:35:02 PM
12.850248, 10/19/2017 5:35:02 PM
12.850248, 10/19/2017 5:35:02 PM
12.058759, 10/19/2017 5:35:02 PM
12.058759, 10/19/2017 5:35:02 PM
12.058759, 10/19/2017 5:35:02 PM
12.058759, 10/19/2017 5:35:02 PM
11.924374, 10/19/2017 5:35:02 PM
11.924374, 10/19/2017 5:35:02 PM
11.924374, 10/19/2017 5:35:02 PM
11.924374, 10/19/2017 5:35:02 PM
11.924374, 10/19/2017 5:35:02 PM
10.215730, 10/19/2017 5:35:02 PM
10.215730, 10/19/2017 5:35:02 PM
10.215730, 10/19/2017 5:35:02 PM
10.215730, 10/19/2017 5:35:02 PM
10.119028, 10/19/2017 5:35:02 PM
10.119028, 10/19/2017 5:35:02 PM
10.119028, 10/19/2017 5:35:02 PM
10.119028, 10/19/2017 5:35:02 PM
10.119028, 10/19/2017 5:35:02 PM
9.718903, 10/19/2017 5:35:02 PM
9.718903, 10/19/2017 5:35:02 PM
9.718903, 10/19/2017 5:35:02 PM
9.718903, 10/19/2017 5:35:02 PM
9.066596, 10/19/2017 5:35:02 PM
9.066596, 10/19/2017 5:35:02 PM
9.066596, 10/19/2017 5:35:02 PM
9.066596, 10/19/2017 5:35:02 PM
9.676486, 10/19/2017 5:35:02 PM
9.676486, 10/19/2017 5:35:02 PM
9.676486, 10/19/2017 5:35:02 PM
9.676486, 10/19/2017 5:35:02 PM
9.038405, 10/19/2017 5:35:02 PM
9.038405, 10/19/2017 5:35:02 PM
9.038405, 10/19/2017 5:35:02 PM
9.038405, 10/19/2017 5:35:02 PM
8.140262, 10/19/2017 5:35:03 PM
8.140262, 10/19/2017 5:35:03 PM
8.140262, 10/19/2017 5:35:03 PM
8.140262, 10/19/2017 5:35:03 PM
7.773113, 10/19/2017 5:35:03 PM
7.773113, 10/19/2017 5:35:03 PM
7.773113, 10/19/2017 5:35:03 PM
7.773113, 10/19/2017 5:35:03 PM
7.559366, 10/19/2017 5:35:03 PM
7.559366, 10/19/2017 5:35:03 PM
7.559366, 10/19/2017 5:35:03 PM
7.047593, 10/19/2017 5:35:03 PM
7.047593, 10/19/2017 5:35:03 PM
7.047593, 10/19/2017 5:35:03 PM
7.047593, 10/19/2017 5:35:03 PM
6.571331, 10/19/2017 5:35:03 PM
6.571331, 10/19/2017 5:35:03 PM
6.571331, 10/19/2017 5:35:03 PM
6.571331, 10/19/2017 5:35:03 PM
6.571331, 10/19/2017 5:35:03 PM
6.427103, 10/19/2017 5:35:03 PM
6.427103, 10/19/2017 5:35:03 PM
6.427103, 10/19/2017 5:35:03 PM
6.427103, 10/19/2017 5:35:03 PM
6.628487, 10/19/2017 5:35:03 PM
6.628487, 10/19/2017 5:35:03 PM
6.628487, 10/19/2017 5:35:03 PM
6.628487, 10/19/2017 5:35:03 PM
6.628487, 10/19/2017 5:35:03 PM
7.483924, 10/19/2017 5:35:03 PM
7.483924, 10/19/2017 5:35:03 PM
7.483924, 10/19/2017 5:35:03 PM
7.483924, 10/19/2017 5:35:03 PM
7.483924, 10/19/2017 5:35:03 PM
8.770408, 10/19/2017 5:35:03 PM
8.770408, 10/19/2017 5:35:03 PM
8.770408, 10/19/2017 5:35:03 PM
8.770408, 10/19/2017 5:35:03 PM
8.770408, 10/19/2017 5:35:03 PM
8.081401, 10/19/2017 5:35:03 PM
8.081401, 10/19/2017 5:35:03 PM
8.081401, 10/19/2017 5:35:03 PM
8.081401, 10/19/2017 5:35:03 PM
8.081401, 10/19/2017 5:35:03 PM
8.270082, 10/19/2017 5:35:03 PM
8.270082, 10/19/2017 5:35:03 PM
8.270082, 10/19/2017 5:35:03 PM
8.270082, 10/19/2017 5:35:03 PM
8.270082, 10/19/2017 5:35:03 PM
8.270082, 10/19/2017 5:35:03 PM
9.089216, 10/19/2017 5:35:03 PM
9.089216, 10/19/2017 5:35:03 PM
9.089216, 10/19/2017 5:35:03 PM
9.089216, 10/19/2017 5:35:03 PM
10.048113, 10/19/2017 5:35:03 PM
10.048113, 10/19/2017 5:35:03 PM
10.048113, 10/19/2017 5:35:03 PM
10.048113, 10/19/2017 5:35:03 PM
10.048113, 10/19/2017 5:35:03 PM
10.048113, 10/19/2017 5:35:03 PM
10.506366, 10/19/2017 5:35:03 PM
10.506366, 10/19/2017 5:35:03 PM
10.506366, 10/19/2017 5:35:03 PM
10.506366, 10/19/2017 5:35:03 PM
10.506366, 10/19/2017 5:35:03 PM
11.360202, 10/19/2017 5:35:03 PM
11.360202, 10/19/2017 5:35:03 PM
11.360202, 10/19/2017 5:35:03 PM
11.360202, 10/19/2017 5:35:03 PM
11.360202, 10/19/2017 5:35:03 PM
11.242855, 10/19/2017 5:35:03 PM
11.242855, 10/19/2017 5:35:03 PM
11.242855, 10/19/2017 5:35:03 PM
11.242855, 10/19/2017 5:35:03 PM
11.242855, 10/19/2017 5:35:03 PM
11.657462, 10/19/2017 5:35:03 PM
11.657462, 10/19/2017 5:35:03 PM
11.657462, 10/19/2017 5:35:03 PM
11.657462, 10/19/2017 5:35:03 PM
11.497227, 10/19/2017 5:35:03 PM
11.497227, 10/19/2017 5:35:03 PM
11.497227, 10/19/2017 5:35:03 PM
11.497227, 10/19/2017 5:35:03 PM
11.497227, 10/19/2017 5:35:03 PM
12.800213, 10/19/2017 5:35:03 PM
12.800213, 10/19/2017 5:35:03 PM
12.800213, 10/19/2017 5:35:03 PM
12.800213, 10/19/2017 5:35:03 PM
12.800213, 10/19/2017 5:35:03 PM
11.178774, 10/19/2017 5:35:03 PM
11.178774, 10/19/2017 5:35:03 PM
11.178774, 10/19/2017 5:35:03 PM
11.178774, 10/19/2017 5:35:03 PM
10.028369, 10/19/2017 5:35:03 PM
10.028369, 10/19/2017 5:35:03 PM
10.028369, 10/19/2017 5:35:03 PM
10.028369, 10/19/2017 5:35:03 PM
10.028369, 10/19/2017 5:35:03 PM
11.218930, 10/19/2017 5:35:03 PM
11.218930, 10/19/2017 5:35:03 PM
11.218930, 10/19/2017 5:35:03 PM
11.218930, 10/19/2017 5:35:03 PM
11.218930, 10/19/2017 5:35:03 PM
11.218930, 10/19/2017 5:35:03 PM
11.222693, 10/19/2017 5:35:03 PM
11.222693, 10/19/2017 5:35:03 PM
11.222693, 10/19/2017 5:35:03 PM
11.222693, 10/19/2017 5:35:03 PM
10.860415, 10/19/2017 5:35:03 PM
10.860415, 10/19/2017 5:35:03 PM
10.860415, 10/19/2017 5:35:03 PM
10.860415, 10/19/2017 5:35:03 PM
10.860415, 10/19/2017 5:35:03 PM
10.860415, 10/19/2017 5:35:03 PM
10.021687, 10/19/2017 5:35:03 PM
10.021687, 10/19/2017 5:35:03 PM
10.021687, 10/19/2017 5:35:03 PM
10.021687, 10/19/2017 5:35:03 PM
8.611539, 10/19/2017 5:35:03 PM
8.611539, 10/19/2017 5:35:03 PM
8.611539, 10/19/2017 5:35:03 PM
8.611539, 10/19/2017 5:35:03 PM
8.611539, 10/19/2017 5:35:03 PM
8.326861, 10/19/2017 5:35:03 PM
8.326861, 10/19/2017 5:35:03 PM
8.326861, 10/19/2017 5:35:03 PM
8.326861, 10/19/2017 5:35:03 PM
8.326861, 10/19/2017 5:35:03 PM
8.741269, 10/19/2017 5:35:03 PM
8.741269, 10/19/2017 5:35:03 PM
8.741269, 10/19/2017 5:35:03 PM
8.741269, 10/19/2017 5:35:03 PM
8.741269, 10/19/2017 5:35:03 PM
7.191364, 10/19/2017 5:35:03 PM
7.191364, 10/19/2017 5:35:03 PM
7.191364, 10/19/2017 5:35:03 PM
7.191364, 10/19/2017 5:35:03 PM
7.191364, 10/19/2017 5:35:03 PM
7.719267, 10/19/2017 5:35:03 PM
7.719267, 10/19/2017 5:35:03 PM
7.719267, 10/19/2017 5:35:03 PM
7.719267, 10/19/2017 5:35:03 PM
8.086021, 10/19/2017 5:35:03 PM
8.086021, 10/19/2017 5:35:03 PM
8.086021, 10/19/2017 5:35:04 PM
8.086021, 10/19/2017 5:35:04 PM
8.086021, 10/19/2017 5:35:04 PM
7.009212, 10/19/2017 5:35:04 PM
7.009212, 10/19/2017 5:35:04 PM
7.009212, 10/19/2017 5:35:04 PM
7.009212, 10/19/2017 5:35:04 PM
7.301999, 10/19/2017 5:35:04 PM
7.301999, 10/19/2017 5:35:04 PM
7.301999, 10/19/2017 5:35:04 PM
7.301999, 10/19/2017 5:35:04 PM
7.301999, 10/19/2017 5:35:04 PM
8.508852, 10/19/2017 5:35:04 PM
8.508852, 10/19/2017 5:35:04 PM
8.508852, 10/19/2017 5:35:04 PM
8.508852, 10/19/2017 5:35:04 PM
8.508852, 10/19/2017 5:35:04 PM
8.628881, 10/19/2017 5:35:04 PM
8.628881, 10/19/2017 5:35:04 PM
8.628881, 10/19/2017 5:35:04 PM
8.628881, 10/19/2017 5:35:04 PM
8.628881, 10/19/2017 5:35:04 PM
8.983198, 10/19/2017 5:35:04 PM
8.983198, 10/19/2017 5:35:04 PM
8.983198, 10/19/2017 5:35:04 PM
8.983198, 10/19/2017 5:35:04 PM
8.984547, 10/19/2017 5:35:04 PM
8.984547, 10/19/2017 5:35:04 PM
8.984547, 10/19/2017 5:35:04 PM
8.984547, 10/19/2017 5:35:04 PM
8.984547, 10/19/2017 5:35:04 PM
10.467556, 10/19/2017 5:35:04 PM
10.467556, 10/19/2017 5:35:04 PM
10.467556, 10/19/2017 5:35:04 PM
10.467556, 10/19/2017 5:35:04 PM
10.017575, 10/19/2017 5:35:04 PM
10.017575, 10/19/2017 5:35:04 PM
10.017575, 10/19/2017 5:35:04 PM
10.017575, 10/19/2017 5:35:04 PM
10.017575, 10/19/2017 5:35:04 PM
10.909400, 10/19/2017 5:35:04 PM
10.909400, 10/19/2017 5:35:04 PM
10.909400, 10/19/2017 5:35:04 PM
10.909400, 10/19/2017 5:35:04 PM
10.909400, 10/19/2017 5:35:04 PM
11.299658, 10/19/2017 5:35:04 PM
11.299658, 10/19/2017 5:35:04 PM
11.299658, 10/19/2017 5:35:04 PM
11.299658, 10/19/2017 5:35:04 PM
11.306518, 10/19/2017 5:35:04 PM
11.306518, 10/19/2017 5:35:04 PM
10.260538, 10/19/2017 5:35:04 PM
10.260538, 10/19/2017 5:35:04 PM
11.775945, 10/19/2017 5:35:04 PM
11.775945, 10/19/2017 5:35:04 PM
11.775945, 10/19/2017 5:35:04 PM
11.381643, 10/19/2017 5:35:04 PM
11.381643, 10/19/2017 5:35:04 PM
11.381643, 10/19/2017 5:35:04 PM
11.045692, 10/19/2017 5:35:04 PM
11.045692, 10/19/2017 5:35:04 PM
11.045692, 10/19/2017 5:35:04 PM
9.461063, 10/19/2017 5:35:04 PM
9.461063, 10/19/2017 5:35:04 PM
9.993492, 10/19/2017 5:35:04 PM
9.993492, 10/19/2017 5:35:04 PM
9.993492, 10/19/2017 5:35:04 PM
10.452296, 10/19/2017 5:35:04 PM
10.452296, 10/19/2017 5:35:04 PM
10.452296, 10/19/2017 5:35:04 PM
9.907612, 10/19/2017 5:35:04 PM
9.907612, 10/19/2017 5:35:04 PM
10.157964, 10/19/2017 5:35:04 PM
10.157964, 10/19/2017 5:35:04 PM
10.157964, 10/19/2017 5:35:04 PM
10.382955, 10/19/2017 5:35:04 PM
10.382955, 10/19/2017 5:35:04 PM
10.382955, 10/19/2017 5:35:04 PM
9.370543, 10/19/2017 5:35:04 PM
9.370543, 10/19/2017 5:35:04 PM
9.370543, 10/19/2017 5:35:04 PM
10.584317, 10/19/2017 5:35:04 PM
10.584317, 10/19/2017 5:35:04 PM
10.342541, 10/19/2017 5:35:04 PM
10.342541, 10/19/2017 5:35:04 PM
10.342541, 10/19/2017 5:35:04 PM
9.329086, 10/19/2017 5:35:04 PM
9.329086, 10/19/2017 5:35:04 PM
9.329086, 10/19/2017 5:35:04 PM
9.401865, 10/19/2017 5:35:04 PM
9.401865, 10/19/2017 5:35:04 PM
9.401865, 10/19/2017 5:35:04 PM
9.261966, 10/19/2017 5:35:04 PM
9.261966, 10/19/2017 5:35:04 PM
9.261966, 10/19/2017 5:35:04 PM
9.261966, 10/19/2017 5:35:04 PM
10.495526, 10/19/2017 5:35:04 PM
10.495526, 10/19/2017 5:35:04 PM
10.495526, 10/19/2017 5:35:04 PM
10.495526, 10/19/2017 5:35:04 PM
10.495526, 10/19/2017 5:35:04 PM
9.483636, 10/19/2017 5:35:04 PM
9.483636, 10/19/2017 5:35:04 PM
9.483636, 10/19/2017 5:35:04 PM
9.483636, 10/19/2017 5:35:04 PM
9.831811, 10/19/2017 5:35:04 PM
9.831811, 10/19/2017 5:35:04 PM
9.831811, 10/19/2017 5:35:04 PM
9.831811, 10/19/2017 5:35:04 PM
9.831811, 10/19/2017 5:35:05 PM
10.188754, 10/19/2017 5:35:05 PM
10.188754, 10/19/2017 5:35:05 PM
10.188754, 10/19/2017 5:35:05 PM
10.188754, 10/19/2017 5:35:05 PM
8.812962, 10/19/2017 5:35:05 PM
8.812962, 10/19/2017 5:35:05 PM
8.812962, 10/19/2017 5:35:05 PM
8.812962, 10/19/2017 5:35:05 PM
8.812962, 10/19/2017 5:35:05 PM
7.940494, 10/19/2017 5:35:05 PM
7.940494, 10/19/2017 5:35:05 PM
7.940494, 10/19/2017 5:35:05 PM
7.940494, 10/19/2017 5:35:05 PM
8.828080, 10/19/2017 5:35:05 PM
8.828080, 10/19/2017 5:35:05 PM
8.828080, 10/19/2017 5:35:05 PM
8.828080, 10/19/2017 5:35:05 PM
8.828080, 10/19/2017 5:35:05 PM
7.629527, 10/19/2017 5:35:05 PM
7.629527, 10/19/2017 5:35:05 PM
7.629527, 10/19/2017 5:35:05 PM
7.629527, 10/19/2017 5:35:05 PM
8.418955, 10/19/2017 5:35:05 PM
8.418955, 10/19/2017 5:35:05 PM
8.418955, 10/19/2017 5:35:05 PM
8.418955, 10/19/2017 5:35:05 PM
8.819252, 10/19/2017 5:35:05 PM
8.819252, 10/19/2017 5:35:05 PM
8.819252, 10/19/2017 5:35:05 PM
8.819252, 10/19/2017 5:35:05 PM
8.819252, 10/19/2017 5:35:05 PM
9.224645, 10/19/2017 5:35:05 PM
9.224645, 10/19/2017 5:35:05 PM
9.224645, 10/19/2017 5:35:05 PM
9.224645, 10/19/2017 5:35:05 PM
8.276847, 10/19/2017 5:35:05 PM
8.276847, 10/19/2017 5:35:05 PM
8.276847, 10/19/2017 5:35:05 PM
8.276847, 10/19/2017 5:35:05 PM
8.199600, 10/19/2017 5:35:05 PM
8.199600, 10/19/2017 5:35:05 PM
8.199600, 10/19/2017 5:35:05 PM
8.199600, 10/19/2017 5:35:05 PM
8.803243, 10/19/2017 5:35:05 PM
8.803243, 10/19/2017 5:35:05 PM
8.803243, 10/19/2017 5:35:05 PM
8.803243, 10/19/2017 5:35:05 PM
7.740639, 10/19/2017 5:35:05 PM
7.740639, 10/19/2017 5:35:05 PM
7.740639, 10/19/2017 5:35:05 PM
7.740639, 10/19/2017 5:35:05 PM
7.740639, 10/19/2017 5:35:05 PM
8.145308, 10/19/2017 5:35:05 PM
8.145308, 10/19/2017 5:35:05 PM
8.145308, 10/19/2017 5:35:05 PM
8.145308, 10/19/2017 5:35:05 PM
9.499786, 10/19/2017 5:35:05 PM
9.499786, 10/19/2017 5:35:05 PM
9.499786, 10/19/2017 5:35:05 PM
9.499786, 10/19/2017 5:35:05 PM
9.194402, 10/19/2017 5:35:05 PM
9.194402, 10/19/2017 5:35:05 PM
9.194402, 10/19/2017 5:35:05 PM
9.194402, 10/19/2017 5:35:05 PM
9.194402, 10/19/2017 5:35:05 PM
8.777703, 10/19/2017 5:35:05 PM
8.777703, 10/19/2017 5:35:05 PM
8.777703, 10/19/2017 5:35:05 PM
8.777703, 10/19/2017 5:35:05 PM
10.999620, 10/19/2017 5:35:05 PM
10.999620, 10/19/2017 5:35:05 PM
10.999620, 10/19/2017 5:35:05 PM
10.999620, 10/19/2017 5:35:05 PM
10.999620, 10/19/2017 5:35:05 PM
10.999620, 10/19/2017 5:35:05 PM
10.433711, 10/19/2017 5:35:05 PM
10.433711, 10/19/2017 5:35:05 PM
10.433711, 10/19/2017 5:35:05 PM
10.433711, 10/19/2017 5:35:05 PM
11.401163, 10/19/2017 5:35:05 PM
11.401163, 10/19/2017 5:35:05 PM
11.401163, 10/19/2017 5:35:05 PM
11.401163, 10/19/2017 5:35:05 PM
11.401163, 10/19/2017 5:35:05 PM
11.299940, 10/19/2017 5:35:05 PM
11.299940, 10/19/2017 5:35:05 PM
11.299940, 10/19/2017 5:35:05 PM
11.299940, 10/19/2017 5:35:05 PM
11.299940, 10/19/2017 5:35:05 PM
12.190516, 10/19/2017 5:35:05 PM
12.190516, 10/19/2017 5:35:05 PM
12.190516, 10/19/2017 5:35:05 PM
12.190516, 10/19/2017 5:35:05 PM
12.190516, 10/19/2017 5:35:05 PM
10.839358, 10/19/2017 5:35:05 PM
10.839358, 10/19/2017 5:35:05 PM
10.839358, 10/19/2017 5:35:05 PM
10.839358, 10/19/2017 5:35:05 PM
12.229806, 10/19/2017 5:35:05 PM
12.229806, 10/19/2017 5:35:05 PM
12.229806, 10/19/2017 5:35:05 PM
12.229806, 10/19/2017 5:35:05 PM
12.229806, 10/19/2017 5:35:05 PM
12.481114, 10/19/2017 5:35:05 PM
12.481114, 10/19/2017 5:35:05 PM
12.481114, 10/19/2017 5:35:05 PM
12.481114, 10/19/2017 5:35:05 PM
12.481114, 10/19/2017 5:35:05 PM
12.211345, 10/19/2017 5:35:05 PM
12.211345, 10/19/2017 5:35:05 PM
12.211345, 10/19/2017 5:35:05 PM
12.211345, 10/19/2017 5:35:05 PM
11.269534, 10/19/2017 5:35:05 PM
11.269534, 10/19/2017 5:35:05 PM
11.269534, 10/19/2017 5:35:05 PM
11.269534, 10/19/2017 5:35:05 PM
11.269534, 10/19/2017 5:35:05 PM
12.346770, 10/19/2017 5:35:05 PM
12.346770, 10/19/2017 5:35:05 PM
12.346770, 10/19/2017 5:35:05 PM
12.346770, 10/19/2017 5:35:05 PM
12.386857, 10/19/2017 5:35:05 PM
12.386857, 10/19/2017 5:35:05 PM
12.386857, 10/19/2017 5:35:05 PM
12.386857, 10/19/2017 5:35:05 PM
10.727289, 10/19/2017 5:35:05 PM
10.727289, 10/19/2017 5:35:05 PM
10.727289, 10/19/2017 5:35:05 PM
10.727289, 10/19/2017 5:35:05 PM
11.739365, 10/19/2017 5:35:05 PM
11.739365, 10/19/2017 5:35:05 PM
11.739365, 10/19/2017 5:35:05 PM
11.739365, 10/19/2017 5:35:05 PM
11.739365, 10/19/2017 5:35:05 PM
10.393290, 10/19/2017 5:35:05 PM
10.393290, 10/19/2017 5:35:06 PM
10.393290, 10/19/2017 5:35:06 PM
10.393290, 10/19/2017 5:35:06 PM
10.393290, 10/19/2017 5:35:06 PM
10.212577, 10/19/2017 5:35:06 PM
10.212577, 10/19/2017 5:35:06 PM
10.212577, 10/19/2017 5:35:06 PM
10.212577, 10/19/2017 5:35:06 PM
10.212577, 10/19/2017 5:35:06 PM
9.790490, 10/19/2017 5:35:06 PM
9.790490, 10/19/2017 5:35:06 PM
9.790490, 10/19/2017 5:35:06 PM
9.790490, 10/19/2017 5:35:06 PM
9.790490, 10/19/2017 5:35:06 PM
10.221105, 10/19/2017 5:35:06 PM
10.221105, 10/19/2017 5:35:06 PM
10.221105, 10/19/2017 5:35:06 PM
10.221105, 10/19/2017 5:35:06 PM
8.888233, 10/19/2017 5:35:06 PM
8.888233, 10/19/2017 5:35:06 PM
8.888233, 10/19/2017 5:35:06 PM
8.888233, 10/19/2017 5:35:06 PM
8.888233, 10/19/2017 5:35:06 PM
8.411483, 10/19/2017 5:35:06 PM
8.411483, 10/19/2017 5:35:06 PM
8.411483, 10/19/2017 5:35:06 PM
8.411483, 10/19/2017 5:35:06 PM
8.411483, 10/19/2017 5:35:06 PM
8.294834, 10/19/2017 5:35:06 PM
8.294834, 10/19/2017 5:35:06 PM
8.294834, 10/19/2017 5:35:06 PM
8.294834, 10/19/2017 5:35:06 PM
7.834625, 10/19/2017 5:35:06 PM
7.834625, 10/19/2017 5:35:06 PM
7.834625, 10/19/2017 5:35:06 PM
7.834625, 10/19/2017 5:35:06 PM
7.834625, 10/19/2017 5:35:06 PM
8.130168, 10/19/2017 5:35:06 PM
8.130168, 10/19/2017 5:35:06 PM
8.130168, 10/19/2017 5:35:06 PM
8.130168, 10/19/2017 5:35:06 PM
8.130168, 10/19/2017 5:35:06 PM
8.534066, 10/19/2017 5:35:06 PM
8.534066, 10/19/2017 5:35:06 PM
8.534066, 10/19/2017 5:35:06 PM
8.534066, 10/19/2017 5:35:06 PM
8.369791, 10/19/2017 5:35:06 PM
8.369791, 10/19/2017 5:35:06 PM
8.369791, 10/19/2017 5:35:06 PM
8.369791, 10/19/2017 5:35:06 PM
8.369791, 10/19/2017 5:35:06 PM
7.707011, 10/19/2017 5:35:06 PM
7.707011, 10/19/2017 5:35:06 PM
7.707011, 10/19/2017 5:35:06 PM
7.707011, 10/19/2017 5:35:06 PM
7.707011, 10/19/2017 5:35:06 PM
8.515175, 10/19/2017 5:35:06 PM
8.515175, 10/19/2017 5:35:06 PM
8.515175, 10/19/2017 5:35:06 PM
8.515175, 10/19/2017 5:35:06 PM
8.388821, 10/19/2017 5:35:06 PM
8.388821, 10/19/2017 5:35:06 PM
8.388821, 10/19/2017 5:35:06 PM
8.388821, 10/19/2017 5:35:06 PM
7.367230, 10/19/2017 5:35:06 PM
7.367230, 10/19/2017 5:35:06 PM
7.367230, 10/19/2017 5:35:06 PM
7.367230, 10/19/2017 5:35:06 PM
7.367230, 10/19/2017 5:35:06 PM
7.314537, 10/19/2017 5:35:06 PM
7.314537, 10/19/2017 5:35:06 PM
7.314537, 10/19/2017 5:35:06 PM
7.314537, 10/19/2017 5:35:06 PM
7.715573, 10/19/2017 5:35:06 PM
7.715573, 10/19/2017 5:35:06 PM
7.715573, 10/19/2017 5:35:06 PM
7.715573, 10/19/2017 5:35:06 PM
7.715573, 10/19/2017 5:35:06 PM
7.473633, 10/19/2017 5:35:06 PM
7.473633, 10/19/2017 5:35:06 PM
7.473633, 10/19/2017 5:35:06 PM
7.473633, 10/19/2017 5:35:06 PM
7.962837, 10/19/2017 5:35:06 PM
7.962837, 10/19/2017 5:35:06 PM
7.962837, 10/19/2017 5:35:06 PM
7.962837, 10/19/2017 5:35:06 PM
7.681202, 10/19/2017 5:35:06 PM
7.681202, 10/19/2017 5:35:06 PM
7.681202, 10/19/2017 5:35:06 PM
7.681202, 10/19/2017 5:35:06 PM
7.391955, 10/19/2017 5:35:06 PM
7.391955, 10/19/2017 5:35:06 PM
7.391955, 10/19/2017 5:35:06 PM
7.391955, 10/19/2017 5:35:06 PM
6.507455, 10/19/2017 5:35:06 PM
6.507455, 10/19/2017 5:35:06 PM
6.507455, 10/19/2017 5:35:06 PM
6.507455, 10/19/2017 5:35:06 PM
6.914924, 10/19/2017 5:35:06 PM
6.914924, 10/19/2017 5:35:06 PM
6.914924, 10/19/2017 5:35:06 PM
6.914924, 10/19/2017 5:35:06 PM
6.617324, 10/19/2017 5:35:06 PM
6.617324, 10/19/2017 5:35:06 PM
6.617324, 10/19/2017 5:35:06 PM
6.617324, 10/19/2017 5:35:06 PM
5.915631, 10/19/2017 5:35:06 PM
5.915631, 10/19/2017 5:35:06 PM
5.915631, 10/19/2017 5:35:06 PM
5.915631, 10/19/2017 5:35:06 PM
5.595724, 10/19/2017 5:35:06 PM
5.595724, 10/19/2017 5:35:06 PM
5.595724, 10/19/2017 5:35:06 PM
5.595724, 10/19/2017 5:35:06 PM
5.595724, 10/19/2017 5:35:06 PM
7.340289, 10/19/2017 5:35:06 PM
7.340289, 10/19/2017 5:35:06 PM
7.340289, 10/19/2017 5:35:06 PM
9.276041, 10/19/2017 5:35:06 PM
9.276041, 10/19/2017 5:35:06 PM
9.276041, 10/19/2017 5:35:06 PM
9.276041, 10/19/2017 5:35:06 PM
9.276041, 10/19/2017 5:35:06 PM
9.082512, 10/19/2017 5:35:06 PM
9.082512, 10/19/2017 5:35:06 PM
9.082512, 10/19/2017 5:35:06 PM
9.489446, 10/19/2017 5:35:06 PM
9.489446, 10/19/2017 5:35:06 PM
9.489446, 10/19/2017 5:35:06 PM
9.489446, 10/19/2017 5:35:06 PM
9.812666, 10/19/2017 5:35:06 PM
9.812666, 10/19/2017 5:35:06 PM
9.812666, 10/19/2017 5:35:07 PM
9.812666, 10/19/2017 5:35:07 PM
9.991654, 10/19/2017 5:35:07 PM
9.991654, 10/19/2017 5:35:07 PM
9.991654, 10/19/2017 5:35:07 PM
9.991654, 10/19/2017 5:35:07 PM
10.930737, 10/19/2017 5:35:07 PM
10.930737, 10/19/2017 5:35:07 PM
10.930737, 10/19/2017 5:35:07 PM
10.930737, 10/19/2017 5:35:07 PM
10.282792, 10/19/2017 5:35:07 PM
10.282792, 10/19/2017 5:35:07 PM
10.282792, 10/19/2017 5:35:07 PM
10.277867, 10/19/2017 5:35:07 PM
10.277867, 10/19/2017 5:35:07 PM
10.277867, 10/19/2017 5:35:07 PM
10.277867, 10/19/2017 5:35:07 PM
10.277867, 10/19/2017 5:35:07 PM
10.639936, 10/19/2017 5:35:07 PM
10.639936, 10/19/2017 5:35:07 PM
10.639936, 10/19/2017 5:35:07 PM
10.639936, 10/19/2017 5:35:07 PM
11.282274, 10/19/2017 5:35:07 PM
11.282274, 10/19/2017 5:35:07 PM
11.282274, 10/19/2017 5:35:07 PM
11.282274, 10/19/2017 5:35:07 PM
11.278655, 10/19/2017 5:35:07 PM
11.278655, 10/19/2017 5:35:07 PM
11.278655, 10/19/2017 5:35:07 PM
11.278655, 10/19/2017 5:35:07 PM
10.555220, 10/19/2017 5:35:07 PM
10.555220, 10/19/2017 5:35:07 PM
10.555220, 10/19/2017 5:35:07 PM
10.555220, 10/19/2017 5:35:07 PM
9.550059, 10/19/2017 5:35:07 PM
9.550059, 10/19/2017 5:35:07 PM
9.550059, 10/19/2017 5:35:07 PM
9.550059, 10/19/2017 5:35:07 PM
9.334932, 10/19/2017 5:35:07 PM
9.334932, 10/19/2017 5:35:07 PM
9.334932, 10/19/2017 5:35:07 PM
9.334932, 10/19/2017 5:35:07 PM
9.644937, 10/19/2017 5:35:07 PM
9.644937, 10/19/2017 5:35:07 PM
9.644937, 10/19/2017 5:35:07 PM
9.644937, 10/19/2017 5:35:07 PM
9.644937, 10/19/2017 5:35:07 PM
9.645076, 10/19/2017 5:35:07 PM
9.645076, 10/19/2017 5:35:07 PM
9.645076, 10/19/2017 5:35:07 PM
9.645076, 10/19/2017 5:35:07 PM
10.125796, 10/19/2017 5:35:07 PM
10.125796, 10/19/2017 5:35:07 PM
10.125796, 10/19/2017 5:35:07 PM
10.125796, 10/19/2017 5:35:07 PM
9.047667, 10/19/2017 5:35:07 PM
9.047667, 10/19/2017 5:35:07 PM
9.047667, 10/19/2017 5:35:07 PM
9.047667, 10/19/2017 5:35:07 PM
9.194267, 10/19/2017 5:35:07 PM
9.194267, 10/19/2017 5:35:07 PM
9.194267, 10/19/2017 5:35:07 PM
9.194267, 10/19/2017 5:35:07 PM
9.183922, 10/19/2017 5:35:07 PM
9.183922, 10/19/2017 5:35:07 PM
9.183922, 10/19/2017 5:35:07 PM
9.183922, 10/19/2017 5:35:07 PM
9.706580, 10/19/2017 5:35:07 PM
9.706580, 10/19/2017 5:35:07 PM
9.706580, 10/19/2017 5:35:07 PM
8.892790, 10/19/2017 5:35:07 PM
8.892790, 10/19/2017 5:35:07 PM
8.892790, 10/19/2017 5:35:07 PM
8.892790, 10/19/2017 5:35:07 PM
10.320077, 10/19/2017 5:35:07 PM
10.320077, 10/19/2017 5:35:07 PM
10.320077, 10/19/2017 5:35:07 PM
10.320077, 10/19/2017 5:35:07 PM
10.261818, 10/19/2017 5:35:07 PM
10.261818, 10/19/2017 5:35:07 PM
10.261818, 10/19/2017 5:35:07 PM
10.261818, 10/19/2017 5:35:07 PM
9.781992, 10/19/2017 5:35:07 PM
9.781992, 10/19/2017 5:35:07 PM
9.781992, 10/19/2017 5:35:07 PM
9.781992, 10/19/2017 5:35:07 PM
10.997896, 10/19/2017 5:35:07 PM
10.997896, 10/19/2017 5:35:07 PM
10.997896, 10/19/2017 5:35:07 PM
10.997896, 10/19/2017 5:35:07 PM
11.045007, 10/19/2017 5:35:07 PM
11.045007, 10/19/2017 5:35:07 PM
11.045007, 10/19/2017 5:35:07 PM
11.045007, 10/19/2017 5:35:07 PM
11.341986, 10/19/2017 5:35:07 PM
11.341986, 10/19/2017 5:35:07 PM
11.341986, 10/19/2017 5:35:07 PM
11.341986, 10/19/2017 5:35:07 PM
11.341986, 10/19/2017 5:35:07 PM
10.791350, 10/19/2017 5:35:07 PM
10.791350, 10/19/2017 5:35:07 PM
10.791350, 10/19/2017 5:35:07 PM
10.791350, 10/19/2017 5:35:07 PM
11.194606, 10/19/2017 5:35:07 PM
11.194606, 10/19/2017 5:35:07 PM
11.194606, 10/19/2017 5:35:07 PM
11.194606, 10/19/2017 5:35:07 PM
11.926410, 10/19/2017 5:35:07 PM
11.926410, 10/19/2017 5:35:07 PM
11.926410, 10/19/2017 5:35:07 PM
11.926410, 10/19/2017 5:35:07 PM
11.926410, 10/19/2017 5:35:07 PM
11.487593, 10/19/2017 5:35:07 PM
11.487593, 10/19/2017 5:35:07 PM
11.487593, 10/19/2017 5:35:07 PM
11.487593, 10/19/2017 5:35:07 PM
12.177980, 10/19/2017 5:35:07 PM
12.177980, 10/19/2017 5:35:07 PM
12.177980, 10/19/2017 5:35:07 PM
12.177980, 10/19/2017 5:35:07 PM
12.356085, 10/19/2017 5:35:07 PM
12.356085, 10/19/2017 5:35:07 PM
12.356085, 10/19/2017 5:35:07 PM
12.356085, 10/19/2017 5:35:08 PM
11.078125, 10/19/2017 5:35:08 PM
11.078125, 10/19/2017 5:35:08 PM
11.078125, 10/19/2017 5:35:08 PM
11.078125, 10/19/2017 5:35:08 PM
11.078125, 10/19/2017 5:35:08 PM
11.046112, 10/19/2017 5:35:08 PM
11.046112, 10/19/2017 5:35:08 PM
11.046112, 10/19/2017 5:35:08 PM
11.046112, 10/19/2017 5:35:08 PM
10.281603, 10/19/2017 5:35:08 PM
10.281603, 10/19/2017 5:35:08 PM
10.281603, 10/19/2017 5:35:08 PM
10.281603, 10/19/2017 5:35:08 PM
8.675970, 10/19/2017 5:35:08 PM
8.675970, 10/19/2017 5:35:08 PM
8.675970, 10/19/2017 5:35:08 PM
8.675970, 10/19/2017 5:35:08 PM
7.530322, 10/19/2017 5:35:08 PM
7.530322, 10/19/2017 5:35:08 PM
7.530322, 10/19/2017 5:35:08 PM
7.530322, 10/19/2017 5:35:08 PM
8.086835, 10/19/2017 5:35:08 PM
8.086835, 10/19/2017 5:35:08 PM
8.086835, 10/19/2017 5:35:08 PM
8.086835, 10/19/2017 5:35:08 PM
8.086835, 10/19/2017 5:35:08 PM
8.754173, 10/19/2017 5:35:08 PM
8.754173, 10/19/2017 5:35:08 PM
8.754173, 10/19/2017 5:35:08 PM
8.754173, 10/19/2017 5:35:08 PM
7.696930, 10/19/2017 5:35:08 PM
7.696930, 10/19/2017 5:35:08 PM
7.696930, 10/19/2017 5:35:08 PM
7.085263, 10/19/2017 5:35:08 PM
7.085263, 10/19/2017 5:35:08 PM
7.085263, 10/19/2017 5:35:08 PM
7.085263, 10/19/2017 5:35:08 PM
7.191660, 10/19/2017 5:35:08 PM
7.191660, 10/19/2017 5:35:08 PM
7.191660, 10/19/2017 5:35:08 PM
7.191660, 10/19/2017 5:35:08 PM
6.392069, 10/19/2017 5:35:08 PM
6.392069, 10/19/2017 5:35:08 PM
6.392069, 10/19/2017 5:35:08 PM
6.392069, 10/19/2017 5:35:08 PM
6.355269, 10/19/2017 5:35:08 PM
6.355269, 10/19/2017 5:35:08 PM
6.355269, 10/19/2017 5:35:08 PM
6.355269, 10/19/2017 5:35:08 PM
6.355269, 10/19/2017 5:35:08 PM
6.631093, 10/19/2017 5:35:08 PM
6.631093, 10/19/2017 5:35:08 PM
6.631093, 10/19/2017 5:35:08 PM
6.631093, 10/19/2017 5:35:08 PM
6.631093, 10/19/2017 5:35:08 PM
6.279870, 10/19/2017 5:35:08 PM
6.279870, 10/19/2017 5:35:08 PM
6.279870, 10/19/2017 5:35:08 PM
6.279870, 10/19/2017 5:35:08 PM
7.686823, 10/19/2017 5:35:08 PM
7.686823, 10/19/2017 5:35:08 PM
7.686823, 10/19/2017 5:35:08 PM
7.662488, 10/19/2017 5:35:08 PM
7.662488, 10/19/2017 5:35:08 PM
7.662488, 10/19/2017 5:35:08 PM
7.662488, 10/19/2017 5:35:08 PM
7.662488, 10/19/2017 5:35:08 PM
8.904747, 10/19/2017 5:35:08 PM
8.904747, 10/19/2017 5:35:08 PM
8.904747, 10/19/2017 5:35:08 PM
8.904747, 10/19/2017 5:35:08 PM
8.102211, 10/19/2017 5:35:08 PM
8.102211, 10/19/2017 5:35:08 PM
8.102211, 10/19/2017 5:35:08 PM
8.102211, 10/19/2017 5:35:08 PM
7.359200, 10/19/2017 5:35:08 PM
7.359200, 10/19/2017 5:35:08 PM
7.359200, 10/19/2017 5:35:08 PM
7.359200, 10/19/2017 5:35:08 PM
8.171774, 10/19/2017 5:35:08 PM
8.171774, 10/19/2017 5:35:08 PM
8.171774, 10/19/2017 5:35:08 PM
8.171774, 10/19/2017 5:35:08 PM
8.171774, 10/19/2017 5:35:08 PM
9.469390, 10/19/2017 5:35:08 PM
9.469390, 10/19/2017 5:35:08 PM
9.469390, 10/19/2017 5:35:08 PM
9.469390, 10/19/2017 5:35:08 PM
9.469390, 10/19/2017 5:35:08 PM
10.084081, 10/19/2017 5:35:08 PM
10.084081, 10/19/2017 5:35:08 PM
10.084081, 10/19/2017 5:35:08 PM
10.084081, 10/19/2017 5:35:08 PM
9.874488, 10/19/2017 5:35:08 PM
9.874488, 10/19/2017 5:35:08 PM
9.874488, 10/19/2017 5:35:08 PM
9.874488, 10/19/2017 5:35:08 PM
9.590551, 10/19/2017 5:35:08 PM
9.590551, 10/19/2017 5:35:08 PM
9.590551, 10/19/2017 5:35:08 PM
9.590551, 10/19/2017 5:35:08 PM
9.590551, 10/19/2017 5:35:08 PM
10.051145, 10/19/2017 5:35:08 PM
10.051145, 10/19/2017 5:35:08 PM
10.051145, 10/19/2017 5:35:08 PM
10.051145, 10/19/2017 5:35:08 PM
10.051145, 10/19/2017 5:35:08 PM
9.911898, 10/19/2017 5:35:08 PM
9.911898, 10/19/2017 5:35:08 PM
9.911898, 10/19/2017 5:35:08 PM
9.911898, 10/19/2017 5:35:08 PM
8.607387, 10/19/2017 5:35:08 PM
8.607387, 10/19/2017 5:35:08 PM
8.607387, 10/19/2017 5:35:08 PM
8.607387, 10/19/2017 5:35:08 PM
8.607387, 10/19/2017 5:35:08 PM
9.217149, 10/19/2017 5:35:08 PM
9.217149, 10/19/2017 5:35:08 PM
9.217149, 10/19/2017 5:35:08 PM
9.217149, 10/19/2017 5:35:08 PM
9.217149, 10/19/2017 5:35:08 PM
9.579200, 10/19/2017 5:35:08 PM
9.579200, 10/19/2017 5:35:08 PM
9.579200, 10/19/2017 5:35:08 PM
9.579200, 10/19/2017 5:35:08 PM
9.374153, 10/19/2017 5:35:08 PM
9.374153, 10/19/2017 5:35:08 PM
9.374153, 10/19/2017 5:35:08 PM
9.374153, 10/19/2017 5:35:08 PM
9.374153, 10/19/2017 5:35:08 PM
8.889893, 10/19/2017 5:35:09 PM
8.889893, 10/19/2017 5:35:09 PM
8.889893, 10/19/2017 5:35:09 PM
8.889893, 10/19/2017 5:35:09 PM
8.889893, 10/19/2017 5:35:09 PM
8.730811, 10/19/2017 5:35:09 PM
8.730811, 10/19/2017 5:35:09 PM
8.730811, 10/19/2017 5:35:09 PM
8.730811, 10/19/2017 5:35:09 PM
8.437734, 10/19/2017 5:35:09 PM
8.437734, 10/19/2017 5:35:09 PM
8.437734, 10/19/2017 5:35:09 PM
8.437734, 10/19/2017 5:35:09 PM
8.437734, 10/19/2017 5:35:09 PM
6.716153, 10/19/2017 5:35:09 PM
6.716153, 10/19/2017 5:35:09 PM
6.716153, 10/19/2017 5:35:09 PM
6.716153, 10/19/2017 5:35:09 PM
6.716153, 10/19/2017 5:35:09 PM
7.337106, 10/19/2017 5:35:09 PM
7.337106, 10/19/2017 5:35:09 PM
7.337106, 10/19/2017 5:35:09 PM
7.337106, 10/19/2017 5:35:09 PM
7.337106, 10/19/2017 5:35:09 PM
7.752372, 10/19/2017 5:35:09 PM
7.752372, 10/19/2017 5:35:09 PM
7.752372, 10/19/2017 5:35:09 PM
7.752372, 10/19/2017 5:35:09 PM
8.401609, 10/19/2017 5:35:09 PM
8.401609, 10/19/2017 5:35:09 PM
8.401609, 10/19/2017 5:35:09 PM
8.401609, 10/19/2017 5:35:09 PM
8.401609, 10/19/2017 5:35:09 PM
8.279372, 10/19/2017 5:35:09 PM
8.279372, 10/19/2017 5:35:09 PM
8.279372, 10/19/2017 5:35:09 PM
8.279372, 10/19/2017 5:35:09 PM
9.380752, 10/19/2017 5:35:09 PM
9.380752, 10/19/2017 5:35:09 PM
9.380752, 10/19/2017 5:35:09 PM
9.380752, 10/19/2017 5:35:09 PM
10.209026, 10/19/2017 5:35:09 PM
10.209026, 10/19/2017 5:35:09 PM
10.209026, 10/19/2017 5:35:09 PM
10.209026, 10/19/2017 5:35:09 PM
10.086630, 10/19/2017 5:35:09 PM
10.086630, 10/19/2017 5:35:09 PM
10.086630, 10/19/2017 5:35:09 PM
10.086630, 10/19/2017 5:35:09 PM
10.598211, 10/19/2017 5:35:09 PM
10.598211, 10/19/2017 5:35:09 PM
10.598211, 10/19/2017 5:35:09 PM
10.598211, 10/19/2017 5:35:09 PM
10.598211, 10/19/2017 5:35:09 PM
12.059854, 10/19/2017 5:35:09 PM
12.059854, 10/19/2017 5:35:09 PM
12.059854, 10/19/2017 5:35:09 PM
12.059854, 10/19/2017 5:35:09 PM
12.059854, 10/19/2017 5:35:09 PM
11.538113, 10/19/2017 5:35:09 PM
11.538113, 10/19/2017 5:35:09 PM
11.538113, 10/19/2017 5:35:09 PM
11.538113, 10/19/2017 5:35:09 PM
11.675341, 10/19/2017 5:35:09 PM
11.675341, 10/19/2017 5:35:09 PM
11.675341, 10/19/2017 5:35:09 PM
11.675341, 10/19/2017 5:35:09 PM
11.675341, 10/19/2017 5:35:09 PM
13.231088, 10/19/2017 5:35:09 PM
13.231088, 10/19/2017 5:35:09 PM
13.231088, 10/19/2017 5:35:09 PM
13.231088, 10/19/2017 5:35:09 PM
13.231088, 10/19/2017 5:35:09 PM
12.506619, 10/19/2017 5:35:09 PM
12.506619, 10/19/2017 5:35:09 PM
12.506619, 10/19/2017 5:35:09 PM
12.506619, 10/19/2017 5:35:09 PM
11.775067, 10/19/2017 5:35:09 PM
11.775067, 10/19/2017 5:35:09 PM
11.775067, 10/19/2017 5:35:09 PM
11.775067, 10/19/2017 5:35:09 PM
11.775067, 10/19/2017 5:35:09 PM
11.368549, 10/19/2017 5:35:09 PM
11.368549, 10/19/2017 5:35:09 PM
11.368549, 10/19/2017 5:35:09 PM
11.368549, 10/19/2017 5:35:09 PM
11.368549, 10/19/2017 5:35:09 PM
11.983892, 10/19/2017 5:35:09 PM
11.983892, 10/19/2017 5:35:09 PM
11.983892, 10/19/2017 5:35:09 PM
11.983892, 10/19/2017 5:35:09 PM
10.800413, 10/19/2017 5:35:09 PM
10.800413, 10/19/2017 5:35:09 PM
10.800413, 10/19/2017 5:35:09 PM
10.800413, 10/19/2017 5:35:09 PM
10.213157, 10/19/2017 5:35:09 PM
10.213157, 10/19/2017 5:35:09 PM
10.213157, 10/19/2017 5:35:09 PM
10.213157, 10/19/2017 5:35:09 PM
9.134965, 10/19/2017 5:35:09 PM
9.134965, 10/19/2017 5:35:09 PM
9.134965, 10/19/2017 5:35:09 PM
9.134965, 10/19/2017 5:35:09 PM
9.193144, 10/19/2017 5:35:09 PM
9.193144, 10/19/2017 5:35:09 PM
9.193144, 10/19/2017 5:35:09 PM
9.193144, 10/19/2017 5:35:09 PM
9.019691, 10/19/2017 5:35:09 PM
9.019691, 10/19/2017 5:35:09 PM
9.019691, 10/19/2017 5:35:09 PM
9.019691, 10/19/2017 5:35:09 PM
8.952613, 10/19/2017 5:35:09 PM
8.952613, 10/19/2017 5:35:09 PM
8.952613, 10/19/2017 5:35:09 PM
8.952613, 10/19/2017 5:35:09 PM
8.261078, 10/19/2017 5:35:09 PM
8.261078, 10/19/2017 5:35:09 PM
8.261078, 10/19/2017 5:35:09 PM
8.261078, 10/19/2017 5:35:09 PM
7.946478, 10/19/2017 5:35:09 PM
7.946478, 10/19/2017 5:35:09 PM
7.946478, 10/19/2017 5:35:09 PM
7.946478, 10/19/2017 5:35:09 PM
7.734037, 10/19/2017 5:35:09 PM
7.734037, 10/19/2017 5:35:09 PM
7.734037, 10/19/2017 5:35:09 PM
7.734037, 10/19/2017 5:35:09 PM
7.029313, 10/19/2017 5:35:09 PM
7.029313, 10/19/2017 5:35:09 PM
7.029313, 10/19/2017 5:35:09 PM
7.029313, 10/19/2017 5:35:09 PM
7.648121, 10/19/2017 5:35:09 PM
7.648121, 10/19/2017 5:35:09 PM
7.648121, 10/19/2017 5:35:10 PM
7.648121, 10/19/2017 5:35:10 PM
7.648121, 10/19/2017 5:35:10 PM
7.136844, 10/19/2017 5:35:10 PM
7.136844, 10/19/2017 5:35:10 PM
7.136844, 10/19/2017 5:35:10 PM
7.136844, 10/19/2017 5:35:10 PM
7.032243, 10/19/2017 5:35:10 PM
7.032243, 10/19/2017 5:35:10 PM
7.032243, 10/19/2017 5:35:10 PM
7.032243, 10/19/2017 5:35:10 PM
7.221915, 10/19/2017 5:35:10 PM
7.221915, 10/19/2017 5:35:10 PM
7.221915, 10/19/2017 5:35:10 PM
7.221915, 10/19/2017 5:35:10 PM
8.090169, 10/19/2017 5:35:10 PM
8.090169, 10/19/2017 5:35:10 PM
8.090169, 10/19/2017 5:35:10 PM
8.090169, 10/19/2017 5:35:10 PM
8.107438, 10/19/2017 5:35:10 PM
8.107438, 10/19/2017 5:35:10 PM
8.107438, 10/19/2017 5:35:10 PM
8.107438, 10/19/2017 5:35:10 PM
6.674073, 10/19/2017 5:35:10 PM
6.674073, 10/19/2017 5:35:10 PM
6.674073, 10/19/2017 5:35:10 PM
6.674073, 10/19/2017 5:35:10 PM
6.973033, 10/19/2017 5:35:10 PM
6.973033, 10/19/2017 5:35:10 PM
6.973033, 10/19/2017 5:35:10 PM
8.360136, 10/19/2017 5:35:10 PM
8.360136, 10/19/2017 5:35:10 PM
8.360136, 10/19/2017 5:35:10 PM
8.096731, 10/19/2017 5:35:10 PM
8.096731, 10/19/2017 5:35:10 PM
8.096731, 10/19/2017 5:35:10 PM
8.096731, 10/19/2017 5:35:10 PM
9.032036, 10/19/2017 5:35:10 PM
9.032036, 10/19/2017 5:35:10 PM
9.032036, 10/19/2017 5:35:10 PM
10.421568, 10/19/2017 5:35:10 PM
10.421568, 10/19/2017 5:35:10 PM
10.421568, 10/19/2017 5:35:10 PM
10.421568, 10/19/2017 5:35:10 PM
10.454778, 10/19/2017 5:35:10 PM
10.454778, 10/19/2017 5:35:10 PM
10.454778, 10/19/2017 5:35:10 PM
10.891418, 10/19/2017 5:35:10 PM
10.891418, 10/19/2017 5:35:10 PM
10.891418, 10/19/2017 5:35:10 PM
11.745346, 10/19/2017 5:35:10 PM
11.745346, 10/19/2017 5:35:10 PM
11.164591, 10/19/2017 5:35:10 PM
11.164591, 10/19/2017 5:35:10 PM
11.164591, 10/19/2017 5:35:10 PM
11.164591, 10/19/2017 5:35:10 PM
10.112647, 10/19/2017 5:35:10 PM
10.112647, 10/19/2017 5:35:10 PM
10.112647, 10/19/2017 5:35:10 PM
10.112647, 10/19/2017 5:35:10 PM
10.112647, 10/19/2017 5:35:10 PM
9.811876, 10/19/2017 5:35:10 PM
9.811876, 10/19/2017 5:35:10 PM
9.811876, 10/19/2017 5:35:10 PM
9.811876, 10/19/2017 5:35:10 PM
9.702626, 10/19/2017 5:35:10 PM
9.702626, 10/19/2017 5:35:10 PM
9.702626, 10/19/2017 5:35:10 PM
9.702626, 10/19/2017 5:35:10 PM
9.702626, 10/19/2017 5:35:10 PM
9.724701, 10/19/2017 5:35:10 PM
9.724701, 10/19/2017 5:35:10 PM
9.724701, 10/19/2017 5:35:10 PM
9.724701, 10/19/2017 5:35:10 PM
9.724701, 10/19/2017 5:35:10 PM
8.817389, 10/19/2017 5:35:10 PM
8.817389, 10/19/2017 5:35:10 PM
8.817389, 10/19/2017 5:35:10 PM
8.817389, 10/19/2017 5:35:10 PM
8.049254, 10/19/2017 5:35:10 PM
8.049254, 10/19/2017 5:35:10 PM
8.049254, 10/19/2017 5:35:10 PM
8.049254, 10/19/2017 5:35:10 PM
7.890209, 10/19/2017 5:35:10 PM
7.890209, 10/19/2017 5:35:10 PM
7.890209, 10/19/2017 5:35:10 PM
7.890209, 10/19/2017 5:35:10 PM
7.890209, 10/19/2017 5:35:10 PM
8.364077, 10/19/2017 5:35:10 PM
8.364077, 10/19/2017 5:35:10 PM
8.364077, 10/19/2017 5:35:10 PM
8.364077, 10/19/2017 5:35:10 PM
8.364077, 10/19/2017 5:35:10 PM
7.755964, 10/19/2017 5:35:10 PM
7.755964, 10/19/2017 5:35:10 PM
7.755964, 10/19/2017 5:35:10 PM
7.755964, 10/19/2017 5:35:10 PM
7.755964, 10/19/2017 5:35:10 PM
7.491367, 10/19/2017 5:35:10 PM
7.491367, 10/19/2017 5:35:10 PM
7.491367, 10/19/2017 5:35:10 PM
7.491367, 10/19/2017 5:35:10 PM
7.336321, 10/19/2017 5:35:10 PM
7.336321, 10/19/2017 5:35:10 PM
7.336321, 10/19/2017 5:35:10 PM
7.336321, 10/19/2017 5:35:10 PM
7.369303, 10/19/2017 5:35:10 PM
7.369303, 10/19/2017 5:35:10 PM
7.369303, 10/19/2017 5:35:10 PM
7.369303, 10/19/2017 5:35:10 PM
7.369303, 10/19/2017 5:35:10 PM
7.206854, 10/19/2017 5:35:10 PM
7.206854, 10/19/2017 5:35:10 PM
7.206854, 10/19/2017 5:35:10 PM
7.206854, 10/19/2017 5:35:10 PM
7.206854, 10/19/2017 5:35:10 PM
7.246597, 10/19/2017 5:35:10 PM
7.246597, 10/19/2017 5:35:10 PM
7.246597, 10/19/2017 5:35:10 PM
7.246597, 10/19/2017 5:35:10 PM
7.708326, 10/19/2017 5:35:10 PM
7.708326, 10/19/2017 5:35:10 PM
7.708326, 10/19/2017 5:35:10 PM
7.708326, 10/19/2017 5:35:11 PM
8.450866, 10/19/2017 5:35:11 PM
8.450866, 10/19/2017 5:35:11 PM
8.450866, 10/19/2017 5:35:11 PM
8.450866, 10/19/2017 5:35:11 PM
8.825214, 10/19/2017 5:35:11 PM
8.825214, 10/19/2017 5:35:11 PM
8.825214, 10/19/2017 5:35:11 PM
8.825214, 10/19/2017 5:35:11 PM
8.825214, 10/19/2017 5:35:11 PM
9.342125, 10/19/2017 5:35:11 PM
9.342125, 10/19/2017 5:35:11 PM
9.342125, 10/19/2017 5:35:11 PM
9.525347, 10/19/2017 5:35:11 PM
9.525347, 10/19/2017 5:35:11 PM
9.525347, 10/19/2017 5:35:11 PM
9.525347, 10/19/2017 5:35:11 PM
7.583953, 10/19/2017 5:35:11 PM
7.583953, 10/19/2017 5:35:11 PM
7.583953, 10/19/2017 5:35:11 PM
7.583953, 10/19/2017 5:35:11 PM
7.928854, 10/19/2017 5:35:11 PM
7.928854, 10/19/2017 5:35:11 PM
7.928854, 10/19/2017 5:35:11 PM
7.928854, 10/19/2017 5:35:11 PM
7.928854, 10/19/2017 5:35:11 PM
8.807539, 10/19/2017 5:35:11 PM
8.807539, 10/19/2017 5:35:11 PM
8.807539, 10/19/2017 5:35:11 PM
8.841739, 10/19/2017 5:35:11 PM
8.841739, 10/19/2017 5:35:11 PM
8.841739, 10/19/2017 5:35:11 PM
8.841739, 10/19/2017 5:35:11 PM
8.088859, 10/19/2017 5:35:11 PM
8.088859, 10/19/2017 5:35:11 PM
8.088859, 10/19/2017 5:35:11 PM
8.849211, 10/19/2017 5:35:11 PM
8.849211, 10/19/2017 5:35:11 PM
8.487160, 10/19/2017 5:35:11 PM
8.487160, 10/19/2017 5:35:11 PM
9.065459, 10/19/2017 5:35:11 PM
9.065459, 10/19/2017 5:35:11 PM
9.065459, 10/19/2017 5:35:11 PM
8.045490, 10/19/2017 5:35:11 PM
8.045490, 10/19/2017 5:35:11 PM
7.771837, 10/19/2017 5:35:11 PM
7.771837, 10/19/2017 5:35:11 PM
8.215218, 10/19/2017 5:35:11 PM
8.215218, 10/19/2017 5:35:11 PM
8.215218, 10/19/2017 5:35:11 PM
7.148973, 10/19/2017 5:35:11 PM
7.148973, 10/19/2017 5:35:11 PM
7.942978, 10/19/2017 5:35:11 PM
7.942978, 10/19/2017 5:35:11 PM
8.243835, 10/19/2017 5:35:11 PM
8.243835, 10/19/2017 5:35:11 PM
7.387964, 10/19/2017 5:35:11 PM
7.387964, 10/19/2017 5:35:11 PM
7.387964, 10/19/2017 5:35:11 PM
6.057330, 10/19/2017 5:35:11 PM
6.057330, 10/19/2017 5:35:11 PM
6.322348, 10/19/2017 5:35:11 PM
6.322348, 10/19/2017 5:35:11 PM
6.322348, 10/19/2017 5:35:11 PM
6.627799, 10/19/2017 5:35:11 PM
6.627799, 10/19/2017 5:35:11 PM
7.032912, 10/19/2017 5:35:11 PM
7.032912, 10/19/2017 5:35:11 PM
7.032912, 10/19/2017 5:35:11 PM
6.461369, 10/19/2017 5:35:11 PM
6.461369, 10/19/2017 5:35:11 PM
6.651514, 10/19/2017 5:35:11 PM
6.651514, 10/19/2017 5:35:11 PM
6.651514, 10/19/2017 5:35:11 PM
6.435610, 10/19/2017 5:35:11 PM
6.435610, 10/19/2017 5:35:11 PM
6.435610, 10/19/2017 5:35:11 PM
5.934209, 10/19/2017 5:35:11 PM
5.934209, 10/19/2017 5:35:11 PM
7.986060, 10/19/2017 5:35:11 PM
7.986060, 10/19/2017 5:35:11 PM
7.986060, 10/19/2017 5:35:11 PM
7.630242, 10/19/2017 5:35:11 PM
7.630242, 10/19/2017 5:35:11 PM
7.524078, 10/19/2017 5:35:11 PM
7.524078, 10/19/2017 5:35:11 PM
7.524078, 10/19/2017 5:35:11 PM
7.786647, 10/19/2017 5:35:12 PM
7.786647, 10/19/2017 5:35:12 PM
7.786647, 10/19/2017 5:35:12 PM
9.465615, 10/19/2017 5:35:12 PM
9.465615, 10/19/2017 5:35:12 PM
9.840461, 10/19/2017 5:35:12 PM
9.840461, 10/19/2017 5:35:12 PM
9.840461, 10/19/2017 5:35:12 PM
9.013850, 10/19/2017 5:35:12 PM
9.013850, 10/19/2017 5:35:12 PM
9.760907, 10/19/2017 5:35:12 PM
9.760907, 10/19/2017 5:35:12 PM
9.760907, 10/19/2017 5:35:12 PM
9.594668, 10/19/2017 5:35:12 PM
9.594668, 10/19/2017 5:35:12 PM
9.023999, 10/19/2017 5:35:12 PM
9.023999, 10/19/2017 5:35:12 PM
9.023999, 10/19/2017 5:35:12 PM
9.996394, 10/19/2017 5:35:12 PM
9.996394, 10/19/2017 5:35:12 PM
9.801579, 10/19/2017 5:35:12 PM
9.801579, 10/19/2017 5:35:12 PM
7.856736, 10/19/2017 5:35:12 PM
7.856736, 10/19/2017 5:35:12 PM
9.281695, 10/19/2017 5:35:12 PM
9.281695, 10/19/2017 5:35:12 PM
9.281695, 10/19/2017 5:35:12 PM
11.065991, 10/19/2017 5:35:12 PM
11.065991, 10/19/2017 5:35:12 PM
11.461624, 10/19/2017 5:35:12 PM
11.461624, 10/19/2017 5:35:12 PM
10.291114, 10/19/2017 5:35:12 PM
10.291114, 10/19/2017 5:35:12 PM
10.291114, 10/19/2017 5:35:12 PM
9.808062, 10/19/2017 5:35:12 PM
9.808062, 10/19/2017 5:35:12 PM
9.914091, 10/19/2017 5:35:12 PM
9.914091, 10/19/2017 5:35:12 PM
9.935357, 10/19/2017 5:35:12 PM
9.935357, 10/19/2017 5:35:12 PM
10.627475, 10/19/2017 5:35:12 PM
10.627475, 10/19/2017 5:35:12 PM
10.627475, 10/19/2017 5:35:12 PM
12.547453, 10/19/2017 5:35:12 PM
12.547453, 10/19/2017 5:35:12 PM
12.807367, 10/19/2017 5:35:12 PM
12.807367, 10/19/2017 5:35:12 PM
12.807367, 10/19/2017 5:35:12 PM
13.129243, 10/19/2017 5:35:12 PM
13.129243, 10/19/2017 5:35:12 PM
15.162192, 10/19/2017 5:35:12 PM
15.162192, 10/19/2017 5:35:12 PM
15.580785, 10/19/2017 5:35:12 PM
15.580785, 10/19/2017 5:35:12 PM
13.385015, 10/19/2017 5:35:12 PM
13.385015, 10/19/2017 5:35:12 PM
13.385015, 10/19/2017 5:35:12 PM
14.505812, 10/19/2017 5:35:12 PM
14.505812, 10/19/2017 5:35:12 PM
14.760781, 10/19/2017 5:35:12 PM
14.760781, 10/19/2017 5:35:12 PM
14.760781, 10/19/2017 5:35:12 PM
15.504706, 10/19/2017 5:35:12 PM
15.504706, 10/19/2017 5:35:12 PM
16.509134, 10/19/2017 5:35:12 PM
16.509134, 10/19/2017 5:35:12 PM
14.961911, 10/19/2017 5:35:12 PM
14.961911, 10/19/2017 5:35:12 PM
14.961911, 10/19/2017 5:35:12 PM
14.369767, 10/19/2017 5:35:12 PM
14.369767, 10/19/2017 5:35:12 PM
14.369767, 10/19/2017 5:35:12 PM
14.811276, 10/19/2017 5:35:13 PM
14.811276, 10/19/2017 5:35:13 PM
13.701046, 10/19/2017 5:35:13 PM
13.701046, 10/19/2017 5:35:13 PM
13.701046, 10/19/2017 5:35:13 PM
13.400048, 10/19/2017 5:35:13 PM
13.400048, 10/19/2017 5:35:13 PM
13.400048, 10/19/2017 5:35:13 PM
13.400048, 10/19/2017 5:35:13 PM
12.989091, 10/19/2017 5:35:13 PM
12.989091, 10/19/2017 5:35:13 PM
12.989091, 10/19/2017 5:35:13 PM
12.171599, 10/19/2017 5:35:13 PM
12.171599, 10/19/2017 5:35:13 PM
12.171599, 10/19/2017 5:35:13 PM
12.171599, 10/19/2017 5:35:13 PM
12.660556, 10/19/2017 5:35:13 PM
12.660556, 10/19/2017 5:35:13 PM
12.660556, 10/19/2017 5:35:13 PM
10.430754, 10/19/2017 5:35:13 PM
10.430754, 10/19/2017 5:35:13 PM
10.430754, 10/19/2017 5:35:13 PM
10.862992, 10/19/2017 5:35:13 PM
10.862992, 10/19/2017 5:35:13 PM
10.862992, 10/19/2017 5:35:13 PM
10.862992, 10/19/2017 5:35:13 PM
10.203644, 10/19/2017 5:35:13 PM
10.203644, 10/19/2017 5:35:13 PM
10.203644, 10/19/2017 5:35:13 PM
8.685585, 10/19/2017 5:35:13 PM
8.685585, 10/19/2017 5:35:13 PM
8.685585, 10/19/2017 5:35:13 PM
8.685585, 10/19/2017 5:35:13 PM
8.685585, 10/19/2017 5:35:13 PM
9.907080, 10/19/2017 5:35:13 PM
9.907080, 10/19/2017 5:35:13 PM
9.907080, 10/19/2017 5:35:13 PM
9.907080, 10/19/2017 5:35:13 PM
9.907080, 10/19/2017 5:35:13 PM
10.911918, 10/19/2017 5:35:13 PM
10.911918, 10/19/2017 5:35:13 PM
10.911918, 10/19/2017 5:35:13 PM
10.911918, 10/19/2017 5:35:13 PM
9.504455, 10/19/2017 5:35:13 PM
9.504455, 10/19/2017 5:35:13 PM
9.504455, 10/19/2017 5:35:13 PM
9.504455, 10/19/2017 5:35:13 PM
9.055756, 10/19/2017 5:35:13 PM
9.055756, 10/19/2017 5:35:13 PM
9.055756, 10/19/2017 5:35:13 PM
9.550594, 10/19/2017 5:35:13 PM
9.550594, 10/19/2017 5:35:13 PM
9.550594, 10/19/2017 5:35:13 PM
9.550594, 10/19/2017 5:35:13 PM
9.656776, 10/19/2017 5:35:13 PM
9.656776, 10/19/2017 5:35:13 PM
9.656776, 10/19/2017 5:35:13 PM
9.656776, 10/19/2017 5:35:13 PM
7.770712, 10/19/2017 5:35:13 PM
7.770712, 10/19/2017 5:35:13 PM
7.770712, 10/19/2017 5:35:13 PM
9.585796, 10/19/2017 5:35:13 PM
9.585796, 10/19/2017 5:35:13 PM
9.585796, 10/19/2017 5:35:13 PM
9.585796, 10/19/2017 5:35:13 PM
9.834454, 10/19/2017 5:35:13 PM
9.834454, 10/19/2017 5:35:13 PM
9.834454, 10/19/2017 5:35:13 PM
9.834454, 10/19/2017 5:35:13 PM
9.579848, 10/19/2017 5:35:13 PM
9.579848, 10/19/2017 5:35:13 PM
9.579848, 10/19/2017 5:35:13 PM
9.579848, 10/19/2017 5:35:13 PM
10.424456, 10/19/2017 5:35:13 PM
10.424456, 10/19/2017 5:35:13 PM
10.424456, 10/19/2017 5:35:13 PM
11.548223, 10/19/2017 5:35:13 PM
11.548223, 10/19/2017 5:35:13 PM
11.548223, 10/19/2017 5:35:13 PM
11.548223, 10/19/2017 5:35:13 PM
10.223259, 10/19/2017 5:35:13 PM
10.223259, 10/19/2017 5:35:13 PM
10.223259, 10/19/2017 5:35:13 PM
10.223259, 10/19/2017 5:35:13 PM
10.866572, 10/19/2017 5:35:13 PM
10.866572, 10/19/2017 5:35:13 PM
10.866572, 10/19/2017 5:35:13 PM
10.866572, 10/19/2017 5:35:13 PM
11.017777, 10/19/2017 5:35:13 PM
11.017777, 10/19/2017 5:35:13 PM
11.017777, 10/19/2017 5:35:13 PM
11.225509, 10/19/2017 5:35:13 PM
11.225509, 10/19/2017 5:35:13 PM
11.225509, 10/19/2017 5:35:13 PM
11.225509, 10/19/2017 5:35:13 PM
11.289441, 10/19/2017 5:35:13 PM
11.289441, 10/19/2017 5:35:13 PM
11.289441, 10/19/2017 5:35:13 PM
10.855922, 10/19/2017 5:35:13 PM
10.855922, 10/19/2017 5:35:13 PM
10.855922, 10/19/2017 5:35:13 PM
10.855922, 10/19/2017 5:35:13 PM
11.650362, 10/19/2017 5:35:13 PM
11.650362, 10/19/2017 5:35:13 PM
11.650362, 10/19/2017 5:35:13 PM
11.650362, 10/19/2017 5:35:13 PM
9.778876, 10/19/2017 5:35:13 PM
9.778876, 10/19/2017 5:35:13 PM
9.778876, 10/19/2017 5:35:13 PM
10.361060, 10/19/2017 5:35:13 PM
10.361060, 10/19/2017 5:35:13 PM
10.361060, 10/19/2017 5:35:14 PM
10.361060, 10/19/2017 5:35:14 PM
10.608006, 10/19/2017 5:35:14 PM
10.608006, 10/19/2017 5:35:14 PM
10.608006, 10/19/2017 5:35:14 PM
10.608006, 10/19/2017 5:35:14 PM
9.178965, 10/19/2017 5:35:14 PM
9.178965, 10/19/2017 5:35:14 PM
9.178965, 10/19/2017 5:35:14 PM
9.178965, 10/19/2017 5:35:14 PM
10.003287, 10/19/2017 5:35:14 PM
10.003287, 10/19/2017 5:35:14 PM
10.003287, 10/19/2017 5:35:14 PM
9.829694, 10/19/2017 5:35:14 PM
9.829694, 10/19/2017 5:35:14 PM
9.829694, 10/19/2017 5:35:14 PM
9.829694, 10/19/2017 5:35:14 PM
7.976254, 10/19/2017 5:35:14 PM
7.976254, 10/19/2017 5:35:14 PM
7.976254, 10/19/2017 5:35:14 PM
7.976254, 10/19/2017 5:35:14 PM
8.896944, 10/19/2017 5:35:14 PM
8.896944, 10/19/2017 5:35:14 PM
8.896944, 10/19/2017 5:35:14 PM
8.896944, 10/19/2017 5:35:14 PM
8.734190, 10/19/2017 5:35:14 PM
8.734190, 10/19/2017 5:35:14 PM
8.734190, 10/19/2017 5:35:14 PM
8.734190, 10/19/2017 5:35:14 PM
8.176644, 10/19/2017 5:35:14 PM
8.176644, 10/19/2017 5:35:14 PM
8.176644, 10/19/2017 5:35:14 PM
8.176644, 10/19/2017 5:35:14 PM
8.236034, 10/19/2017 5:35:14 PM
8.236034, 10/19/2017 5:35:14 PM
8.236034, 10/19/2017 5:35:14 PM
8.576308, 10/19/2017 5:35:14 PM
8.576308, 10/19/2017 5:35:14 PM
8.576308, 10/19/2017 5:35:14 PM
8.576308, 10/19/2017 5:35:14 PM
8.576308, 10/19/2017 5:35:14 PM
9.021658, 10/19/2017 5:35:14 PM
9.021658, 10/19/2017 5:35:14 PM
9.021658, 10/19/2017 5:35:14 PM
9.021658, 10/19/2017 5:35:14 PM
7.664793, 10/19/2017 5:35:14 PM
7.664793, 10/19/2017 5:35:14 PM
7.664793, 10/19/2017 5:35:14 PM
7.664793, 10/19/2017 5:35:14 PM
6.705570, 10/19/2017 5:35:14 PM
6.705570, 10/19/2017 5:35:14 PM
6.705570, 10/19/2017 5:35:14 PM
6.705570, 10/19/2017 5:35:14 PM
8.107731, 10/19/2017 5:35:14 PM
8.107731, 10/19/2017 5:35:14 PM
8.107731, 10/19/2017 5:35:14 PM
8.107731, 10/19/2017 5:35:14 PM
6.915706, 10/19/2017 5:35:14 PM
6.915706, 10/19/2017 5:35:14 PM
6.915706, 10/19/2017 5:35:14 PM
6.915706, 10/19/2017 5:35:14 PM
7.749804, 10/19/2017 5:35:14 PM
7.749804, 10/19/2017 5:35:14 PM
7.749804, 10/19/2017 5:35:14 PM
9.112931, 10/19/2017 5:35:14 PM
9.112931, 10/19/2017 5:35:14 PM
9.112931, 10/19/2017 5:35:14 PM
9.112931, 10/19/2017 5:35:14 PM
7.176675, 10/19/2017 5:35:14 PM
7.176675, 10/19/2017 5:35:14 PM
7.176675, 10/19/2017 5:35:14 PM
7.778023, 10/19/2017 5:35:14 PM
7.778023, 10/19/2017 5:35:14 PM
7.585370, 10/19/2017 5:35:14 PM
7.585370, 10/19/2017 5:35:14 PM
7.650952, 10/19/2017 5:35:14 PM
7.650952, 10/19/2017 5:35:14 PM
7.809372, 10/19/2017 5:35:14 PM
7.809372, 10/19/2017 5:35:14 PM
7.955029, 10/19/2017 5:35:14 PM
7.955029, 10/19/2017 5:35:14 PM
8.408418, 10/19/2017 5:35:14 PM
8.408418, 10/19/2017 5:35:14 PM
8.838583, 10/19/2017 5:35:14 PM
8.838583, 10/19/2017 5:35:14 PM
7.825799, 10/19/2017 5:35:14 PM
7.825799, 10/19/2017 5:35:14 PM
8.327732, 10/19/2017 5:35:14 PM
8.327732, 10/19/2017 5:35:14 PM
8.327732, 10/19/2017 5:35:14 PM
8.327732, 10/19/2017 5:35:14 PM
9.029128, 10/19/2017 5:35:14 PM
9.029128, 10/19/2017 5:35:14 PM
9.029128, 10/19/2017 5:35:14 PM
8.908708, 10/19/2017 5:35:14 PM
8.908708, 10/19/2017 5:35:14 PM
8.908708, 10/19/2017 5:35:14 PM
9.343573, 10/19/2017 5:35:14 PM
9.343573, 10/19/2017 5:35:14 PM
9.343573, 10/19/2017 5:35:14 PM
9.343573, 10/19/2017 5:35:14 PM
8.814942, 10/19/2017 5:35:15 PM
8.814942, 10/19/2017 5:35:15 PM
8.814942, 10/19/2017 5:35:15 PM
8.814942, 10/19/2017 5:35:15 PM
9.569677, 10/19/2017 5:35:15 PM
9.569677, 10/19/2017 5:35:15 PM
9.569677, 10/19/2017 5:35:15 PM
9.498493, 10/19/2017 5:35:15 PM
9.498493, 10/19/2017 5:35:15 PM
9.498493, 10/19/2017 5:35:15 PM
9.498493, 10/19/2017 5:35:15 PM
8.974567, 10/19/2017 5:35:15 PM
8.974567, 10/19/2017 5:35:15 PM
8.974567, 10/19/2017 5:35:15 PM
8.993791, 10/19/2017 5:35:15 PM
8.993791, 10/19/2017 5:35:15 PM
8.993791, 10/19/2017 5:35:15 PM
8.993791, 10/19/2017 5:35:15 PM
8.635499, 10/19/2017 5:35:15 PM
8.635499, 10/19/2017 5:35:15 PM
8.635499, 10/19/2017 5:35:15 PM
8.168624, 10/19/2017 5:35:15 PM
8.168624, 10/19/2017 5:35:15 PM
8.168624, 10/19/2017 5:35:15 PM
8.168624, 10/19/2017 5:35:15 PM
8.447483, 10/19/2017 5:35:15 PM
8.447483, 10/19/2017 5:35:15 PM
8.447483, 10/19/2017 5:35:15 PM
7.855550, 10/19/2017 5:35:15 PM
7.855550, 10/19/2017 5:35:15 PM
7.855550, 10/19/2017 5:35:15 PM
6.249328, 10/19/2017 5:35:15 PM
6.249328, 10/19/2017 5:35:15 PM
6.249328, 10/19/2017 5:35:15 PM
13.358840, 10/19/2017 5:39:22 PM
