Time (s), Filtered Data By Channel
0.019089, 6.463650E-1, 7.997621E-4, 8.236439E-3, 9.262816E-4, 3.478235E-3, 1.678623E-3, 2.772730E-3, 2.076858E-4
0.020089, 5.985575E-1, 1.994178E-4, 2.783850E-3, 6.455698E-4, 2.828289E-3, 1.172645E-3, 1.492732E-3, 2.117908E-4
0.021089, 7.095652E-1, 2.711588E-4, 6.726933E-3, 4.206620E-4, 6.394947E-3, 7.500634E-4, 8.218768E-3, 2.120379E-4
0.022089, 2.862011E-1, 9.278825E-3, 4.602334E-3, 2.446056E-4, 4.608248E-3, 4.025000E-4, 2.424929E-3, 2.087495E-4
0.023089, 2.009641E-2, 6.696311E-3, 5.826784E-3, 1.109462E-4, 3.707164E-3, 1.220174E-4, 7.378810E-3, 2.022817E-4
0.024089, 2.376108E-1, 4.503621E-3, 4.440203E-3, 1.371844E-5, 2.915547E-3, 8.753272E-3, 3.179578E-3, 1.930145E-4
0.025089, 3.463406E-1, 2.665429E-3, 3.245814E-3, 8.704898E-3, 2.224884E-3, 6.080657E-3, 6.703025E-3, 8.489733E-3
0.026089, 4.832800E-1, 7.503104E-3, 6.429630E-3, 2.747415E-3, 1.627061E-3, 3.837691E-3, 4.873270E-3, 3.014124E-3
0.027089, 4.940963E-1, 5.892201E-3, 4.210668E-3, 6.399330E-3, 1.114338E-3, 6.671832E-3, 3.325940E-3, 2.522354E-3
0.028089, 4.375291E-1, 4.498823E-3, 5.635113E-3, 4.664169E-3, 7.975909E-3, 5.337845E-3, 6.621898E-3, 2.077444E-3
0.029089, 4.282131E-1, 3.304037E-3, 4.853609E-3, 4.833763E-3, 3.156305E-3, 4.168868E-3, 4.842994E-3, 1.677207E-3
0.030089, 2.522284E-1, 2.289839E-3, 5.126143E-3, 5.914460E-3, 2.380401E-3, 3.152374E-3, 5.321268E-3, 1.319440E-3
0.031089, 1.098189E-1, 1.439143E-3, 5.245062E-3, 4.787757E-3, 1.710142E-3, 2.276276E-3, 4.912757E-3, 1.001922E-3
0.032089, 2.135012E-1, 7.357649E-4, 4.836891E-3, 3.794604E-3, 1.136942E-3, 1.528926E-3, 5.260453E-3, 7.224143E-4
0.033089, 1.346786E-1, 8.486650E-3, 5.446311E-3, 2.925210E-3, 6.525399E-4, 8.991224E-4, 3.689838E-3, 4.786638E-4
0.034089, 4.636848E-1, 2.550530E-3, 4.710550E-3, 2.170146E-3, 8.406248E-3, 3.761127E-4, 2.372369E-3, 2.684061E-4
0.035089, 6.501873E-1, 1.725418E-3, 3.147122E-3, 1.520330E-3, 2.759983E-3, 8.704789E-3, 7.372792E-3, 8.937232E-5
0.036089, 6.193705E-1, 1.039600E-3, 1.857214E-3, 9.670283E-4, 2.020066E-3, 2.450743E-3, 5.416391E-3, 6.070361E-5
0.037089, 5.779254E-1, 8.172402E-3, 7.845423E-3, 5.018506E-4, 1.387178E-3, 1.712644E-3, 3.753659E-3, 8.855151E-3
0.038089, 4.847210E-1, 5.782178E-3, 5.832814E-3, 1.167479E-4, 8.521642E-4, 1.090964E-3, 2.357659E-3, 2.563481E-3
0.039089, 1.655374E-1, 4.882229E-3, 4.105206E-3, 1.959834E-4, 8.249031E-3, 5.747585E-4, 7.453076E-3, 2.010362E-3
0.040089, 1.773521E-2, 3.714830E-3, 2.638733E-3, 4.437009E-4, 2.882155E-3, 1.535800E-4, 5.550022E-3, 1.525427E-3
0.041089, 3.724249E-1, 2.716206E-3, 1.410390E-3, 6.334102E-4, 2.113748E-3, 1.825125E-4, 4.726556E-3, 1.104007E-3
0.042089, 4.095187E-1, 1.870880E-3, 3.980586E-4, 9.424101E-3, 1.458160E-3, 4.429483E-4, 3.249752E-3, 7.414978E-4
0.043089, 5.264431E-1, 1.164155E-3, 9.076353E-3, 1.975270E-3, 9.055079E-4, 9.291027E-3, 6.638566E-3, 4.333724E-4
0.044089, 4.771562E-1, 8.068943E-3, 1.779353E-3, 1.445682E-3, 4.463046E-4, 2.069020E-3, 3.845860E-3, 1.751956E-4
0.045089, 3.948927E-1, 2.951483E-3, 7.840976E-3, 9.976622E-4, 8.583783E-3, 1.508632E-3, 2.554010E-3, 8.708438E-3
0.046089, 3.945880E-1, 2.104712E-3, 5.777677E-3, 6.234728E-4, 2.613587E-3, 1.039407E-3, 1.484812E-3, 2.637944E-3
0.047089, 2.263629E-1, 1.393392E-3, 4.024989E-3, 3.157537E-4, 1.906274E-3, 6.519914E-4, 6.150873E-4, 2.027633E-3
0.048089, 6.460104E-2, 7.846988E-3, 2.553723E-3, 6.752345E-5, 1.306580E-3, 3.375613E-4, 7.705716E-5, 1.498792E-3
0.049089, 6.119643E-2, 5.487149E-3, 7.320693E-3, 8.780158E-3, 7.850679E-3, 8.782017E-5, 9.267995E-3, 1.045082E-3
0.050089, 1.402326E-1, 5.145648E-3, 3.187999E-3, 2.563824E-3, 3.232022E-3, 8.759395E-3, 1.831694E-3, 6.603374E-4
0.051089, 5.529761E-1, 4.704950E-3, 6.731784E-3, 6.671800E-3, 6.233491E-3, 2.592818E-3, 7.577629E-3, 3.385792E-4
, , , , , , , , 
0.052089, 6.128182E-1, 2.895755E-3, 4.925352E-3, 4.320927E-3, 4.571342E-3, 6.637375E-3, 3.316836E-3, 7.402669E-5
0.053089, 5.951990E-1, 1.408045E-3, 3.391487E-3, 5.231054E-3, 3.511970E-3, 4.366872E-3, 2.371175E-3, 1.388886E-4
0.054089, 6.151815E-1, 8.442961E-3, 6.551736E-3, 3.173919E-3, 6.056926E-3, 5.177831E-3, 7.066396E-3, 3.055105E-4
0.055089, 3.295643E-1, 6.547132E-3, 3.884246E-3, 7.167149E-3, 3.995844E-3, 5.543794E-3, 3.794667E-3, 9.102021E-3
0.056089, 2.517739E-2, 4.900812E-3, 6.110164E-3, 5.686091E-3, 2.288687E-3, 4.401159E-3, 2.811540E-3, 2.326404E-3
0.057089, 1.932712E-1, 3.484196E-3, 4.278306E-3, 4.387771E-3, 7.756504E-3, 3.403778E-3, 1.989230E-3, 1.792534E-3
0.058089, 3.917090E-1, 6.372864E-3, 2.896729E-3, 3.258805E-3, 2.632624E-3, 2.540148E-3, 1.310496E-3, 1.334128E-3
0.059089, 4.790497E-1, 4.546748E-3, 6.911167E-3, 2.286196E-3, 7.355686E-3, 1.799225E-3, 7.592151E-4, 9.445601E-4
0.060089, 5.239620E-1, 5.629625E-3, 3.643938E-3, 1.457349E-3, 3.075112E-3, 1.170421E-3, 8.335409E-3, 6.174845E-4
0.061089, 4.562445E-1, 4.045316E-3, 2.410136E-3, 9.412420E-3, 6.885252E-3, 6.436004E-4, 5.834363E-3, 3.468417E-4
0.062089, 3.949519E-1, 2.695912E-3, 1.389086E-3, 1.131002E-2, 5.094028E-3, 2.090822E-4, 3.723419E-3, 1.268640E-4
0.063089, 3.131489E-1, 1.560927E-3, 8.098180E-3, 1.891297E-4, 3.553058E-3, 1.423600E-4, 6.689270E-3, 4.792046E-5
0.064089, 1.839627E-1, 8.030387E-3, 2.739931E-3, 8.882507E-3, 2.242116E-3, 4.194966E-4, 3.370542E-3, 1.826836E-4
0.065089, 1.637581E-1, 2.696146E-3, 1.753796E-3, 2.280641E-3, 7.513642E-3, 6.306385E-4, 1.744148E-3, 2.822947E-4
0.066089, 1.070749E-1, 7.036895E-3, 9.473632E-4, 1.555568E-3, 5.581382E-3, 7.836356E-4, 8.234632E-3, 3.513189E-4
0.067089, 2.779841E-1, 3.560654E-3, 8.356047E-3, 9.489483E-4, 4.703780E-3, 9.540264E-3, 6.444962E-3, 3.940161E-4
0.068089, 6.369113E-1, 6.289447E-3, 2.637430E-3, 4.493326E-4, 3.220561E-3, 1.896711E-3, 3.765623E-3, 4.143423E-4
0.069089, 6.108336E-1, 4.202186E-3, 6.876460E-3, 4.580157E-5, 6.685475E-3, 1.400133E-3, 6.392367E-3, 4.159506E-4
0.070089, 5.658403E-1, 5.743426E-3, 4.735972E-3, 2.720238E-4, 3.771608E-3, 9.829374E-4, 4.774695E-3, 4.021949E-4
0.071089, 6.365301E-1, 4.662400E-3, 2.933113E-3, 5.139720E-4, 2.447673E-3, 6.370457E-4, 3.384602E-3, 9.047209E-3
0.072089, 2.910272E-1, 3.291071E-3, 7.220540E-3, 6.893134E-4, 1.343447E-3, 3.548376E-4, 6.453026E-3, 6.165152E-3
0.073089, 5.486715E-2, 2.137581E-3, 5.599523E-3, 8.067523E-4, 4.378710E-4, 8.525238E-3, 4.603756E-3, 4.918542E-3
0.074089, 2.648068E-1, 7.469997E-3, 4.206896E-3, 8.744243E-4, 2.891943E-4, 2.794267E-3, 5.597601E-3, 4.061129E-3
0.075089, 3.754954E-1, 3.241515E-3, 3.021865E-3, 9.552233E-3, 8.569424E-4, 2.186388E-3, 4.626630E-3, 3.300194E-3
0.076089, 4.777512E-1, 2.144926E-3, 6.632170E-3, 1.950158E-3, 1.283593E-3, 1.664234E-3, 3.121304E-3, 2.628919E-3
0.077089, 5.069431E-1, 1.236680E-3, 4.038597E-3, 7.139112E-3, 1.586372E-3, 1.219866E-3, 6.776095E-3, 2.040735E-3
0.078089, 4.627924E-1, 4.974029E-4, 5.770293E-3, 3.987499E-3, 1.043674E-2, 8.457742E-4, 4.941015E-3, 1.529316E-3
0.079089, 4.349625E-1, 9.124760E-5, 3.897453E-3, 3.209026E-3, 9.571377E-4, 5.348678E-4, 3.373016E-3, 1.088573E-3
0.080089, 2.016430E-1, 5.465731E-4, 2.335395E-3, 2.534219E-3, 8.198029E-3, 2.804715E-4, 6.606648E-3, 7.126509E-4
0.081089, 6.322813E-2, 9.535888E-3, 7.603651E-3, 1.953720E-3, 5.743459E-3, 8.578074E-3, 3.788674E-3, 3.959267E-4
0.082089, 1.891062E-1, 1.718642E-3, 2.863462E-3, 1.458694E-3, 4.989352E-3, 5.896874E-3, 2.411972E-3, 1.330091E-4
0.083089, 1.159831E-1, 7.556542E-3, 7.077856E-3, 1.040809E-3, 3.883052E-3, 5.002045E-3, 1.263822E-3, 8.126077E-5
0.084089, 4.061347E-1, 3.432759E-3, 3.381093E-3, 6.922259E-4, 5.712598E-3, 4.011811E-3, 3.223512E-4, 2.518077E-4
, , , , , , , , 
0.085089, 6.280403E-1, 2.563535E-3, 2.083223E-3, 4.055874E-4, 4.992763E-3, 3.144079E-3, 4.333423E-4, 3.833200E-4
0.086089, 6.759899E-1, 1.836408E-3, 7.631488E-3, 8.478336E-3, 4.795655E-3, 6.264999E-3, 1.023167E-3, 4.802467E-4
0.087089, 6.629391E-1, 7.414915E-3, 5.633963E-3, 2.831357E-3, 5.734616E-3, 4.074749E-3, 1.012179E-2, 9.217869E-3
0.088089, 5.429393E-1, 3.588361E-3, 4.733386E-3, 6.436759E-3, 4.443426E-3, 6.389551E-3, 1.061684E-3, 2.259536E-3
0.089089, 2.187282E-1, 2.724608E-3, 3.339654E-3, 4.525176E-3, 3.335585E-3, 5.017757E-3, 8.271157E-3, 1.765626E-3
0.090089, 2.319452E-2, 1.995755E-3, 2.182915E-3, 3.596378E-3, 2.394154E-3, 3.818236E-3, 2.693526E-3, 1.339033E-3
0.091089, 4.206434E-1, 7.263258E-3, 1.237849E-3, 2.785650E-3, 1.603107E-3, 2.778236E-3, 1.812681E-3, 9.739794E-4
0.092089, 5.043206E-1, 3.727510E-3, 8.176213E-3, 2.083563E-3, 9.473085E-4, 6.769012E-3, 1.090990E-3, 8.006132E-3
0.093089, 6.508358E-1, 2.847492E-3, 2.730927E-3, 1.481082E-3, 8.242750E-3, 3.968649E-3, 8.144951E-3, 3.253113E-3
0.094089, 6.170672E-1, 6.551470E-3, 1.808539E-3, 9.695629E-4, 2.826545E-3, 2.858907E-3, 2.897044E-3, 2.564072E-3
0.095089, 4.609622E-1, 4.310553E-3, 7.597163E-3, 5.407458E-4, 2.018747E-3, 1.909488E-3, 6.580104E-3, 1.964081E-3
0.096089, 4.465667E-1, 5.338148E-3, 5.351006E-3, 1.867525E-4, 1.342248E-3, 1.107060E-3, 4.417002E-3, 1.446079E-3
0.097089, 2.729610E-1, 5.298231E-3, 3.446366E-3, 9.991438E-5, 7.835791E-4, 4.387271E-4, 2.602428E-3, 1.003264E-3
0.098089, 8.162471E-3, 4.098019E-3, 6.804043E-3, 3.263722E-4, 3.300666E-4, 8.762335E-3, 7.552489E-3, 6.290949E-4
0.099089, 1.674701E-2, 3.062906E-3, 3.383043E-3, 9.151698E-3, 8.685426E-3, 2.296074E-3, 2.729429E-3, 8.353773E-3
0.100089, 2.057442E-1, 2.178453E-3, 1.849702E-3, 2.215083E-3, 6.122254E-3, 1.481795E-3, 7.363422E-3, 2.908341E-3
0.101089, 6.252202E-1, 1.430927E-3, 5.916425E-4, 6.997440E-3, 3.962910E-3, 8.028227E-4, 2.970097E-3, 2.227084E-3
0.102089, 6.877082E-1, 8.072858E-4, 9.075957E-3, 4.018548E-3, 2.169027E-3, 2.462066E-4, 7.081022E-3, 1.639104E-3
0.103089, 7.040012E-1, 2.951716E-4, 1.632768E-3, 3.142184E-3, 7.951177E-3, 8.854833E-3, 5.370784E-3, 7.534397E-3
0.104089, 7.351696E-1, 1.171044E-4, 8.094263E-3, 2.382158E-3, 2.374626E-3, 2.292050E-3, 3.900803E-3, 3.558831E-3
0.105089, 3.654371E-1, 9.091622E-3, 2.553964E-3, 1.728910E-3, 7.665532E-3, 1.554932E-3, 2.650232E-3, 2.729022E-3
0.106089, 5.897651E-2, 2.154302E-3, 7.234379E-3, 1.173261E-3, 5.930724E-3, 9.421331E-4, 1.599156E-3, 2.011437E-3
0.107089, 1.285555E-1, 7.148435E-3, 5.304870E-3, 7.064206E-4, 4.424712E-3, 4.411128E-4, 7.285854E-4, 1.396989E-3
0.108089, 3.605831E-1, 3.798435E-3, 5.000329E-3, 8.332355E-3, 3.129260E-3, 3.996256E-5, 2.045528E-5, 8.769074E-4
0.109089, 5.007147E-1, 2.875582E-3, 3.550445E-3, 2.846253E-3, 2.026802E-3, 2.725829E-4, 5.423753E-4, 4.427503E-4
0.110089, 5.579661E-1, 2.086925E-3, 2.343575E-3, 6.530805E-3, 1.100453E-3, 5.071392E-4, 9.761236E-4, 8.640991E-5
0.111089, 4.728429E-1, 1.420154E-3, 7.302560E-3, 4.309678E-3, 8.321238E-3, 6.736676E-4, 9.951851E-3, 1.998761E-4
0.112089, 3.648221E-1, 8.635715E-4, 3.400569E-3, 2.467839E-3, 2.553228E-3, 7.814732E-4, 1.324817E-3, 4.235156E-4
0.113089, 2.866686E-1, 4.060933E-4, 6.356370E-3, 7.686062E-3, 1.585153E-3, 8.392050E-4, 7.146152E-4, 5.915528E-4
0.114089, 1.974190E-1, 8.613817E-3, 4.416446E-3, 6.043906E-3, 7.805589E-4, 8.548601E-4, 2.258598E-4, 7.106600E-4
0.115089, 2.588486E-1, 2.587015E-3, 2.776214E-3, 4.608528E-3, 8.531728E-3, 8.357893E-4, 8.811383E-3, 7.871301E-4
0.116089, 9.174304E-3, 6.760077E-3, 7.248463E-3, 3.364562E-3, 2.440117E-3, 7.887068E-4, 2.398373E-3, 8.268705E-4
0.117089, 1.855078E-1, 4.507495E-3, 5.528100E-3, 2.297080E-3, 1.557769E-3, 7.197018E-4, 6.938815E-3, 8.353983E-4
, , , , , , , , 
0.118089, 5.306492E-1, 2.632231E-3, 4.061999E-3, 1.391614E-3, 8.276768E-4, 6.342554E-4, 3.995171E-3, 8.178381E-4
0.119089, 5.860120E-1, 1.096402E-3, 5.831018E-3, 6.341685E-4, 2.343878E-4, 5.372562E-4, 3.061365E-3, 7.789204E-4
0.120089, 5.750450E-1, 8.786950E-3, 4.638553E-3, 1.123775E-5, 2.367644E-4, 9.087414E-3, 2.268328E-3, 7.229835E-4
0.121089, 6.527810E-1, 6.909746E-3, 3.319104E-3, 4.901694E-4, 9.254901E-3, 2.515654E-3, 1.602067E-3, 6.539769E-4
0.122089, 2.339499E-1, 5.270250E-3, 2.212681E-3, 8.825120E-4, 1.973919E-3, 2.147994E-3, 7.606347E-3, 5.754669E-4
0.123089, 5.922271E-3, 3.850450E-3, 7.359233E-3, 9.830035E-3, 1.313537E-3, 1.825776E-3, 3.439483E-3, 4.906443E-4
0.124089, 2.885285E-1, 2.632915E-3, 5.261440E-3, 1.453261E-3, 7.882633E-3, 1.544152E-3, 2.602187E-3, 4.023350E-4
0.125089, 3.634852E-1, 1.600803E-3, 5.169411E-3, 8.435443E-4, 3.179211E-3, 1.298713E-3, 1.891836E-3, 3.130116E-4
0.126089, 5.093799E-1, 7.378743E-4, 4.849071E-3, 3.467649E-4, 2.362777E-3, 1.085455E-3, 7.359905E-3, 2.248075E-4
0.127089, 4.987683E-1, 2.850402E-5, 5.498676E-3, 4.913606E-5, 1.676582E-3, 9.007535E-4, 3.643885E-3, 1.395326E-4
0.128089, 4.343983E-1, 5.422999E-4, 4.594877E-3, 3.555804E-4, 7.547989E-3, 7.413347E-4, 5.889478E-3, 5.869056E-5
0.129089, 3.927702E-1, 9.639934E-3, 2.971281E-3, 5.833408E-4, 3.483499E-3, 6.042477E-4, 4.859206E-3, 1.650272E-5
0.130089, 1.856673E-1, 1.514982E-3, 7.031022E-3, 9.394875E-3, 6.019893E-3, 4.868386E-4, 3.751868E-3, 8.509945E-5
0.131089, 4.924278E-2, 7.849919E-3, 5.284646E-3, 1.997690E-3, 4.757932E-3, 3.867257E-4, 2.797780E-3, 1.463995E-4
0.132089, 1.682894E-1, 3.060428E-3, 3.790724E-3, 1.472465E-3, 3.680248E-3, 3.017763E-4, 1.983483E-3, 1.999292E-4
0.133089, 1.236314E-1, 2.123578E-3, 6.130352E-3, 1.037396E-3, 2.755081E-3, 8.424306E-3, 1.296172E-3, 2.454203E-4
0.134089, 4.300471E-1, 7.310616E-3, 4.312248E-3, 6.824491E-4, 1.968515E-3, 5.643456E-3, 7.932085E-3, 2.827876E-4
0.135089, 6.020257E-1, 3.535702E-3, 2.968003E-3, 3.982428E-4, 1.307353E-3, 5.326264E-3, 3.095927E-3, 3.121084E-4
0.136089, 6.412616E-1, 2.539769E-3, 1.839827E-3, 1.760365E-4, 7.591096E-4, 4.381733E-3, 2.243487E-3, 8.337474E-3
0.137089, 6.323925E-1, 1.702205E-3, 9.067488E-4, 7.722119E-6, 3.119967E-4, 3.538134E-3, 7.134612E-3, 3.194064E-3
0.138089, 5.431348E-1, 1.007555E-3, 1.488662E-4, 1.141902E-4, 8.700332E-3, 2.789307E-3, 3.758149E-3, 2.724533E-3
0.139089, 1.722355E-1, 8.209911E-3, 9.109549E-3, 1.965866E-4, 6.136533E-3, 2.129224E-3, 2.784338E-3, 2.296550E-3
0.140089, 1.403199E-2, 5.822081E-3, 1.926184E-3, 2.457655E-4, 4.676768E-3, 1.551986E-3, 1.953791E-3, 6.762936E-3
0.141089, 3.884756E-1, 4.842673E-3, 1.109373E-3, 2.674558E-4, 3.626707E-3, 1.051816E-3, 7.402215E-3, 4.403831E-3
0.142089, 4.218357E-1, 4.973044E-3, 4.467411E-4, 2.668365E-4, 2.722406E-3, 6.230625E-4, 5.143061E-3, 3.612333E-3
0.143089, 5.009190E-1, 5.524043E-3, 7.889137E-5, 2.485591E-4, 6.704296E-3, 2.602009E-4, 3.253342E-3, 2.902801E-3
0.144089, 4.689190E-1, 4.209769E-3, 9.140546E-3, 2.167679E-4, 4.141329E-3, 4.215923E-5, 6.959560E-3, 2.270826E-3
0.145089, 4.082914E-1, 3.083379E-3, 2.059136E-3, 8.827466E-3, 3.123733E-3, 2.892659E-4, 3.278201E-3, 1.712014E-3
0.146089, 4.404149E-1, 2.128055E-3, 7.280773E-3, 2.713472E-3, 6.403254E-3, 4.862149E-4, 6.847913E-3, 1.221984E-3
0.147089, 2.501767E-1, 1.327770E-3, 4.995369E-3, 6.362164E-3, 4.300857E-3, 6.379383E-4, 3.460679E-3, 7.963754E-4
0.148089, 7.134845E-2, 6.672796E-4, 3.073666E-3, 4.756668E-3, 2.553580E-3, 7.491928E-4, 6.609239E-3, 4.308465E-4
0.149089, 5.514857E-2, 1.321286E-4, 7.175583E-3, 3.952326E-3, 1.125206E-3, 8.245460E-4, 3.742219E-3, 1.210890E-4
0.150089, 1.467661E-1, 2.913537E-4, 3.027310E-3, 3.236693E-3, 1.852702E-5, 8.683661E-4, 6.296878E-3, 1.371630E-4
, , , , , , , , 
0.151089, 5.510907E-1, 9.267108E-3, 7.135667E-3, 2.603350E-3, 9.565180E-3, 8.848080E-4, 4.074611E-3, 3.481198E-4
0.152089, 6.224559E-1, 6.665239E-3, 5.516086E-3, 2.046179E-3, 7.393350E-3, 9.532195E-3, 2.701744E-3, 5.159213E-4
0.153089, 5.955490E-1, 4.463397E-3, 4.118788E-3, 1.559354E-3, 5.503588E-3, 1.989930E-3, 1.578099E-3, 6.446209E-4
0.154089, 7.042078E-1, 6.026891E-3, 5.732313E-3, 1.137314E-3, 4.780856E-3, 7.096989E-3, 6.756901E-4, 7.381702E-4
0.155089, 3.138224E-1, 3.951794E-3, 4.756928E-3, 7.747544E-4, 5.326176E-3, 4.026921E-3, 8.687431E-3, 9.471476E-3
0.156089, 2.974417E-2, 6.393766E-3, 3.439113E-3, 8.185728E-3, 3.680602E-3, 3.235438E-3, 6.382691E-3, 2.011448E-3
0.157089, 2.004651E-1, 4.939321E-3, 6.336813E-3, 3.048369E-3, 2.283039E-3, 2.542232E-3, 4.250174E-3, 1.524428E-3
0.158089, 4.072468E-1, 3.683987E-3, 4.223360E-3, 6.292994E-3, 1.112141E-3, 1.939751E-3, 3.085232E-3, 1.106177E-3
0.159089, 5.087051E-1, 2.610782E-3, 5.684607E-3, 4.053130E-3, 1.473082E-4, 1.420705E-3, 2.121488E-3, 7.509288E-4
0.160089, 5.105539E-1, 1.703464E-3, 4.757612E-3, 6.445476E-3, 6.312812E-4, 9.780782E-4, 1.336173E-3, 4.531102E-4
0.161089, 4.471192E-1, 9.465324E-4, 5.255053E-3, 5.099303E-3, 1.242641E-3, 8.049264E-3, 7.081074E-4, 2.073502E-4
0.162089, 3.894248E-1, 8.325825E-3, 5.094894E-3, 3.915592E-3, 1.036019E-2, 3.136370E-3, 8.438119E-3, 8.493229E-6
0.163089, 3.192569E-1, 5.985627E-3, 4.998446E-3, 2.883171E-3, 7.849472E-3, 2.408094E-3, 2.688091E-3, 8.819465E-3
0.164089, 2.415892E-1, 4.012474E-3, 5.281608E-3, 1.991106E-3, 2.956248E-3, 1.778944E-3, 6.711550E-3, 2.578466E-3
0.165089, 2.212026E-1, 6.280125E-3, 3.785236E-3, 1.228709E-3, 6.717525E-3, 1.240767E-3, 4.478528E-3, 2.015206E-3
0.166089, 9.594109E-2, 3.867258E-3, 6.141021E-3, 5.855552E-4, 4.715982E-3, 7.868681E-3, 6.053568E-3, 1.528654E-3
0.167089, 2.751572E-1, 6.336576E-3, 4.362214E-3, 5.150028E-5, 5.625338E-3, 3.247212E-3, 4.764547E-3, 1.112303E-3
0.168089, 6.406718E-1, 4.765346E-3, 5.784430E-3, 3.832983E-4, 4.184988E-3, 2.460512E-3, 3.658725E-3, 7.599134E-4
0.169089, 6.456300E-1, 3.416149E-3, 4.172532E-3, 9.380701E-3, 5.691391E-3, 6.871151E-3, 2.718222E-3, 4.655126E-4
0.170089, 6.218125E-1, 6.381064E-3, 2.804054E-3, 1.847449E-3, 4.782439E-3, 4.047243E-3, 1.926303E-3, 2.234020E-4
0.171089, 7.313888E-1, 4.502516E-3, 1.656951E-3, 7.473091E-3, 3.462833E-3, 3.086194E-3, 1.267340E-3, 2.816134E-5
0.172089, 3.055533E-1, 5.719078E-3, 7.946752E-3, 3.462671E-3, 2.351185E-3, 2.256182E-3, 7.929005E-3, 1.253481E-4
0.173089, 2.127828E-2, 4.173035E-3, 2.785289E-3, 2.531079E-3, 1.427246E-3, 1.546559E-3, 3.132461E-3, 2.419797E-4
0.174089, 3.580202E-1, 2.855243E-3, 6.952911E-3, 1.738081E-3, 7.983444E-3, 9.470469E-4, 2.313343E-3, 3.262997E-4
0.175089, 4.175757E-1, 1.745554E-3, 3.655368E-3, 1.071443E-3, 2.907957E-3, 4.477452E-4, 7.032920E-3, 9.053660E-3
0.176089, 5.244518E-1, 8.246523E-4, 6.196404E-3, 5.194033E-4, 1.960427E-3, 3.914544E-5, 4.766641E-3, 2.431636E-3
0.177089, 5.114265E-1, 8.576991E-3, 4.348919E-3, 7.068843E-5, 1.177995E-3, 8.942247E-3, 2.873084E-3, 1.943261E-3
0.178089, 4.364414E-1, 6.334987E-3, 2.796748E-3, 2.854672E-4, 5.430492E-4, 2.299032E-3, 7.339934E-3, 1.519900E-3
0.179089, 4.047398E-1, 4.218657E-3, 7.145856E-3, 5.593065E-4, 3.901197E-5, 1.634017E-3, 5.754106E-3, 1.155863E-3
0.180089, 1.872577E-1, 5.676993E-3, 3.306211E-3, 9.412876E-3, 3.496705E-4, 1.073808E-3, 4.375169E-3, 8.457429E-4
0.181089, 8.689702E-2, 4.767913E-3, 1.997131E-3, 1.941999E-3, 6.375351E-4, 8.045918E-3, 3.186220E-3, 5.844107E-4
0.182089, 1.611782E-1, 3.425912E-3, 7.731954E-3, 7.268715E-3, 8.381134E-4, 3.069517E-3, 2.171099E-3, 3.670139E-4
0.183089, 2.403546E-1, 2.293084E-3, 2.905981E-3, 3.760358E-3, 9.619194E-3, 2.290399E-3, 7.341399E-3, 1.889722E-4
, , , , , , , , 
0.184089, 5.765498E-1, 1.349600E-3, 1.757011E-3, 2.906105E-3, 1.814671E-3, 1.627118E-3, 5.213021E-3, 8.625100E-3
0.185089, 6.582531E-1, 5.765765E-4, 8.210342E-4, 2.175161E-3, 1.328982E-3, 1.069060E-3, 5.225139E-3, 2.780435E-3
0.186089, 5.417340E-1, 8.694967E-3, 8.582430E-3, 1.556101E-3, 9.341836E-4, 6.060979E-4, 4.800980E-3, 2.219166E-3
0.187089, 3.025214E-1, 2.311059E-3, 2.336928E-3, 1.038074E-3, 6.189529E-4, 2.285979E-4, 3.132736E-3, 1.729665E-3
0.188089, 3.215964E-1, 7.180716E-3, 1.428417E-3, 6.108042E-4, 3.728505E-4, 7.257794E-5, 6.895763E-3, 1.306096E-3
0.189089, 1.432766E-1, 3.622034E-3, 7.961767E-3, 8.387749E-3, 8.468958E-3, 3.060663E-4, 5.163212E-3, 9.428793E-4
0.190089, 1.155221E-2, 2.594384E-3, 5.698526E-3, 2.830610E-3, 2.891779E-3, 4.800004E-4, 3.672279E-3, 6.346806E-4
0.191089, 2.543365E-1, 1.735002E-3, 3.775357E-3, 2.144222E-3, 6.332049E-3, 6.020081E-4, 6.252816E-3, 8.294660E-3
0.192089, 3.359871E-1, 7.624376E-3, 2.162017E-3, 1.561158E-3, 4.679480E-3, 6.792129E-4, 4.478377E-3, 3.009699E-3
0.193089, 5.571962E-1, 3.293063E-3, 8.294958E-4, 1.071413E-3, 3.793432E-3, 7.182340E-4, 2.995783E-3, 2.360535E-3
0.194089, 5.466026E-1, 2.363717E-3, 2.499528E-4, 6.655296E-4, 3.021577E-3, 7.251914E-4, 1.774804E-3, 1.795592E-3
0.195089, 3.845423E-1, 7.063494E-3, 1.102789E-3, 8.317744E-3, 2.353669E-3, 7.057102E-4, 7.869858E-4, 1.308199E-3
0.196089, 3.092111E-1, 3.788556E-3, 1.041104E-2, 2.910546E-3, 1.780088E-3, 9.319320E-3, 8.650143E-3, 8.919317E-4
0.197089, 1.076516E-1, 2.796554E-3, 6.139383E-4, 2.229459E-3, 1.291815E-3, 6.420917E-3, 6.408582E-3, 8.130463E-3
0.198089, 2.083175E-2, 1.960731E-3, 8.837147E-3, 1.647748E-3, 8.804023E-4, 4.668754E-3, 4.484454E-3, 3.094772E-3
0.199089, 3.861907E-2, 7.385666E-3, 2.049482E-3, 1.156047E-3, 5.379457E-4, 3.844171E-3, 2.851362E-3, 2.379336E-3
0.200089, 8.993749E-2, 3.535618E-3, 1.121618E-3, 7.454918E-4, 2.570635E-4, 5.535994E-3, 1.483829E-3, 1.759910E-3
0.201089, 4.432850E-1, 6.048701E-3, 3.808106E-4, 4.077207E-4, 3.087259E-5, 5.324418E-3, 8.298445E-3, 1.228777E-3
0.202089, 5.257439E-1, 3.995356E-3, 1.949384E-4, 8.517479E-3, 8.802280E-3, 4.297110E-3, 6.366031E-3, 7.892582E-3
0.203089, 5.891754E-1, 6.365661E-3, 9.283114E-3, 2.759834E-3, 2.558675E-3, 3.393813E-3, 3.941462E-3, 3.248345E-3
0.204089, 7.114577E-1, 4.926455E-3, 1.909540E-3, 6.532690E-3, 1.984342E-3, 2.605154E-3, 6.158194E-3, 2.462041E-3
0.205089, 3.394491E-1, 4.965320E-3, 7.421650E-3, 4.411912E-3, 1.489766E-3, 1.922130E-3, 4.141632E-3, 1.784006E-3
0.206089, 2.432376E-2, 3.184979E-3, 3.541712E-3, 5.180338E-3, 1.067722E-3, 1.336098E-3, 5.965044E-3, 1.205377E-3
0.207089, 1.759019E-1, 6.935712E-3, 6.004894E-3, 5.495880E-3, 7.943866E-3, 8.387736E-4, 4.327658E-3, 7.176012E-4
0.208089, 3.794303E-1, 5.287034E-3, 4.757038E-3, 4.317267E-3, 3.255572E-3, 4.222210E-4, 2.943693E-3, 3.124418E-4
0.209089, 5.057989E-1, 3.865839E-3, 4.976959E-3, 3.290146E-3, 6.119177E-3, 7.885502E-5, 1.788595E-3, 1.800816E-5
0.210089, 5.517599E-1, 5.998125E-3, 5.611614E-3, 2.402638E-3, 4.753312E-3, 1.985619E-4, 7.816622E-3, 2.813180E-4
0.211089, 4.662436E-1, 4.181262E-3, 4.375104E-3, 1.643303E-3, 4.914014E-3, 4.169169E-4, 2.914883E-3, 4.847081E-4
0.212089, 3.656619E-1, 2.667500E-3, 3.319410E-3, 1.001138E-3, 5.698412E-3, 5.827470E-4, 6.819082E-3, 6.350408E-4
0.213089, 2.655721E-1, 7.225385E-3, 2.426635E-3, 4.655832E-4, 4.198326E-3, 7.022349E-4, 4.864029E-3, 7.388111E-4
0.214089, 1.255769E-1, 5.384815E-3, 1.680003E-3, 2.652116E-5, 6.213464E-3, 7.812086E-4, 3.213428E-3, 8.021391E-4
0.215089, 1.872587E-1, 4.846257E-3, 1.063823E-3, 3.257134E-4, 4.798241E-3, 8.251384E-4, 1.838666E-3, 8.307638E-4
0.216089, 8.577956E-2, 5.303211E-3, 5.634525E-4, 6.003284E-4, 3.564819E-3, 8.391360E-4, 7.124619E-4, 8.300385E-4
, , , , , , , , 
0.217089, 2.328416E-1, 3.703724E-3, 1.652681E-4, 9.458407E-3, 6.155561E-3, 8.279536E-4, 8.846888E-3, 8.049282E-4
0.218089, 5.850188E-1, 2.349263E-3, 1.433720E-4, 1.889109E-3, 4.430971E-3, 7.959857E-4, 1.944785E-3, 7.600085E-4
0.219089, 6.082996E-1, 1.217838E-3, 3.741595E-4, 1.321331E-3, 3.187761E-3, 7.472703E-4, 9.384596E-4, 6.994678E-4
0.220089, 5.816593E-1, 2.883550E-4, 9.194754E-3, 8.470262E-4, 2.122560E-3, 9.339884E-3, 8.522611E-3, 6.271107E-4
0.221089, 6.994516E-1, 9.110419E-3, 2.197417E-3, 8.195527E-3, 1.220860E-3, 2.226990E-3, 6.308441E-3, 9.217438E-3
0.222089, 2.722463E-1, 6.855724E-3, 1.663348E-3, 5.670228E-3, 8.186654E-3, 1.829647E-3, 4.413476E-3, 2.386176E-3
0.223089, 1.526713E-2, 4.932165E-3, 1.217215E-3, 5.098764E-3, 2.693425E-3, 1.484346E-3, 2.809932E-3, 1.998406E-3
0.224089, 3.074342E-1, 5.341978E-3, 7.807857E-3, 4.006530E-3, 1.724091E-3, 7.468204E-3, 1.471196E-3, 1.658999E-3
0.225089, 4.285879E-1, 4.797242E-3, 3.391358E-3, 3.059190E-3, 9.128651E-4, 3.771558E-3, 8.283932E-3, 1.363374E-3
0.226089, 5.622098E-1, 5.437118E-3, 2.676380E-3, 2.244722E-3, 2.451318E-4, 5.575752E-3, 2.329050E-3, 1.107272E-3
0.227089, 5.148791E-1, 3.914798E-3, 2.061779E-3, 1.551604E-3, 2.931537E-4, 5.308949E-3, 1.161281E-3, 8.867374E-4
0.228089, 4.929680E-1, 6.021856E-3, 1.537835E-3, 9.688162E-4, 7.154422E-4, 4.355714E-3, 8.443992E-3, 6.981055E-4
0.229089, 4.534748E-1, 4.397817E-3, 1.095458E-3, 4.858389E-4, 1.034566E-3, 6.247338E-3, 2.298813E-3, 5.379856E-4
0.230089, 1.931478E-1, 5.606894E-3, 7.261623E-4, 8.559681E-3, 1.262717E-3, 4.989099E-3, 1.241952E-3, 8.267826E-3
0.231089, 2.652829E-2, 4.751108E-3, 4.220385E-4, 2.620083E-3, 1.411425E-3, 3.880457E-3, 8.270182E-3, 3.137471E-3
0.232089, 1.333683E-1, 3.341775E-3, 1.757287E-4, 1.903041E-3, 1.491541E-3, 2.911071E-3, 2.549172E-3, 2.568601E-3
0.233089, 2.090677E-1, 2.158773E-3, 8.676481E-3, 1.296794E-3, 1.016847E-2, 6.583531E-3, 1.553465E-3, 2.065229E-3
0.234089, 5.650192E-1, 1.180024E-3, 2.671548E-3, 7.908175E-4, 1.355328E-3, 4.190988E-3, 7.911696E-3, 1.622573E-3
0.235089, 6.358829E-1, 3.845547E-4, 2.084014E-3, 3.751100E-4, 9.472253E-4, 5.550015E-3, 2.941666E-3, 1.236049E-3
0.236089, 5.650006E-1, 8.898543E-3, 7.078947E-3, 4.018628E-5, 6.192941E-4, 5.007274E-3, 1.968224E-3, 9.012623E-4
0.237089, 5.052303E-1, 2.105047E-3, 3.987646E-3, 2.229167E-4, 3.616426E-4, 3.730622E-3, 7.485207E-3, 6.140001E-4
0.238089, 4.364236E-1, 7.381669E-3, 3.146777E-3, 4.226414E-4, 1.650802E-4, 2.627739E-3, 5.285226E-3, 3.702278E-4
0.239089, 2.437123E-2, 3.432163E-3, 2.414204E-3, 9.219250E-3, 2.110822E-5, 1.685181E-3, 3.423019E-3, 8.504991E-3
0.240089, 1.064263E-1, 2.420286E-3, 1.781138E-3, 2.177187E-3, 7.809224E-5, 8.898608E-4, 1.867720E-3, 2.844337E-3
0.241089, 3.664729E-1, 1.580174E-3, 1.239177E-3, 1.646686E-3, 1.396759E-4, 2.290643E-4, 5.898139E-4, 2.232061E-3
0.242089, 4.125313E-1, 8.935604E-4, 7.803033E-4, 1.198954E-3, 1.701511E-4, 3.095176E-4, 9.094606E-3, 1.696925E-3
0.243089, 5.259840E-1, 3.432700E-4, 3.968700E-4, 8.255651E-4, 1.754003E-4, 7.377648E-4, 1.596457E-3, 1.233184E-3
0.244089, 4.470604E-1, 8.678509E-5, 8.575287E-3, 5.185956E-4, 8.815952E-3, 1.067101E-3, 8.143928E-3, 8.352640E-4
0.245089, 3.263575E-1, 9.062677E-3, 2.669379E-3, 2.706148E-4, 2.710506E-3, 9.962858E-3, 2.489910E-3, 4.977677E-4
0.246089, 2.659018E-1, 2.194684E-3, 6.662538E-3, 7.467624E-5, 6.379317E-3, 1.368686E-3, 1.347112E-3, 2.154781E-4
0.247089, 9.431759E-2, 7.087006E-3, 4.399264E-3, 7.569016E-5, 4.738086E-3, 7.969252E-4, 8.230836E-3, 1.663557E-5
0.248089, 3.140418E-2, 4.763365E-3, 6.133303E-3, 1.864887E-4, 3.933135E-3, 3.314351E-4, 2.540118E-3, 2.034114E-4
0.249089, 7.507954E-2, 2.814190E-3, 4.819557E-3, 2.632677E-4, 3.220729E-3, 3.911997E-5, 1.510921E-3, 3.494880E-4
, , , , , , , , 
0.250089, 1.122067E-2, 7.447039E-3, 3.671664E-3, 3.111316E-4, 2.593528E-3, 8.979880E-3, 6.806414E-4, 4.592975E-4
0.251089, 5.171093E-1, 5.912176E-3, 2.677207E-3, 3.347538E-4, 2.044605E-3, 2.303161E-3, 8.629365E-3, 5.370583E-4
0.252089, 5.755658E-1, 4.071288E-3, 1.824145E-3, 8.990728E-3, 7.087829E-3, 1.679758E-3, 6.287550E-3, 5.867689E-4
0.253089, 6.543785E-1, 6.272289E-3, 1.100818E-3, 2.514427E-3, 3.997064E-3, 1.159917E-3, 4.286752E-3, 6.122013E-4
0.254089, 7.501847E-1, 4.818042E-3, 4.959643E-4, 6.588186E-3, 3.169564E-3, 7.327786E-4, 6.058225E-3, 6.168968E-4
0.255089, 3.398578E-1, 3.564581E-3, 8.658159E-3, 4.511757E-3, 6.210961E-3, 3.881110E-4, 4.033094E-3, 6.041609E-4
0.256089, 2.282920E-2, 2.494497E-3, 2.440474E-3, 3.695874E-3, 4.654755E-3, 8.538087E-3, 2.407793E-3, 5.770617E-4
0.257089, 1.010721E-1, 7.059854E-3, 7.004985E-3, 2.975299E-3, 3.635378E-3, 2.749353E-3, 7.594948E-3, 5.384273E-4
0.258089, 4.180341E-1, 4.972254E-3, 3.830772E-3, 2.342858E-3, 2.743874E-3, 2.121352E-3, 5.849379E-3, 4.908467E-4
0.259089, 5.383007E-1, 3.224016E-3, 2.806144E-3, 1.791689E-3, 1.970823E-3, 1.589074E-3, 4.354321E-3, 4.366707E-4
0.260089, 5.701636E-1, 1.781368E-3, 1.932374E-3, 1.315231E-3, 1.307089E-3, 7.511588E-3, 3.086475E-3, 3.780155E-4
0.261089, 5.172867E-1, 8.038745E-3, 7.460631E-3, 9.072176E-4, 7.911425E-3, 3.614392E-3, 6.631970E-3, 3.167666E-4
0.262089, 4.467253E-1, 6.124549E-3, 5.229989E-3, 5.616606E-4, 3.113739E-3, 2.837763E-3, 3.986921E-3, 2.545850E-4
0.263089, 2.951920E-1, 4.180234E-3, 5.294634E-3, 8.379488E-3, 2.250429E-3, 2.169476E-3, 5.858043E-3, 1.929148E-4
0.264089, 1.684071E-1, 5.896164E-3, 3.994052E-3, 2.875665E-3, 1.510814E-3, 1.599553E-3, 4.644311E-3, 1.329913E-4
0.265089, 1.418934E-1, 4.224920E-3, 2.877048E-3, 6.443483E-3, 8.847030E-4, 1.118563E-3, 3.348360E-3, 7.585107E-5
0.266089, 1.238355E-1, 2.800638E-3, 6.728851E-3, 4.471576E-3, 8.293011E-3, 7.176089E-4, 6.399478E-3, 2.234273E-5
0.267089, 3.075411E-1, 1.601886E-3, 3.973822E-3, 5.151786E-3, 2.775170E-3, 3.883161E-4, 4.189460E-3, 2.686158E-5
0.268089, 6.308583E-1, 8.042993E-3, 2.840717E-3, 5.492918E-3, 1.956202E-3, 1.228211E-4, 2.970385E-3, 7.125373E-5
0.269089, 6.311183E-1, 6.011748E-3, 1.880468E-3, 4.283382E-3, 1.261425E-3, 8.623922E-5, 1.946267E-3, 1.104767E-4
0.270089, 5.605832E-1, 4.361471E-3, 7.579482E-3, 3.226751E-3, 6.798991E-4, 2.457378E-4, 7.558011E-3, 1.443113E-4
0.271089, 6.647314E-1, 5.686410E-3, 3.258311E-3, 2.311815E-3, 2.010892E-4, 3.620685E-4, 5.407754E-3, 1.726627E-4
0.272089, 2.723657E-1, 4.632324E-3, 2.249541E-3, 1.527662E-3, 1.851120E-4, 4.411577E-4, 5.062737E-3, 1.955464E-4
0.273089, 5.490933E-2, 3.188091E-3, 1.402947E-3, 8.636793E-4, 4.883713E-4, 4.884753E-4, 4.923472E-3, 2.130753E-4
0.274089, 3.211124E-1, 6.676173E-3, 7.953860E-3, 8.342760E-3, 9.373147E-3, 5.090468E-4, 5.445493E-3, 2.254459E-4
0.275089, 3.834586E-1, 4.840356E-3, 5.680096E-3, 2.695723E-3, 1.958833E-3, 5.074659E-4, 4.024559E-3, 8.438149E-3
0.276089, 5.113133E-1, 5.359378E-3, 4.892677E-3, 6.795905E-3, 7.279826E-3, 4.879075E-4, 2.816324E-3, 3.082301E-3
0.277089, 4.968756E-1, 3.809116E-3, 5.013319E-3, 3.986543E-3, 3.730244E-3, 4.541424E-4, 1.800986E-3, 2.604539E-3
0.278089, 4.477733E-1, 6.149311E-3, 3.235237E-3, 2.918584E-3, 2.855337E-3, 4.095532E-4, 9.597334E-4, 2.171071E-3
0.279089, 4.431166E-1, 4.254234E-3, 1.764386E-3, 2.005323E-3, 6.548984E-3, 3.571479E-4, 8.381032E-3, 1.779768E-3
0.280089, 2.348553E-1, 5.761483E-3, 5.689100E-4, 1.233661E-3, 4.312948E-3, 2.995793E-4, 6.085186E-3, 1.428517E-3
0.281089, 7.832778E-2, 4.590111E-3, 3.812701E-4, 5.909526E-4, 5.348829E-3, 2.391611E-4, 4.141458E-3, 1.115221E-3
0.282089, 1.730454E-1, 5.472602E-3, 9.771354E-3, 6.502884E-5, 5.282520E-3, 1.778871E-4, 6.139001E-3, 8.377845E-4
, , , , , , , , 
0.283089, 1.452043E-1, 4.836592E-3, 7.472325E-3, 3.557851E-4, 4.070783E-3, 8.771840E-3, 4.634697E-3, 5.941216E-4
0.284089, 4.954572E-1, 5.264258E-3, 5.483395E-3, 6.826498E-4, 3.024295E-3, 2.781725E-3, 3.348352E-3, 3.821492E-4
0.285089, 6.437579E-1, 3.640301E-3, 3.779658E-3, 9.261908E-4, 2.129254E-3, 2.360954E-3, 2.260239E-3, 1.997907E-4
0.286089, 6.288602E-1, 6.370329E-3, 2.337063E-3, 1.096484E-3, 1.372409E-3, 1.983866E-3, 1.351575E-3, 4.497950E-5
0.287089, 5.723013E-1, 4.651888E-3, 1.132436E-3, 9.855379E-3, 7.914187E-3, 1.647218E-3, 8.051251E-3, 8.433636E-5
0.288089, 4.423231E-1, 3.195556E-3, 1.435002E-4, 1.585523E-3, 3.064340E-3, 1.347972E-3, 5.812169E-3, 1.901883E-4
0.289089, 1.418182E-1, 1.976822E-3, 6.510901E-4, 7.547556E-3, 2.172533E-3, 1.083273E-3, 3.919997E-3, 8.945655E-3
0.290089, 7.780545E-3, 9.723499E-4, 1.271730E-3, 3.551045E-3, 1.419518E-3, 8.504398E-4, 2.341779E-3, 2.506981E-3
0.291089, 3.298739E-1, 8.491078E-3, 1.737835E-3, 2.758524E-3, 7.862917E-3, 6.469426E-4, 7.609582E-3, 1.983166E-3
0.292089, 4.432957E-1, 2.358611E-3, 1.072470E-2, 2.081852E-3, 5.535379E-3, 8.183995E-3, 2.844960E-3, 1.523124E-3
0.293089, 5.444563E-1, 1.393299E-3, 5.627488E-4, 1.509965E-3, 5.073483E-3, 3.159529E-3, 1.551520E-3, 1.122483E-3
0.294089, 5.089388E-1, 6.086755E-4, 2.179103E-5, 1.032394E-3, 3.848735E-3, 2.554675E-3, 5.045042E-4, 7.769394E-4
0.295089, 4.436432E-1, 8.666288E-3, 4.712059E-4, 6.392650E-4, 2.797391E-3, 2.018350E-3, 3.234467E-4, 4.822735E-4
0.296089, 4.183548E-1, 6.308377E-3, 8.022595E-4, 8.331051E-3, 1.904414E-3, 1.546088E-3, 9.580671E-4, 2.343558E-4
0.297089, 2.565059E-1, 4.349534E-3, 9.687523E-3, 2.910071E-3, 1.155395E-3, 1.133524E-3, 1.007924E-2, 2.916051E-5
0.298089, 1.059424E-1, 3.196988E-3, 1.670857E-3, 6.410938E-3, 5.365655E-4, 7.763988E-4, 7.556501E-3, 1.372238E-4
0.299089, 1.262026E-2, 2.230462E-3, 1.129384E-3, 4.511765E-3, 3.480380E-5, 4.705549E-4, 5.383605E-3, 2.685828E-4
0.300089, 1.742817E-1, 1.430737E-3, 6.979888E-4, 5.096822E-3, 3.623581E-4, 2.119408E-4, 5.123872E-3, 3.685652E-4
0.301089, 5.670795E-1, 7.871319E-3, 3.627045E-4, 5.567690E-3, 6.667272E-4, 3.383699E-6, 4.815160E-3, 4.406722E-4
0.302089, 5.346586E-1, 5.550657E-3, 8.546281E-3, 4.381166E-3, 8.894423E-4, 1.792451E-4, 5.607511E-3, 4.882474E-4
0.303089, 5.069704E-1, 5.061608E-3, 5.885304E-3, 3.349177E-3, 1.040971E-3, 3.193466E-4, 4.243633E-3, 5.144675E-4
0.304089, 6.981197E-1, 3.856694E-3, 5.017211E-3, 2.459180E-3, 1.131105E-3, 4.272628E-4, 3.093078E-3, 5.223346E-4
0.305089, 4.293312E-1, 2.832658E-3, 4.043737E-3, 6.953189E-3, 9.824210E-3, 9.160821E-3, 2.133756E-3, 5.146687E-4
0.306089, 1.420637E-1, 6.679297E-3, 3.205090E-3, 3.897890E-3, 6.976965E-3, 2.280842E-3, 1.344974E-3, 4.941026E-4
0.307089, 1.208986E-1, 4.097172E-3, 6.168850E-3, 2.888325E-3, 4.085975E-3, 6.880508E-3, 7.073996E-4, 4.630778E-4
0.308089, 3.719705E-1, 5.613019E-3, 4.722018E-3, 2.023708E-3, 3.253728E-3, 4.175234E-3, 2.030305E-4, 4.238412E-4
0.309089, 5.069387E-1, 4.982766E-3, 3.736203E-3, 7.360826E-3, 6.117854E-3, 5.332393E-3, 1.848466E-4, 9.049519E-3
0.310089, 4.984681E-1, 3.759901E-3, 2.885380E-3, 3.520041E-3, 4.767307E-3, 5.414501E-3, 9.127461E-3, 6.153359E-3
0.311089, 4.283103E-1, 5.933727E-3, 2.157045E-3, 6.110611E-3, 4.880232E-3, 4.287652E-3, 2.169687E-3, 4.940032E-3
0.312089, 4.015056E-1, 4.677962E-3, 1.539443E-3, 4.549666E-3, 5.756972E-3, 3.298618E-3, 7.088063E-3, 4.088650E-3
0.313089, 2.927009E-1, 5.180477E-3, 1.021532E-3, 5.277542E-3, 4.543386E-3, 2.437679E-3, 3.916941E-3, 3.330742E-3
0.314089, 1.714567E-1, 5.283140E-3, 8.063925E-3, 3.443604E-3, 3.488075E-3, 6.959056E-3, 5.610286E-3, 6.010994E-3
0.315089, 1.840912E-1, 3.943650E-3, 3.085846E-3, 6.721276E-3, 2.578013E-3, 3.903299E-3, 5.147500E-3, 4.917078E-3
, , , , , , , , 
0.316089, 9.806700E-2, 2.799380E-3, 6.325049E-3, 5.106208E-3, 6.854509E-3, 2.895015E-3, 4.050590E-3, 3.926462E-3
0.317089, 3.029517E-1, 6.818387E-3, 4.529819E-3, 3.711414E-3, 3.985628E-3, 2.026263E-3, 3.106913E-3, 3.053563E-3
0.318089, 6.066541E-1, 3.866592E-3, 3.510104E-3, 2.519074E-3, 2.963194E-3, 1.286014E-3, 6.353835E-3, 2.290309E-3
0.319089, 6.194707E-1, 5.921032E-3, 2.628404E-3, 1.511978E-3, 2.087524E-3, 6.635403E-4, 4.463448E-3, 1.628812E-3
0.320089, 5.754807E-1, 4.610962E-3, 1.872933E-3, 6.735397E-4, 7.309421E-3, 1.484433E-4, 3.420163E-3, 1.061375E-3
0.321089, 6.630621E-1, 5.313655E-3, 1.232461E-3, 1.217972E-5, 3.567134E-3, 8.923719E-3, 2.525200E-3, 5.804991E-4
0.322089, 2.497771E-1, 5.096450E-3, 6.962992E-4, 9.212793E-3, 2.581612E-3, 2.241527E-3, 1.764850E-3, 1.788979E-4
0.323089, 5.526678E-2, 4.935843E-3, 2.542960E-4, 1.854446E-3, 1.743000E-3, 1.514185E-3, 7.529595E-3, 1.504942E-4
0.324089, 3.374223E-1, 3.271149E-3, 1.031742E-4, 7.589777E-3, 1.038171E-3, 9.043063E-4, 3.438413E-3, 4.145068E-4
0.325089, 4.735909E-1, 6.756634E-3, 9.042101E-3, 3.254797E-3, 8.200688E-3, 4.008906E-4, 2.531583E-3, 6.197198E-4
0.326089, 6.251020E-1, 3.615368E-3, 2.241388E-3, 2.260105E-3, 5.833804E-3, 6.609567E-6, 1.759984E-3, 7.724487E-4
0.327089, 7.351884E-1, 6.400693E-3, 7.047632E-3, 1.428022E-3, 3.844720E-3, 3.282696E-4, 7.544794E-3, 8.787306E-4
0.328089, 4.179099E-1, 4.675289E-3, 3.918124E-3, 7.425566E-4, 6.458974E-3, 5.736779E-4, 3.414018E-3, 9.443106E-4
0.329089, 3.156648E-1, 5.448681E-3, 2.999074E-3, 1.885066E-4, 4.960713E-3, 7.519201E-4, 2.499279E-3, 9.746293E-4
0.330089, 1.114321E-1, 3.851239E-3, 6.448391E-3, 2.485358E-4, 3.665865E-3, 8.715677E-4, 1.721155E-3, 9.748120E-4
0.331089, 1.085388E-2, 2.519844E-3, 4.377020E-3, 5.821720E-4, 6.097519E-3, 9.406666E-4, 7.588723E-3, 9.496590E-4
0.332089, 1.820331E-1, 7.224301E-3, 3.334668E-3, 8.251944E-4, 4.461499E-3, 9.667313E-4, 3.366412E-3, 9.036388E-4
0.333089, 7.425340E-2, 5.265303E-3, 2.436775E-3, 9.641919E-3, 5.451668E-3, 9.611130E-3, 2.449384E-3, 9.511957E-3
0.334089, 4.089311E-1, 5.057072E-3, 1.671111E-3, 1.753824E-3, 4.975314E-3, 1.923854E-3, 1.670289E-3, 2.081279E-3
0.335089, 6.280550E-1, 5.025164E-3, 1.025948E-3, 7.413751E-3, 3.601857E-3, 1.511611E-3, 1.016437E-3, 1.689990E-3
0.336089, 7.085410E-1, 3.379604E-3, 8.166820E-3, 3.659223E-3, 2.432060E-3, 1.165696E-3, 4.757415E-4, 1.353160E-3
0.337089, 6.480053E-1, 6.653582E-3, 2.894554E-3, 2.848348E-3, 1.448034E-3, 8.787055E-4, 3.672359E-5, 1.065449E-3
0.338089, 4.596769E-1, 3.694068E-3, 6.586979E-3, 2.159189E-3, 8.022645E-3, 6.437495E-4, 3.114936E-4, 8.218452E-4
0.339089, 8.145653E-2, 6.360354E-3, 4.443130E-3, 1.579444E-3, 2.810584E-3, 4.544420E-4, 9.234952E-3, 6.176602E-4
0.340089, 1.146158E-1, 4.683001E-3, 2.660001E-3, 1.097574E-3, 1.808124E-3, 3.048868E-4, 6.590350E-3, 4.485205E-4
0.341089, 4.131967E-1, 3.264087E-3, 7.456116E-3, 7.027786E-4, 9.751505E-4, 1.896641E-4, 4.296166E-3, 3.103599E-4
0.342089, 4.247311E-1, 6.572655E-3, 5.784449E-3, 3.849823E-4, 8.360308E-3, 8.550578E-3, 5.344626E-3, 1.994099E-4
0.343089, 4.698507E-1, 3.942014E-3, 4.324700E-3, 1.348170E-4, 2.592836E-3, 2.883800E-3, 5.306428E-3, 1.121909E-4
0.344089, 4.486691E-1, 2.677328E-3, 2.732964E-3, 5.639897E-5, 1.695574E-3, 2.367999E-3, 4.111109E-3, 4.550218E-5
0.345089, 3.873952E-1, 1.626499E-3, 7.225517E-3, 1.966789E-4, 9.537312E-4, 1.917262E-3, 3.078457E-3, 3.588288E-6
0.346089, 4.626471E-1, 7.672203E-4, 5.427118E-3, 2.933892E-4, 3.512912E-4, 7.128657E-3, 6.461068E-3, 3.775431E-5
0.347089, 2.498148E-1, 8.572554E-3, 3.876229E-3, 3.532710E-4, 1.269193E-4, 4.028913E-3, 4.367673E-3, 5.942223E-5
0.348089, 9.725900E-2, 6.270521E-3, 2.552911E-3, 9.034803E-3, 4.952229E-4, 3.264137E-3, 6.028974E-3, 7.078209E-5
, , , , , , , , 
0.349089, 1.460516E-2, 4.311432E-3, 7.219015E-3, 2.453790E-3, 7.670868E-4, 2.591146E-3, 4.611894E-3, 7.379876E-5
0.350089, 1.877511E-1, 2.664487E-3, 3.354291E-3, 1.994410E-3, 9.551200E-4, 2.002909E-3, 3.387966E-3, 7.022360E-5
0.351089, 5.873638E-1, 1.300211E-3, 6.531947E-3, 1.598668E-3, 9.726324E-3, 1.492701E-3, 6.314498E-3, 6.160589E-5
0.352089, 6.540830E-1, 8.460581E-3, 4.716961E-3, 1.260043E-3, 1.715413E-3, 1.054094E-3, 4.297929E-3, 4.930493E-5
0.353089, 6.659311E-1, 2.148399E-3, 5.462741E-3, 9.724983E-4, 7.419102E-3, 6.809477E-4, 3.084725E-3, 3.450160E-5
0.354089, 7.473593E-1, 7.657612E-3, 3.881364E-3, 7.304548E-4, 3.688042E-3, 3.673997E-4, 6.603113E-3, 1.821051E-5
0.355089, 3.611357E-1, 2.904756E-3, 2.541334E-3, 8.123574E-3, 5.753249E-3, 1.078624E-4, 4.628613E-3, 1.291788E-6
0.356089, 3.415032E-2, 1.702056E-3, 1.420966E-3, 3.203008E-3, 5.074007E-3, 1.029831E-4, 5.675797E-3, 1.553697E-5
0.357089, 8.923782E-2, 7.926166E-3, 4.994455E-4, 2.592759E-3, 4.033999E-3, 2.701877E-4, 4.190445E-3, 3.168912E-5
0.358089, 3.722785E-1, 5.862722E-3, 2.431481E-4, 2.057781E-3, 5.519555E-3, 3.985377E-4, 5.736168E-3, 4.669721E-5
0.359089, 5.315099E-1, 4.553745E-3, 8.258109E-4, 1.591885E-3, 3.447851E-3, 4.925544E-4, 4.686264E-3, 6.020181E-5
0.360089, 6.445140E-1, 3.207274E-3, 1.266593E-3, 1.189215E-3, 6.920000E-3, 9.210886E-3, 5.341576E-3, 7.194034E-5
0.361089, 5.867637E-1, 2.089116E-3, 1.582576E-3, 8.442266E-4, 5.468704E-3, 2.246630E-3, 3.662871E-3, 8.173642E-5
0.362089, 4.753050E-1, 1.175107E-3, 1.044674E-2, 5.516752E-4, 4.204990E-3, 6.898834E-3, 6.386492E-3, 8.948949E-5
0.363089, 4.404016E-1, 8.208548E-3, 9.382905E-4, 3.066037E-4, 3.113588E-3, 4.172337E-3, 3.972277E-3, 9.516496E-5
0.364089, 2.782080E-1, 2.709885E-3, 8.228421E-3, 1.043295E-4, 6.475359E-3, 3.333674E-3, 6.070595E-3, 9.878473E-5
0.365089, 2.117470E-1, 6.848897E-3, 2.874922E-3, 5.956169E-5, 4.231208E-3, 2.598600E-3, 4.367730E-3, 1.004183E-4
0.366089, 1.390930E-1, 4.747137E-3, 6.553132E-3, 8.841567E-3, 3.096083E-3, 1.959319E-3, 2.919245E-3, 1.001744E-4
0.367089, 3.674455E-1, 2.970892E-3, 4.348196E-3, 2.551740E-3, 2.126713E-3, 1.408295E-3, 1.702715E-3, 9.819322E-5
0.368089, 6.868115E-1, 1.490584E-3, 2.499792E-3, 2.003606E-3, 1.308502E-3, 9.382591E-4, 7.959170E-3, 9.463913E-5
0.369089, 7.000511E-1, 2.778733E-4, 9.740531E-4, 1.526692E-3, 6.274881E-4, 5.422101E-4, 2.721699E-3, 8.969410E-5
0.370089, 6.711649E-1, 6.943113E-4, 8.918204E-3, 7.537080E-3, 7.034642E-5, 2.134197E-4, 7.055971E-3, 8.355176E-5
0.371089, 7.400917E-1, 1.010281E-2, 1.604775E-3, 3.604120E-3, 3.756096E-4, 5.456267E-5, 3.518658E-3, 7.641191E-5
0.372089, 2.930014E-1, 8.209782E-4, 8.272969E-3, 5.820416E-3, 9.377673E-3, 2.679035E-4, 2.299439E-3, 8.602598E-3
0.373089, 2.910043E-2, 8.705464E-3, 6.400954E-3, 4.997682E-3, 6.795478E-3, 4.324790E-4, 1.287889E-3, 2.906404E-3
0.374089, 3.082882E-1, 2.103450E-3, 4.781989E-3, 3.937955E-3, 4.043351E-3, 5.538709E-4, 4.631446E-4, 2.420983E-3
0.375089, 3.885058E-1, 7.534609E-3, 5.262038E-3, 3.009351E-3, 5.630301E-3, 6.373580E-4, 1.946191E-4, 1.983421E-3
0.376089, 5.643388E-1, 3.166148E-3, 3.595868E-3, 2.202423E-3, 4.998706E-3, 6.879137E-4, 7.041757E-4, 1.591327E-3
0.377089, 5.306920E-1, 6.576383E-3, 6.443583E-3, 1.507969E-3, 4.862658E-3, 7.102001E-4, 1.083234E-3, 1.242303E-3
0.378089, 4.580131E-1, 4.023824E-3, 4.730231E-3, 9.170390E-4, 3.055737E-3, 9.362957E-3, 1.000420E-2, 9.339399E-4
0.379089, 4.103292E-1, 2.835958E-3, 3.266309E-3, 4.209520E-4, 1.567776E-3, 2.153938E-3, 7.329655E-3, 6.638210E-4
0.380089, 2.336502E-1, 1.853224E-3, 2.030004E-3, 8.641039E-3, 8.290017E-3, 6.938329E-3, 5.046924E-3, 4.295281E-4
0.381089, 9.181182E-2, 1.053358E-3, 1.000419E-3, 2.520285E-3, 2.257709E-3, 4.179919E-3, 5.534355E-3, 2.286459E-4
, , , , , , , , 
0.382089, 2.056931E-1, 8.235587E-3, 1.575778E-4, 1.784020E-3, 1.057279E-3, 3.382329E-3, 4.361457E-3, 5.876938E-5
0.383089, 1.171024E-1, 5.891147E-3, 5.175616E-4, 7.493580E-3, 8.554356E-3, 2.682488E-3, 6.078839E-3, 8.248802E-5
0.384089, 4.455963E-1, 3.897845E-3, 9.699985E-3, 3.475110E-3, 6.454051E-3, 2.072803E-3, 3.944244E-3, 1.974855E-4
0.385089, 6.322740E-1, 2.224593E-3, 7.251263E-3, 2.567644E-3, 4.640713E-3, 1.545988E-3, 2.273757E-3, 2.885450E-4
0.386089, 6.195085E-1, 8.415647E-4, 5.161969E-3, 1.791118E-3, 5.563938E-3, 1.095054E-3, 7.754817E-3, 3.579418E-4
0.387089, 5.822238E-1, 2.797763E-4, 5.257575E-3, 1.134378E-3, 4.624833E-3, 7.133137E-4, 2.636675E-3, 4.078938E-4
0.388089, 4.483522E-1, 9.817708E-3, 4.773878E-3, 5.866729E-4, 5.593607E-3, 3.943770E-4, 1.293394E-3, 4.405520E-4
0.389089, 1.014528E-1, 7.656112E-3, 5.560165E-3, 1.376673E-4, 4.587190E-3, 1.321530E-4, 2.087493E-4, 4.579908E-4
0.390089, 3.811217E-2, 2.865223E-3, 4.109811E-3, 2.225388E-4, 5.634316E-3, 7.915200E-5, 6.456538E-4, 4.621987E-4
0.391089, 3.860442E-1, 7.021917E-3, 2.878522E-3, 5.033977E-4, 4.547477E-3, 2.450309E-4, 1.296602E-3, 4.550706E-4
0.392089, 4.345348E-1, 5.185516E-3, 1.845802E-3, 7.138983E-4, 2.985494E-3, 3.706773E-4, 1.769271E-3, 4.383996E-4
0.393089, 5.233484E-1, 5.033743E-3, 9.921582E-4, 8.625545E-4, 1.677606E-3, 4.609832E-4, 1.074299E-2, 4.138713E-4
0.394089, 4.793159E-1, 3.517854E-3, 2.990967E-4, 9.609734E-3, 5.999786E-4, 5.205402E-4, 8.086747E-3, 3.830581E-4
0.395089, 4.000847E-1, 2.256024E-3, 2.508732E-4, 1.834364E-3, 8.925471E-3, 5.536375E-4, 2.862039E-3, 3.474150E-4
0.396089, 3.923670E-1, 1.222058E-3, 6.742397E-4, 7.302726E-3, 1.886471E-3, 5.642644E-4, 1.979616E-3, 3.082769E-4
0.397089, 2.008526E-1, 3.912142E-4, 9.643376E-3, 3.785885E-3, 8.911783E-4, 5.561114E-4, 1.267071E-3, 2.668568E-4
0.398089, 8.337989E-2, 8.910854E-3, 1.639689E-3, 2.978529E-3, 8.912383E-5, 5.325732E-4, 7.952137E-3, 2.242451E-4
0.399089, 3.235889E-2, 2.087061E-3, 7.625394E-3, 2.283227E-3, 9.196028E-3, 4.967530E-4, 5.544295E-3, 1.814105E-4
0.400089, 1.594782E-1, 7.394828E-3, 3.383714E-3, 1.689866E-3, 1.822783E-3, 4.514671E-4, 5.155738E-3, 1.392015E-4
0.401089, 5.824026E-1, 3.431847E-3, 2.522949E-3, 1.188843E-3, 7.652381E-3, 9.053642E-3, 4.629130E-3, 9.834966E-5
0.402089, 6.141667E-1, 6.212423E-3, 1.801566E-3, 7.710559E-4, 3.187978E-3, 2.498615E-3, 2.742583E-3, 5.947286E-5
0.403089, 6.027620E-1, 4.190081E-3, 7.452070E-3, 4.279022E-4, 2.200952E-3, 2.082598E-3, 1.176171E-3, 8.694155E-3
0.404089, 7.399232E-1, 6.163679E-3, 3.560684E-3, 1.512739E-4, 1.388821E-3, 1.715488E-3, 8.756479E-3, 5.814191E-3
0.405089, 3.773474E-1, 4.736246E-3, 2.696952E-3, 8.718785E-3, 7.323648E-4, 1.393226E-3, 6.931704E-3, 5.257166E-3
0.406089, 4.117466E-2, 3.522094E-3, 1.967110E-3, 6.044417E-3, 2.135404E-4, 1.111984E-3, 5.350330E-3, 4.379169E-3
0.407089, 2.098684E-1, 2.500137E-3, 1.357458E-3, 3.800378E-3, 8.839779E-3, 8.681591E-4, 3.990964E-3, 3.591221E-3
0.408089, 4.659792E-1, 1.650549E-3, 7.801739E-3, 6.707467E-3, 2.363697E-3, 6.583590E-4, 5.822413E-3, 2.888145E-3
0.409089, 5.309943E-1, 9.547336E-4, 3.289963E-3, 5.373832E-3, 1.685497E-3, 4.793956E-4, 3.955969E-3, 2.264844E-3
0.410089, 5.400271E-1, 8.255759E-3, 6.165497E-3, 4.204428E-3, 7.522969E-3, 3.282736E-4, 2.400621E-3, 1.716293E-3
0.411089, 4.195107E-1, 2.795903E-3, 4.656317E-3, 3.186785E-3, 3.530398E-3, 2.021848E-4, 7.530371E-3, 1.237548E-3
0.412089, 3.649575E-1, 1.986312E-3, 5.043654E-3, 2.308888E-3, 5.947379E-3, 9.849819E-5, 2.942303E-3, 8.237418E-4
0.413089, 2.806536E-1, 7.335260E-3, 5.557982E-3, 1.559169E-3, 4.858044E-3, 1.475535E-5, 1.664948E-3, 4.700938E-4
0.414089, 1.512307E-1, 3.608796E-3, 4.317973E-3, 7.725830E-3, 3.808455E-3, 5.133866E-5, 6.321069E-4, 1.719168E-4
, , , , , , , , 
0.415089, 2.191543E-1, 2.695764E-3, 3.246134E-3, 3.240561E-3, 2.910644E-3, 1.019184E-4, 1.834862E-4, 7.537404E-5
0.416089, 9.446320E-2, 1.926564E-3, 2.328026E-3, 6.317298E-3, 2.149688E-3, 1.389660E-4, 8.074998E-4, 2.762510E-4
0.417089, 3.140105E-1, 7.364793E-3, 1.549890E-3, 4.404262E-3, 7.143653E-3, 1.643148E-4, 9.919771E-3, 4.350613E-4
0.418089, 6.455863E-1, 3.600769E-3, 8.986404E-4, 5.372022E-3, 3.824548E-3, 1.796559E-4, 1.265975E-3, 5.560155E-4
0.419089, 6.251630E-1, 2.701883E-3, 3.618471E-4, 3.496424E-3, 2.918183E-3, 1.865407E-4, 6.030372E-4, 6.431746E-4
0.420089, 5.919462E-1, 6.710352E-3, 7.226571E-5, 6.701876E-3, 6.509243E-3, 1.863888E-4, 8.562813E-3, 7.004380E-4
0.421089, 6.348871E-1, 4.143301E-3, 9.071715E-3, 5.112950E-3, 4.336173E-3, 1.804905E-4, 6.098903E-3, 7.315316E-4
0.422089, 2.343782E-1, 3.141549E-3, 6.491416E-3, 3.737922E-3, 5.337023E-3, 1.700126E-4, 3.996847E-3, 7.399966E-4
0.423089, 1.559215E-2, 6.364509E-3, 4.341268E-3, 2.559812E-3, 3.368498E-3, 8.810394E-3, 2.225915E-3, 7.291795E-4
0.424089, 3.142551E-1, 4.246769E-3, 3.309535E-3, 1.562185E-3, 6.911513E-3, 2.701586E-3, 7.564660E-4, 7.022241E-4
0.425089, 3.882882E-1, 6.166385E-3, 2.424621E-3, 7.923166E-3, 5.386601E-3, 2.244397E-3, 9.095785E-3, 6.620636E-4
0.426089, 5.418442E-1, 3.882484E-3, 1.673428E-3, 2.885810E-3, 4.062401E-3, 1.836239E-3, 7.205215E-3, 6.114156E-4
0.427089, 5.100083E-1, 6.399808E-3, 1.043480E-3, 1.861346E-3, 2.922564E-3, 1.473933E-3, 5.570815E-3, 5.527787E-4
0.428089, 4.391575E-1, 3.762109E-3, 8.133970E-3, 1.005484E-3, 1.951423E-3, 1.154391E-3, 4.169491E-3, 4.884299E-4
0.429089, 3.500156E-1, 2.227213E-3, 2.942288E-3, 8.350058E-3, 1.133983E-3, 8.746151E-4, 5.676348E-3, 4.204252E-4
0.430089, 6.815613E-2, 7.672102E-3, 2.131651E-3, 2.576786E-3, 4.559190E-4, 6.316994E-4, 3.834313E-3, 3.506014E-4
0.431089, 5.492816E-2, 2.825664E-3, 1.446481E-3, 1.658354E-3, 9.642717E-5, 4.228246E-4, 6.359138E-3, 2.805792E-4
0.432089, 1.408200E-1, 7.068569E-3, 7.782086E-3, 8.968757E-4, 5.360476E-4, 2.452594E-4, 4.780810E-3, 2.117688E-4
0.433089, 2.327804E-2, 5.226355E-3, 3.247038E-3, 2.766832E-4, 8.752665E-4, 9.636235E-5, 3.431917E-3, 1.453769E-4
0.434089, 2.835509E-1, 3.642583E-3, 6.263769E-3, 2.171388E-4, 1.125737E-3, 2.641787E-5, 6.364383E-3, 8.241423E-5
0.435089, 5.313818E-1, 6.355038E-3, 4.510183E-3, 5.987350E-4, 1.298442E-3, 1.255386E-4, 4.180675E-3, 2.370582E-5
0.436089, 4.542363E-1, 4.645006E-3, 5.230080E-3, 8.814686E-4, 1.005893E-2, 2.033616E-4, 2.922358E-3, 3.009885E-5
0.437089, 4.129068E-1, 3.213383E-3, 3.318108E-3, 1.077910E-3, 1.390166E-3, 2.621478E-4, 1.863651E-3, 7.851426E-5
0.438089, 3.280405E-1, 6.619898E-3, 6.915118E-3, 1.199830E-3, 7.739236E-3, 3.040559E-4, 9.851759E-4, 1.212064E-4
0.439089, 2.843026E-2, 3.910955E-3, 5.349151E-3, 1.258196E-3, 3.371707E-3, 3.311372E-4, 2.685791E-4, 1.579800E-4
0.440089, 7.148675E-2, 5.978979E-3, 3.991557E-3, 9.915512E-3, 2.588931E-3, 8.999724E-3, 3.034813E-4, 1.887653E-4
0.441089, 3.024368E-1, 4.157248E-3, 2.825562E-3, 1.616189E-3, 1.923046E-3, 2.492512E-3, 9.403114E-3, 2.136047E-4
0.442089, 3.111329E-1, 2.614917E-3, 1.835007E-3, 7.437100E-3, 1.362638E-3, 2.023151E-3, 6.892693E-3, 2.326388E-4
0.443089, 4.005825E-1, 1.327119E-3, 7.652534E-3, 3.730242E-3, 7.758307E-3, 1.609528E-3, 3.896336E-3, 2.460936E-4
0.444089, 3.694086E-1, 2.699482E-4, 3.160498E-3, 2.995538E-3, 3.357097E-3, 1.247609E-3, 2.845598E-3, 2.542670E-4
0.445089, 2.684160E-1, 5.795129E-4, 6.527011E-3, 2.366038E-3, 6.079792E-3, 9.334866E-4, 1.960943E-3, 2.575161E-4
0.446089, 2.674523E-1, 9.894212E-3, 4.106188E-3, 1.831081E-3, 3.905973E-3, 7.991013E-3, 7.429999E-3, 2.562451E-4
0.447089, 1.207827E-1, 1.098065E-3, 5.742247E-3, 1.380717E-3, 2.104406E-3, 5.379780E-3, 5.189916E-3, 2.508936E-4
, , , , , , , , 
0.448089, 1.257947E-2, 8.381816E-3, 4.747729E-3, 1.005677E-3, 8.017915E-3, 5.447112E-3, 3.306390E-3, 2.419259E-4
0.449089, 6.146099E-2, 2.454849E-3, 3.429481E-3, 6.973603E-4, 6.345013E-3, 4.269894E-3, 6.910520E-3, 2.298206E-4
0.450089, 1.858619E-1, 7.171388E-3, 2.309448E-3, 4.477978E-4, 4.882827E-3, 6.286481E-3, 3.315411E-3, 2.150616E-4
0.451089, 5.836669E-1, 3.527902E-3, 7.287040E-3, 8.402702E-3, 5.040055E-3, 4.987318E-3, 1.827512E-3, 1.981299E-4
0.452089, 6.304441E-1, 2.424085E-3, 3.435438E-3, 2.936429E-3, 5.367789E-3, 4.810905E-3, 6.174488E-4, 1.794957E-4
0.453089, 5.842228E-1, 7.138732E-3, 2.330635E-3, 6.306441E-3, 3.967455E-3, 2.968871E-3, 9.000594E-3, 8.511462E-3
0.454089, 6.781840E-1, 3.611997E-3, 1.405440E-3, 4.676444E-3, 2.764625E-3, 7.186604E-3, 1.753771E-3, 2.985372E-3
0.455089, 3.030808E-1, 2.548624E-3, 6.425765E-4, 4.888044E-3, 1.742890E-3, 5.543673E-3, 7.280599E-4, 2.487773E-3
0.456089, 4.004386E-2, 1.667303E-3, 8.631308E-3, 5.806308E-3, 8.864381E-4, 4.545536E-3, 8.737624E-3, 2.038212E-3
0.457089, 2.155052E-1, 7.702535E-3, 2.380597E-3, 4.637127E-3, 1.800633E-4, 5.708411E-3, 2.139625E-3, 1.634467E-3
0.458089, 3.918761E-1, 3.213822E-3, 7.123383E-3, 3.611670E-3, 9.046065E-3, 4.170356E-3, 1.209827E-3, 1.274283E-3
0.459089, 5.078596E-1, 2.290869E-3, 3.677625E-3, 2.718998E-3, 2.001121E-3, 2.845074E-3, 8.184437E-3, 9.553748E-4
0.460089, 5.386877E-1, 7.124181E-3, 2.637966E-3, 1.948602E-3, 1.184440E-3, 1.716193E-3, 2.742175E-3, 6.754273E-4
0.461089, 5.046388E-1, 4.906777E-3, 1.765199E-3, 1.290388E-3, 5.113921E-4, 7.886680E-3, 6.813701E-3, 4.321028E-4
0.462089, 4.405000E-1, 3.039575E-3, 1.042793E-3, 7.917668E-3, 3.251505E-5, 2.825020E-3, 3.957345E-3, 2.230464E-4
0.463089, 3.208678E-1, 7.161222E-3, 8.201802E-3, 3.112490E-3, 4.610712E-4, 1.715452E-3, 5.747436E-3, 4.589467E-5
0.464089, 2.082272E-1, 5.584877E-3, 2.829078E-3, 2.258896E-3, 9.442601E-3, 7.888987E-4, 3.773854E-3, 1.017149E-4
0.465089, 2.515649E-1, 4.227485E-3, 1.991534E-3, 1.529164E-3, 1.817557E-3, 8.625695E-3, 2.115439E-3, 2.221340E-4
0.466089, 6.354629E-2, 3.069328E-3, 1.294896E-3, 7.739658E-3, 1.183899E-3, 2.259741E-3, 7.434154E-4, 3.176917E-4
0.467089, 2.593836E-1, 2.091709E-3, 7.932484E-3, 3.239564E-3, 6.656699E-4, 1.309031E-3, 9.025622E-3, 9.061758E-3
0.468089, 5.936799E-1, 1.276932E-3, 3.107954E-3, 2.343955E-3, 2.501877E-4, 5.262912E-4, 1.590608E-3, 2.403101E-3
0.469089, 6.124525E-1, 6.082853E-4, 6.383691E-3, 1.580247E-3, 7.448066E-5, 1.051560E-4, 4.410392E-4, 1.892065E-3
0.470089, 5.738134E-1, 8.581031E-3, 4.241659E-3, 7.715370E-3, 3.195196E-4, 6.012596E-4, 4.774798E-4, 1.445107E-3
0.471089, 6.488197E-1, 2.487245E-3, 6.202616E-3, 3.243414E-3, 9.150616E-3, 9.772109E-4, 9.845979E-3, 1.057621E-3
0.472089, 2.020611E-1, 6.960123E-3, 3.828428E-3, 2.332940E-3, 2.229544E-3, 1.247417E-3, 7.535427E-3, 7.250916E-4
0.473089, 3.923903E-2, 3.871279E-3, 6.485216E-3, 7.093147E-3, 6.967144E-3, 1.425474E-3, 3.114503E-3, 4.431079E-4
0.474089, 3.126428E-1, 2.858544E-3, 4.996986E-3, 3.750314E-3, 4.078206E-3, 1.017854E-2, 6.678166E-3, 2.073734E-4
0.475089, 3.710332E-1, 2.002274E-3, 3.713473E-3, 5.913786E-3, 5.423638E-3, 1.285600E-3, 3.893750E-3, 1.371805E-5
0.476089, 4.870830E-1, 1.287099E-3, 6.039778E-3, 4.716792E-3, 5.345056E-3, 8.351777E-4, 5.974903E-3, 1.418906E-4
0.477089, 4.644278E-1, 6.985127E-4, 4.532908E-3, 5.136593E-3, 4.249119E-3, 4.788947E-4, 4.132465E-3, 2.633360E-4
0.478089, 4.188125E-1, 2.228577E-4, 5.371325E-3, 5.326795E-3, 3.298057E-3, 2.048280E-4, 6.080672E-3, 3.543426E-4
0.479089, 4.433274E-1, 1.526881E-4, 5.067147E-3, 3.979177E-3, 2.479341E-3, 1.904817E-6, 4.537623E-3, 4.184656E-4
0.480089, 2.467994E-1, 4.401250E-4, 4.955539E-3, 2.822512E-3, 1.781079E-3, 1.401070E-4, 3.236158E-3, 4.590825E-4
, , , , , , , , 
0.481089, 3.692075E-2, 6.506462E-4, 5.379239E-3, 1.840697E-3, 1.191990E-3, 8.885003E-3, 2.152042E-3, 9.150459E-3
0.482089, 1.464596E-1, 9.445707E-3, 3.923507E-3, 1.018227E-3, 7.953845E-3, 2.562778E-3, 7.393356E-3, 2.364089E-3
0.483089, 1.603803E-1, 6.692932E-3, 2.682436E-3, 3.402045E-4, 3.140503E-3, 2.074723E-3, 5.268557E-3, 1.899133E-3
0.484089, 4.848106E-1, 4.283543E-3, 1.637038E-3, 2.076358E-4, 2.341644E-3, 1.662720E-3, 5.189210E-3, 1.494170E-3
0.485089, 6.586958E-1, 5.269490E-3, 7.691305E-4, 6.389152E-4, 1.660769E-3, 1.317907E-3, 3.856148E-3, 1.144243E-3
0.486089, 6.446205E-1, 3.205691E-3, 6.133839E-5, 9.665912E-4, 1.086956E-3, 1.032136E-3, 2.733030E-3, 8.446029E-4
0.487089, 6.055868E-1, 7.147860E-3, 9.159775E-3, 1.202943E-3, 6.098363E-4, 7.979376E-4, 6.857248E-3, 5.907104E-4
0.488089, 4.349961E-1, 5.686012E-3, 1.902530E-3, 1.359557E-3, 8.435656E-3, 6.084936E-4, 4.781777E-3, 3.782370E-4
0.489089, 1.144289E-1, 4.241007E-3, 1.103412E-3, 1.447317E-3, 2.748214E-3, 4.576037E-4, 5.623544E-3, 2.030670E-4
0.490089, 2.387817E-2, 6.144943E-3, 4.512379E-4, 1.012873E-2, 6.626433E-3, 3.396537E-4, 4.236136E-3, 8.609776E-3
0.491089, 3.541006E-1, 4.721261E-3, 6.971625E-5, 1.384067E-3, 4.259326E-3, 8.404806E-3, 5.597886E-3, 2.795704E-3
0.492089, 4.085893E-1, 5.162463E-3, 4.743061E-4, 9.692563E-4, 3.271362E-3, 5.630548E-3, 3.745885E-3, 2.233407E-3
0.493089, 5.030226E-1, 5.271241E-3, 9.433404E-3, 6.348954E-4, 6.235170E-3, 3.312557E-3, 6.455876E-3, 1.742171E-3
0.494089, 4.642022E-1, 3.899078E-3, 1.852338E-3, 3.711206E-4, 4.534991E-3, 7.247958E-3, 4.884364E-3, 7.354684E-3
0.495089, 3.984101E-1, 5.930066E-3, 1.240713E-3, 1.687725E-4, 3.446719E-3, 5.943508E-3, 3.540920E-3, 3.797138E-3
0.496089, 3.748756E-1, 4.090484E-3, 7.427398E-4, 1.938391E-5, 2.509417E-3, 4.785151E-3, 6.251188E-3, 3.009836E-3
0.497089, 1.905642E-1, 6.086883E-3, 3.453533E-4, 8.483528E-5, 1.710329E-3, 3.762843E-3, 4.296891E-3, 6.350523E-3
0.498089, 8.797288E-2, 4.158089E-3, 8.620543E-3, 1.510128E-4, 1.037218E-3, 2.866897E-3, 3.040507E-3, 4.568449E-3
0.499089, 3.075423E-2, 5.964998E-3, 2.646143E-3, 8.837975E-3, 8.176877E-3, 2.087965E-3, 1.982714E-3, 3.577051E-3
0.500089, 1.561735E-1, 4.328968E-3, 6.651976E-3, 2.645744E-3, 5.791376E-3, 1.417027E-3, 1.104200E-3, 2.710537E-3
0.501089, 5.750443E-1, 2.929940E-3, 4.310232E-3, 6.470559E-3, 4.866190E-3, 8.453849E-4, 3.866777E-4, 1.959737E-3
0.502089, 6.035476E-1, 1.747875E-3, 3.391320E-3, 4.621833E-3, 3.681937E-3, 3.646523E-4, 1.871322E-4, 1.315724E-3
0.503089, 6.328936E-1, 7.887605E-3, 2.602981E-3, 3.803120E-3, 2.663860E-3, 3.324138E-5, 6.335045E-4, 7.698291E-4
0.504089, 7.020375E-1, 2.797972E-3, 6.724172E-3, 3.083199E-3, 6.857417E-3, 3.560526E-4, 9.677221E-4, 8.357429E-3
0.505089, 3.087856E-1, 6.972595E-3, 4.210566E-3, 2.453825E-3, 3.911552E-3, 6.112175E-4, 9.859853E-3, 2.785509E-3
0.506089, 2.237643E-2, 5.060042E-3, 3.266191E-3, 1.907226E-3, 5.821367E-3, 8.058477E-4, 1.485520E-3, 2.008183E-3
0.507089, 2.096684E-1, 3.449466E-3, 2.454759E-3, 1.436076E-3, 4.758541E-3, 9.467221E-4, 9.302077E-4, 1.345166E-3
0.508089, 4.178310E-1, 6.540225E-3, 1.764059E-3, 1.033473E-3, 3.513005E-3, 1.040280E-3, 8.172136E-3, 7.866974E-4
0.509089, 5.462270E-1, 4.795378E-3, 1.182545E-3, 6.929229E-4, 2.448364E-3, 1.092613E-3, 2.974185E-3, 3.233536E-4
0.510089, 5.661161E-1, 3.308998E-3, 6.993202E-4, 4.083186E-4, 1.548897E-3, 9.763848E-3, 6.424552E-3, 5.393216E-5
0.511089, 4.786660E-1, 2.058152E-3, 3.041216E-4, 1.739252E-4, 7.995087E-4, 1.744792E-3, 4.450000E-3, 3.538557E-4
0.512089, 3.849039E-1, 1.020845E-3, 1.269468E-5, 8.667975E-3, 1.857455E-4, 1.307593E-3, 3.459098E-3, 5.847267E-4
0.513089, 2.369558E-1, 1.760396E-4, 8.917053E-3, 2.674917E-3, 3.061929E-4, 7.715550E-3, 2.611517E-3, 7.544544E-4
, , , , , , , , 
0.514089, 1.418061E-1, 4.963175E-4, 6.261825E-3, 6.567536E-3, 9.344688E-3, 3.472690E-3, 6.762305E-3, 8.705345E-4
0.515089, 2.264733E-1, 1.015279E-3, 4.627620E-3, 4.238639E-3, 1.864819E-3, 2.745155E-3, 4.133393E-3, 9.400377E-4
0.516089, 3.184023E-2, 1.004993E-2, 5.020478E-3, 6.339224E-3, 1.186675E-3, 2.114689E-3, 3.160598E-3, 9.696008E-4
0.517089, 2.143000E-1, 1.175789E-3, 3.037449E-3, 5.062723E-3, 8.025312E-3, 7.081363E-3, 2.328729E-3, 9.654188E-4
0.518089, 6.191986E-1, 8.113447E-3, 7.247888E-3, 3.939368E-3, 5.632288E-3, 3.953259E-3, 1.624558E-3, 9.332408E-4
0.519089, 6.792691E-1, 2.874821E-3, 5.717183E-3, 2.958335E-3, 5.036670E-3, 5.564063E-3, 1.035586E-3, 8.783675E-4
0.520089, 6.500731E-1, 6.635169E-3, 4.380023E-3, 2.109095E-3, 3.866312E-3, 5.182600E-3, 5.500320E-4, 8.056523E-4
0.521089, 7.108264E-1, 4.502442E-3, 3.221567E-3, 1.381425E-3, 5.791804E-3, 4.063205E-3, 8.498958E-3, 7.195041E-4
0.522089, 2.417332E-1, 2.710141E-3, 2.227496E-3, 7.654091E-4, 4.854183E-3, 3.087712E-3, 5.968809E-3, 6.238942E-4
0.523089, 1.830342E-2, 7.424996E-3, 7.272871E-3, 8.400889E-3, 4.989289E-3, 2.244971E-3, 4.813671E-3, 5.223648E-4
0.524089, 4.370267E-1, 5.791665E-3, 5.137231E-3, 2.670593E-3, 5.491211E-3, 1.524213E-3, 3.734425E-3, 4.180410E-4
0.525089, 4.739682E-1, 4.265688E-3, 5.304172E-3, 6.794505E-3, 4.156260E-3, 9.150503E-4, 2.803305E-3, 3.136443E-4
0.526089, 5.355906E-1, 2.625391E-3, 4.725318E-3, 4.008657E-3, 3.011171E-3, 4.074906E-4, 2.007392E-3, 2.115096E-4
0.527089, 4.975376E-1, 1.273081E-3, 5.594949E-3, 2.956231E-3, 6.615939E-3, 8.061412E-6, 1.334391E-3, 1.136031E-4
0.528089, 4.738036E-1, 8.471954E-3, 4.538074E-3, 2.053931E-3, 4.589211E-3, 3.407899E-4, 7.726141E-4, 2.154296E-5
0.529089, 3.986632E-1, 2.155245E-3, 5.694853E-3, 1.289242E-3, 5.759307E-3, 5.994605E-4, 3.109792E-4, 8.607695E-3
0.530089, 1.580280E-1, 1.019828E-3, 4.146188E-3, 6.500705E-4, 4.343838E-3, 7.924094E-4, 8.716769E-3, 2.986638E-3
0.531089, 2.425140E-2, 1.111402E-4, 5.835516E-3, 1.247693E-4, 5.912239E-3, 9.275342E-4, 2.488216E-3, 2.578120E-3
0.532089, 1.373443E-1, 9.247799E-3, 4.543325E-3, 2.978501E-4, 4.385594E-3, 9.666677E-3, 1.790804E-3, 2.208395E-3
0.533089, 1.403656E-1, 1.711714E-3, 3.134534E-3, 6.284945E-4, 3.079049E-3, 1.787322E-3, 7.452665E-3, 1.874680E-3
0.534089, 5.224859E-1, 7.792478E-3, 1.942980E-3, 9.529714E-3, 1.973519E-3, 7.347170E-3, 5.099929E-3, 1.574401E-3
0.535089, 6.580458E-1, 3.025760E-3, 9.492940E-4, 1.786127E-3, 1.050693E-3, 4.907535E-3, 3.133976E-3, 1.305167E-3
0.536089, 6.507245E-1, 6.615171E-3, 1.348512E-4, 7.455573E-3, 2.930511E-4, 5.781514E-3, 7.139382E-3, 1.064753E-3
0.537089, 6.678741E-1, 4.579664E-3, 5.182071E-4, 3.549974E-3, 8.971375E-3, 4.610499E-3, 5.603597E-3, 8.510827E-4
0.538089, 4.910780E-1, 5.795278E-3, 1.026944E-3, 2.679047E-3, 6.606726E-3, 3.588560E-3, 4.265945E-3, 6.622050E-4
0.539089, 2.232659E-1, 4.255670E-3, 1.006449E-2, 1.937660E-3, 4.055040E-3, 2.703819E-3, 3.110866E-3, 4.962854E-4
0.540089, 4.196141E-3, 6.053502E-3, 1.166225E-3, 1.313764E-3, 2.895911E-3, 1.944864E-3, 2.123361E-3, 3.515900E-4
0.541089, 3.177738E-1, 4.059046E-3, 8.136194E-3, 7.958873E-4, 6.735194E-3, 1.300755E-3, 7.366768E-3, 2.264754E-4
0.542089, 4.736521E-1, 6.192972E-3, 2.849460E-3, 3.731379E-4, 3.951088E-3, 7.610179E-4, 3.435365E-3, 1.193794E-4
0.543089, 5.706276E-1, 3.972069E-3, 1.977907E-3, 3.521034E-5, 5.841167E-3, 3.156546E-4, 6.265105E-3, 2.881367E-5
0.544089, 5.407526E-1, 6.232274E-3, 1.257135E-3, 2.276136E-4, 4.699263E-3, 4.485878E-5, 4.348722E-3, 4.664201E-5
0.545089, 5.484323E-1, 3.975535E-3, 6.710984E-4, 4.244626E-4, 3.430897E-3, 8.983956E-3, 5.519381E-3, 1.083442E-4
0.546089, 6.669481E-1, 2.460077E-3, 8.452217E-3, 5.638797E-4, 2.357153E-3, 2.293956E-3, 3.709623E-3, 1.575889E-4
, , , , , , , , 
0.547089, 3.635693E-1, 7.441198E-3, 2.685443E-3, 9.306160E-3, 1.459660E-3, 1.660098E-3, 2.210804E-3, 1.956138E-4
0.548089, 1.747319E-1, 3.037751E-3, 6.716063E-3, 2.138650E-3, 7.209432E-4, 1.125809E-3, 7.665529E-3, 2.235994E-4
0.549089, 7.550263E-2, 1.762937E-3, 4.491146E-3, 7.001685E-3, 1.244259E-4, 6.814370E-4, 5.797190E-3, 2.426697E-4
0.550089, 8.543828E-2, 7.243682E-4, 2.628225E-3, 4.080008E-3, 3.455671E-4, 3.178193E-4, 4.185928E-3, 2.538924E-4
0.551089, 6.213917E-1, 8.754460E-3, 1.092433E-3, 3.262398E-3, 7.038084E-4, 2.628862E-5, 2.810795E-3, 2.582781E-4
0.552089, 7.609065E-1, 2.095462E-3, 1.494216E-4, 2.553871E-3, 9.619416E-3, 2.013304E-4, 1.651558E-3, 2.567805E-4
0.553089, 7.616207E-1, 7.507877E-3, 9.785731E-3, 1.944710E-3, 1.701653E-3, 3.727199E-4, 6.887258E-4, 2.502951E-4
0.554089, 8.149198E-1, 3.221665E-3, 9.661559E-4, 1.425720E-3, 1.123437E-3, 4.950720E-4, 8.752196E-3, 2.396591E-4
0.555089, 4.239499E-1, 6.497635E-3, 5.182711E-5, 9.882124E-4, 6.548702E-4, 5.750899E-4, 2.119600E-3, 2.256504E-4
0.556089, 1.263396E-1, 4.120651E-3, 9.500560E-3, 8.028344E-3, 2.830946E-4, 6.189939E-4, 1.161175E-3, 8.880062E-3
0.557089, 1.611878E-1, 2.946133E-3, 7.251693E-3, 3.165677E-3, 3.880763E-6, 6.325258E-4, 8.278679E-3, 2.656132E-3
0.558089, 3.419620E-1, 6.678612E-3, 5.305122E-3, 2.449949E-3, 2.171921E-4, 6.209574E-4, 2.590806E-3, 2.199703E-3
0.559089, 4.627649E-1, 4.633415E-3, 5.020247E-3, 1.833784E-3, 3.671369E-4, 5.890989E-4, 7.029049E-3, 1.792210E-3
0.560089, 5.073535E-1, 5.745996E-3, 5.064688E-3, 7.344026E-3, 4.631932E-4, 5.413096E-4, 3.675154E-3, 1.430608E-3
0.561089, 4.064778E-1, 4.346484E-3, 5.249415E-3, 3.705427E-3, 5.140407E-4, 4.815107E-4, 2.559768E-3, 1.111916E-3
0.562089, 4.026575E-1, 5.489045E-3, 4.850686E-3, 2.861064E-3, 5.275828E-4, 9.067591E-3, 1.628744E-3, 8.332109E-4
0.563089, 2.939317E-1, 5.010885E-3, 5.445123E-3, 2.131411E-3, 9.166222E-3, 2.501517E-3, 8.635806E-4, 5.916344E-4
0.564089, 1.909352E-1, 4.933405E-3, 4.675674E-3, 1.506784E-3, 2.370624E-3, 2.102407E-3, 8.409034E-3, 8.286681E-3
0.565089, 3.985301E-1, 5.466395E-3, 5.597718E-3, 9.779212E-4, 6.701921E-3, 1.751680E-3, 6.052707E-3, 3.055225E-3
0.566089, 1.238258E-2, 4.569456E-3, 4.546594E-3, 5.359795E-4, 4.438200E-3, 7.209587E-3, 4.055894E-3, 2.432075E-3
0.567089, 2.535238E-1, 5.747236E-3, 2.954129E-3, 8.479807E-3, 3.660096E-3, 4.018563E-3, 6.270528E-3, 1.883394E-3
0.568089, 6.034611E-1, 4.363432E-3, 7.033079E-3, 2.719881E-3, 2.977484E-3, 3.311542E-3, 3.850415E-3, 1.404134E-3
0.569089, 6.677244E-1, 5.886527E-3, 3.372464E-3, 6.637982E-3, 2.381974E-3, 2.684686E-3, 6.393051E-3, 9.893401E-4
0.570089, 6.505370E-1, 4.283043E-3, 2.016923E-3, 4.252837E-3, 1.865708E-3, 6.522264E-3, 4.855704E-3, 6.341555E-4
0.571089, 7.283895E-1, 5.915549E-3, 8.999464E-4, 5.382412E-3, 1.421336E-3, 4.489241E-3, 5.115820E-3, 3.338345E-4
0.572089, 2.705689E-1, 4.298184E-3, 8.659504E-3, 5.260787E-3, 1.041988E-3, 3.593138E-3, 5.267190E-3, 8.375132E-5
0.573089, 8.690245E-2, 2.787971E-3, 2.128059E-3, 4.594028E-3, 7.212434E-4, 2.803232E-3, 3.859840E-3, 1.205894E-4
0.574089, 3.131919E-1, 1.541640E-3, 7.545994E-3, 5.855955E-3, 4.531118E-4, 2.112072E-3, 5.990915E-3, 2.835409E-4
0.575089, 3.908256E-1, 5.316628E-4, 5.524252E-3, 4.484918E-3, 2.320085E-4, 1.512430E-3, 4.503947E-3, 4.093030E-4
0.576089, 5.470500E-1, 2.679907E-4, 3.802989E-3, 5.355680E-3, 8.602514E-3, 7.657094E-3, 3.199839E-3, 5.019110E-4
0.577089, 4.824467E-1, 8.818443E-4, 6.302050E-3, 5.117108E-3, 2.751728E-3, 5.253526E-3, 6.555980E-3, 5.652247E-4
0.578089, 4.154708E-1, 9.983971E-3, 4.661356E-3, 3.776262E-3, 2.166363E-3, 5.400015E-3, 4.025815E-3, 6.029187E-4
0.579089, 4.344341E-1, 1.197169E-3, 3.274093E-3, 2.624420E-3, 1.657367E-3, 4.195406E-3, 5.854826E-3, 6.184724E-4
, , , , , , , , 
0.580089, 2.180873E-1, 5.332318E-4, 2.115741E-3, 1.646074E-3, 1.218361E-3, 3.142907E-3, 4.041594E-3, 6.151631E-4
0.581089, 8.303361E-2, 8.631079E-3, 7.493833E-3, 8.262336E-4, 8.432768E-4, 2.231538E-3, 2.526440E-3, 5.960586E-4
0.582089, 2.368781E-1, 6.173389E-3, 3.235851E-3, 8.501901E-3, 5.263461E-4, 1.450574E-3, 1.279511E-3, 5.640121E-4
0.583089, 4.992830E-2, 4.078203E-3, 2.154115E-3, 2.445099E-3, 8.393157E-3, 7.864828E-3, 2.725484E-4, 5.216590E-4
0.584089, 4.164288E-1, 2.314312E-3, 1.263901E-3, 7.111529E-3, 5.768662E-3, 3.079324E-3, 5.211162E-4, 4.714147E-4
0.585089, 5.716796E-1, 8.516741E-4, 8.112428E-3, 3.628899E-3, 3.577212E-3, 2.152471E-3, 9.782340E-3, 4.154744E-4
0.586089, 6.176811E-1, 8.989609E-3, 2.818085E-3, 2.538625E-3, 6.879796E-3, 7.290375E-3, 7.381658E-3, 3.558144E-4
0.587089, 6.236641E-1, 1.555907E-3, 6.749677E-3, 1.619708E-3, 3.163587E-3, 3.543213E-3, 5.313867E-3, 2.941957E-4
0.588089, 4.765856E-1, 8.297499E-3, 4.654791E-3, 8.562338E-4, 7.110559E-3, 2.521174E-3, 3.551368E-3, 2.321680E-4
0.589089, 1.455640E-1, 6.418574E-3, 5.766844E-3, 2.329712E-4, 3.088401E-3, 7.002911E-3, 6.588182E-3, 1.710765E-4
0.590089, 7.058262E-2, 4.799905E-3, 4.390453E-3, 2.646107E-4, 7.055446E-3, 3.762025E-3, 3.678432E-3, 1.120688E-4
0.591089, 3.417282E-1, 5.232638E-3, 3.219843E-3, 9.302665E-3, 5.404725E-3, 2.682634E-3, 6.454844E-3, 5.610450E-5
0.592089, 4.056542E-1, 5.092092E-3, 2.235023E-3, 1.903061E-3, 3.966369E-3, 1.765672E-3, 3.818201E-3, 3.964393E-6
0.593089, 5.064768E-1, 3.644999E-3, 1.417135E-3, 1.227138E-3, 5.930293E-3, 9.969086E-4, 6.308838E-3, 4.373841E-5
0.594089, 4.282417E-1, 6.230326E-3, 7.484367E-4, 6.740677E-4, 4.506670E-3, 3.626319E-4, 4.685823E-3, 8.654677E-5
0.595089, 3.611650E-1, 4.412992E-3, 2.122761E-4, 8.421859E-3, 5.516598E-3, 8.804715E-3, 5.345103E-3, 1.241474E-4
0.596089, 3.813054E-1, 5.761711E-3, 2.069244E-4, 2.724090E-3, 4.812714E-3, 2.286425E-3, 3.655078E-3, 1.563582E-4
0.597089, 2.191394E-1, 4.470248E-3, 5.236919E-4, 6.665351E-3, 3.354264E-3, 1.503335E-3, 2.239721E-3, 1.831154E-4
0.598089, 7.879754E-2, 2.973017E-3, 7.515241E-4, 4.212174E-3, 2.112182E-3, 8.535402E-4, 1.072485E-3, 2.044600E-4
0.599089, 4.030968E-2, 1.734860E-3, 9.029132E-4, 3.230726E-3, 7.586829E-3, 3.237080E-4, 1.280814E-4, 2.205255E-4
0.600089, 1.996230E-1, 7.286982E-4, 9.646254E-3, 2.394305E-3, 3.046734E-3, 9.885128E-5, 9.273275E-3, 2.315243E-4
0.601089, 5.620957E-1, 8.722097E-3, 1.820360E-3, 1.689037E-3, 1.872044E-3, 4.261695E-4, 1.654437E-3, 2.377358E-4
0.602089, 5.852556E-1, 6.499593E-3, 7.299548E-3, 1.101799E-3, 8.929031E-4, 6.696103E-4, 7.639763E-4, 8.431580E-3
0.603089, 5.337918E-1, 4.592678E-3, 3.820148E-3, 6.202123E-4, 9.109073E-5, 8.398589E-4, 5.608209E-5, 3.083637E-3
0.604089, 7.141619E-1, 2.974453E-3, 3.039067E-3, 2.326355E-4, 5.509182E-4, 9.469170E-4, 9.146354E-3, 2.601169E-3
0.605089, 3.490729E-1, 1.619089E-3, 2.370022E-3, 7.184659E-5, 1.049918E-3, 1.000098E-3, 6.710371E-3, 2.163546E-3
0.606089, 8.158084E-2, 8.149212E-3, 1.801683E-3, 3.034329E-4, 1.421935E-3, 1.008030E-3, 4.627512E-3, 1.768651E-3
0.607089, 1.306213E-1, 6.212096E-3, 7.333395E-3, 4.716179E-4, 1.682200E-3, 9.786548E-4, 5.788611E-3, 1.414373E-3
0.608089, 3.541173E-1, 4.558414E-3, 3.767432E-3, 9.237545E-3, 1.845114E-3, 9.192391E-4, 4.414385E-3, 1.098607E-3
0.609089, 5.227957E-1, 3.161590E-3, 2.965090E-3, 2.187995E-3, 1.924228E-3, 8.363830E-4, 5.405015E-3, 8.192431E-4
0.610089, 6.252674E-1, 6.654606E-3, 2.273546E-3, 1.684444E-3, 1.058747E-2, 9.390425E-3, 5.117973E-3, 5.741705E-4
0.611089, 5.777570E-1, 3.879093E-3, 6.974420E-3, 1.261066E-3, 9.603678E-4, 2.217478E-3, 3.837603E-3, 3.612774E-4
0.612089, 3.785344E-1, 6.019113E-3, 4.023946E-3, 9.091170E-4, 5.844978E-4, 1.861923E-3, 5.899745E-3, 1.784531E-4
, , , , , , , , 
0.613089, 2.934504E-1, 4.437056E-3, 3.129569E-3, 6.204630E-4, 8.360222E-3, 7.096659E-3, 3.961132E-3, 2.359318E-5
0.614089, 2.754641E-1, 5.534072E-3, 2.356308E-3, 3.875592E-4, 2.921548E-3, 4.139788E-3, 2.338249E-3, 8.776470E-3
0.615089, 2.185376E-1, 4.853879E-3, 1.693631E-3, 2.034319E-4, 2.295129E-3, 3.445002E-3, 7.654990E-3, 2.635875E-3
0.616089, 6.430612E-2, 5.180704E-3, 1.131539E-3, 6.165524E-5, 1.770724E-3, 2.832865E-3, 2.761252E-3, 2.075952E-3
0.617089, 3.503179E-1, 5.148582E-3, 6.605553E-4, 4.366518E-5, 1.336718E-3, 2.296256E-3, 7.222088E-3, 1.583847E-3
0.618089, 6.768255E-1, 3.711174E-3, 2.717112E-4, 1.179175E-4, 9.823339E-4, 1.828512E-3, 5.457216E-3, 1.155030E-3
0.619089, 6.865199E-1, 2.500379E-3, 4.346890E-5, 8.818343E-3, 6.976082E-4, 7.230989E-3, 3.944087E-3, 7.850306E-4
0.620089, 6.119647E-1, 1.493891E-3, 2.929756E-4, 2.647954E-3, 4.733696E-4, 3.916079E-3, 5.995439E-3, 4.694419E-4
0.621089, 6.244553E-1, 7.980431E-3, 4.843244E-4, 6.488455E-3, 3.012099E-4, 3.143567E-3, 4.229701E-3, 2.039388E-4
0.622089, 2.286919E-1, 2.850586E-3, 9.281449E-3, 4.070069E-3, 1.734567E-4, 2.465317E-3, 2.751806E-3, 1.571188E-5
0.623089, 3.809277E-2, 6.791125E-3, 6.535363E-3, 6.581621E-3, 8.314334E-5, 1.874030E-3, 7.122788E-3, 1.936373E-4
0.624089, 3.649934E-1, 3.884275E-3, 4.226592E-3, 5.364251E-3, 8.631270E-3, 1.362732E-3, 3.387408E-3, 3.338456E-4
0.625089, 4.598820E-1, 2.749558E-3, 6.344059E-3, 4.286359E-3, 5.823670E-3, 9.247644E-4, 6.524929E-3, 4.402124E-4
0.626089, 5.549425E-1, 1.801266E-3, 5.061209E-3, 3.338191E-3, 3.471222E-3, 8.100625E-3, 4.710193E-3, 5.164678E-4
0.627089, 5.051617E-1, 7.630831E-3, 3.937318E-3, 2.510323E-3, 7.124853E-3, 3.084654E-3, 5.489291E-3, 5.661847E-4
0.628089, 3.770600E-1, 5.422793E-3, 2.960325E-3, 1.793653E-3, 5.854309E-3, 2.354114E-3, 4.710960E-3, 5.927672E-4
0.629089, 3.522623E-1, 5.093156E-3, 2.118598E-3, 1.179396E-3, 4.728745E-3, 1.721184E-3, 3.161915E-3, 5.994404E-4
0.630089, 1.415110E-1, 3.807117E-3, 1.400929E-3, 7.993266E-3, 3.737570E-3, 1.178087E-3, 6.793500E-3, 9.260316E-3
0.631089, 1.295002E-2, 2.716030E-3, 7.965422E-4, 5.587506E-3, 2.870649E-3, 7.173262E-4, 5.025943E-3, 2.281447E-3
0.632089, 1.220585E-1, 1.801040E-3, 2.950923E-4, 3.579281E-3, 2.118284E-3, 3.316856E-4, 5.124962E-3, 1.840579E-3
0.633089, 1.818360E-1, 1.044331E-3, 8.770213E-3, 6.724191E-3, 7.184059E-3, 1.423398E-5, 5.122979E-3, 1.456742E-3
0.634089, 5.195234E-1, 4.291084E-4, 2.403626E-3, 5.216127E-3, 4.893498E-3, 2.416714E-4, 3.618838E-3, 1.125143E-3
0.635089, 6.050077E-1, 6.041509E-5, 6.979254E-3, 3.900619E-3, 2.990652E-3, 4.423782E-4, 6.295989E-3, 8.412034E-4
0.636089, 6.324967E-1, 4.390344E-4, 4.749435E-3, 2.763472E-3, 7.219607E-3, 5.939350E-4, 4.493347E-3, 6.005548E-4
0.637089, 5.709573E-1, 7.205689E-4, 5.764938E-3, 1.790854E-3, 3.032034E-3, 9.356473E-3, 5.686263E-3, 3.990421E-4
0.638089, 3.501419E-1, 9.568934E-3, 4.446129E-3, 9.693129E-4, 7.069086E-3, 2.068734E-3, 4.115825E-3, 2.327233E-4
0.639089, 4.849650E-2, 1.797004E-3, 3.304295E-3, 2.858044E-4, 5.384427E-3, 1.555871E-3, 2.792956E-3, 9.787058E-5
0.640089, 4.763654E-2, 7.393132E-3, 6.331746E-3, 2.722928E-4, 3.919849E-3, 1.119075E-3, 1.693228E-3, 9.031046E-6
0.641089, 1.821855E-1, 3.657909E-3, 4.336679E-3, 9.369488E-3, 2.658939E-3, 7.513276E-4, 7.862215E-3, 9.128376E-5
0.642089, 3.207116E-1, 2.830030E-3, 3.166332E-3, 1.779856E-3, 1.585702E-3, 4.459413E-4, 2.913606E-3, 8.823053E-3
0.643089, 5.068502E-1, 2.126606E-3, 2.166869E-3, 7.600888E-3, 6.845863E-4, 1.965611E-4, 1.874421E-3, 2.652466E-3
0.644089, 5.006848E-1, 7.116057E-3, 1.323541E-3, 3.291020E-3, 5.949385E-5, 2.832763E-6, 1.021913E-3, 2.149970E-3
0.645089, 4.494718E-1, 3.883261E-3, 8.034724E-3, 2.329807E-3, 6.611304E-4, 1.579223E-4, 3.356479E-4, 1.709090E-3
, , , , , , , , 
0.646089, 4.353438E-1, 3.005186E-3, 5.765959E-3, 1.519445E-3, 1.134392E-3, 2.740511E-4, 2.035475E-4, 1.324997E-3
0.647089, 2.733866E-1, 6.397332E-3, 4.799315E-3, 8.458570E-4, 1.492794E-3, 3.562249E-4, 9.269371E-3, 7.678010E-3
0.648089, 1.751803E-1, 4.456654E-3, 3.541121E-3, 2.955769E-4, 1.040452E-2, 9.063502E-3, 6.725551E-3, 3.555322E-3
0.649089, 7.421298E-2, 5.203630E-3, 2.467514E-3, 1.442358E-4, 7.730117E-3, 2.403939E-3, 4.560436E-3, 2.838134E-3
0.650089, 1.547784E-1, 5.418464E-3, 1.562244E-3, 4.857798E-4, 3.201845E-3, 6.732997E-3, 2.740352E-3, 2.208484E-3
0.651089, 5.174634E-1, 4.449025E-3, 8.097175E-4, 7.405980E-4, 2.276579E-3, 4.345099E-3, 1.233025E-3, 1.659966E-3
0.652089, 5.949184E-1, 2.661729E-3, 1.950178E-4, 9.571908E-3, 1.501311E-3, 3.511616E-3, 8.648159E-3, 1.186373E-3
0.653089, 6.342990E-1, 1.199813E-3, 2.960842E-4, 1.807422E-3, 8.612959E-4, 2.779892E-3, 1.876150E-3, 7.816942E-4
0.654089, 7.543044E-1, 2.852001E-5, 6.771131E-4, 7.377566E-3, 3.425052E-4, 2.142094E-3, 6.522155E-4, 4.401225E-4
0.655089, 2.917216E-1, 8.849743E-4, 9.608766E-4, 3.677702E-3, 6.835640E-5, 1.590701E-3, 3.255357E-4, 1.560581E-4
0.656089, 1.041289E-1, 1.022261E-2, 1.159454E-3, 5.802919E-3, 3.838415E-4, 1.118494E-3, 1.084556E-3, 7.588620E-5
0.657089, 2.440415E-1, 7.871323E-3, 9.941075E-3, 4.983950E-3, 9.271002E-3, 7.185592E-4, 1.650757E-3, 2.608782E-4
0.658089, 4.611685E-1, 2.826600E-3, 1.496123E-3, 3.913305E-3, 6.589122E-3, 8.270105E-3, 2.048503E-3, 4.038599E-4
0.659089, 5.581267E-1, 6.899007E-3, 7.644566E-3, 2.989983E-3, 4.320623E-3, 2.950348E-3, 2.300594E-3, 5.095405E-4
0.660089, 5.360571E-1, 3.733474E-3, 3.462601E-3, 2.200851E-3, 2.427049E-3, 2.253206E-3, 1.108404E-2, 5.823899E-4
0.661089, 4.442524E-1, 6.061740E-3, 2.676738E-3, 1.533431E-3, 7.783492E-3, 1.651692E-3, 8.265554E-3, 6.266328E-4
0.662089, 3.561688E-1, 4.498158E-3, 2.010050E-3, 9.758926E-4, 6.194070E-3, 1.137852E-3, 2.819656E-3, 6.462432E-4
0.663089, 2.209401E-1, 3.279566E-3, 1.450524E-3, 5.170472E-4, 4.809825E-3, 7.040424E-4, 6.605765E-3, 6.449401E-4
0.664089, 1.257253E-1, 2.273296E-3, 9.868653E-4, 1.463401E-4, 3.613947E-3, 3.429312E-4, 4.270113E-3, 6.261844E-4
0.665089, 1.665199E-1, 1.455055E-3, 6.084862E-4, 1.461569E-4, 2.590354E-3, 4.750400E-5, 5.353033E-3, 5.931772E-4
0.666089, 1.564095E-1, 8.022584E-4, 3.054943E-4, 3.697536E-4, 1.723679E-3, 8.843322E-3, 5.337093E-3, 5.488592E-4
0.667089, 3.804485E-1, 2.939786E-4, 6.867765E-5, 9.185488E-3, 7.655979E-3, 6.186147E-3, 4.196230E-3, 4.959120E-4
0.668089, 6.606337E-1, 8.740154E-3, 8.767396E-3, 2.195874E-3, 3.244450E-3, 4.696447E-3, 5.427626E-3, 4.367611E-4
0.669089, 6.459989E-1, 6.175895E-3, 6.055051E-3, 1.653735E-3, 2.287845E-3, 3.696986E-3, 3.399811E-3, 3.735798E-4
0.670089, 5.901362E-1, 3.995819E-3, 3.775944E-3, 7.455089E-3, 7.173449E-3, 2.826483E-3, 1.710207E-3, 3.082953E-4
0.671089, 7.034927E-1, 6.484304E-3, 6.768158E-3, 4.994513E-3, 3.653211E-3, 2.074819E-3, 8.329145E-3, 8.913670E-3
0.672089, 3.158138E-1, 3.496567E-3, 3.195823E-3, 5.711350E-3, 6.024979E-3, 1.432224E-3, 2.059678E-3, 2.668522E-3
0.673089, 5.014836E-2, 6.851747E-3, 7.156368E-3, 4.557683E-3, 4.606160E-3, 7.765099E-3, 7.214514E-4, 2.254415E-3
0.674089, 3.330734E-1, 5.402477E-3, 2.974717E-3, 3.550743E-3, 3.407939E-3, 3.277962E-3, 3.509321E-4, 1.885078E-3
0.675089, 5.666608E-1, 4.152707E-3, 7.233722E-3, 2.678675E-3, 2.386393E-3, 2.432039E-3, 9.842254E-3, 1.557119E-3
0.676089, 7.926593E-1, 5.567210E-3, 5.637642E-3, 6.722201E-3, 1.525597E-3, 1.707775E-3, 7.627025E-3, 1.267332E-3
0.677089, 6.537396E-1, 5.018316E-3, 4.245881E-3, 4.134614E-3, 8.103451E-4, 1.094725E-3, 2.951747E-3, 1.012688E-3
0.678089, 4.630976E-1, 4.866474E-3, 3.042848E-3, 3.125690E-3, 2.261575E-4, 5.828482E-4, 6.891039E-3, 7.903245E-4
, , , , , , , , 
0.679089, 3.539501E-1, 3.080629E-3, 2.013469E-3, 2.257271E-3, 2.407189E-4, 1.625144E-4, 3.648887E-3, 5.975332E-4
0.680089, 2.458850E-1, 1.607374E-3, 1.143194E-3, 7.134884E-3, 6.033047E-4, 1.754815E-4, 6.236331E-3, 4.317545E-4
0.681089, 9.868082E-2, 4.146720E-4, 8.238888E-3, 3.735149E-3, 9.529134E-3, 4.399118E-4, 4.258235E-3, 2.905687E-4
0.682089, 7.613895E-2, 9.178946E-3, 2.666202E-3, 5.908978E-3, 6.877989E-3, 6.391060E-4, 5.674607E-3, 1.716891E-4
0.683089, 3.584446E-1, 1.590805E-3, 6.941324E-3, 4.735728E-3, 4.632806E-3, 7.809417E-4, 4.770730E-3, 7.295698E-5
0.684089, 7.231603E-1, 5.885015E-4, 3.761021E-3, 3.543699E-3, 2.755663E-3, 8.728385E-4, 5.212304E-3, 7.664246E-6
0.685089, 6.811035E-1, 8.848036E-3, 2.628925E-3, 2.519049E-3, 7.444791E-3, 9.576141E-3, 5.182492E-3, 7.209258E-5
0.686089, 6.654730E-1, 6.603090E-3, 1.671032E-3, 1.647770E-3, 5.851067E-3, 1.906820E-3, 4.850846E-3, 1.221313E-4
0.687089, 6.752611E-1, 4.667579E-3, 7.785233E-3, 9.163789E-4, 4.187504E-3, 7.205067E-3, 3.161340E-3, 1.594719E-4
0.688089, 4.400888E-1, 5.634622E-3, 3.057534E-3, 3.119268E-4, 6.118717E-3, 3.905736E-3, 1.745712E-3, 1.856971E-4
0.689089, 1.578159E-1, 4.465353E-3, 2.054960E-3, 8.830329E-3, 4.629193E-3, 3.110890E-3, 5.783535E-4, 2.022828E-4
0.690089, 1.732014E-1, 5.815177E-3, 1.215700E-3, 2.275101E-3, 3.348123E-3, 2.422152E-3, 3.652519E-4, 2.106008E-4
0.691089, 2.309195E-1, 4.342303E-3, 5.241483E-4, 1.503848E-3, 6.397493E-3, 1.830259E-3, 9.764270E-3, 2.119205E-4
0.692089, 4.253684E-1, 3.106361E-3, 8.691487E-3, 8.613032E-4, 4.182335E-3, 7.327988E-3, 1.167791E-3, 2.074117E-4
0.693089, 6.147105E-1, 6.568629E-3, 2.367071E-3, 3.348184E-4, 2.947431E-3, 3.743207E-3, 8.371739E-3, 1.981462E-4
0.694089, 5.905883E-1, 4.087029E-3, 7.100483E-3, 8.765090E-5, 6.752877E-3, 2.915228E-3, 2.426834E-3, 1.851008E-4
0.695089, 4.893337E-1, 5.707869E-3, 3.728001E-3, 4.175316E-4, 3.871074E-3, 2.199530E-3, 1.416453E-3, 1.691594E-4
0.696089, 5.253274E-1, 4.833699E-3, 2.708049E-3, 6.656273E-4, 5.976445E-3, 1.586520E-3, 8.057818E-3, 1.511164E-4
0.697089, 4.743985E-1, 5.069062E-3, 1.848315E-3, 8.421086E-4, 4.515877E-3, 1.067040E-3, 2.791435E-3, 1.316790E-4
0.698089, 4.560941E-1, 5.371213E-3, 1.133278E-3, 9.565120E-4, 3.206557E-3, 6.323590E-4, 1.818306E-3, 1.114715E-4
0.699089, 2.001071E-1, 4.626004E-3, 8.108692E-3, 1.017734E-3, 2.098913E-3, 2.741737E-4, 1.024801E-3, 9.103786E-5
0.700089, 2.083678E-1, 2.924206E-3, 2.920911E-3, 1.034035E-3, 7.480855E-3, 1.539305E-5, 3.907769E-4, 7.084649E-5
0.701089, 7.601592E-1, 1.510738E-3, 2.078952E-3, 1.013036E-3, 3.256533E-3, 2.437947E-4, 8.758433E-3, 5.129362E-5
0.702089, 7.040949E-1, 8.293690E-3, 1.375443E-3, 9.614071E-3, 2.170287E-3, 4.180617E-4, 2.368254E-3, 3.270795E-5
0.703089, 6.081686E-1, 6.374019E-3, 7.962389E-4, 1.953820E-3, 7.390779E-3, 5.448026E-4, 7.027189E-3, 1.535488E-5
0.704089, 6.149469E-1, 4.722182E-3, 3.279803E-4, 7.080561E-3, 5.292658E-3, 6.302068E-4, 3.869600E-3, 5.586626E-7
0.705089, 1.039085E-1, 3.314460E-3, 8.698792E-3, 4.091030E-3, 3.524365E-3, 6.800453E-4, 2.916209E-3, 1.487979E-5
0.706089, 1.695728E-1, 6.522747E-3, 2.516591E-3, 3.348353E-3, 6.601331E-3, 6.996756E-4, 2.118060E-3, 2.750462E-5
0.707089, 1.816488E-1, 3.982222E-3, 6.823743E-3, 5.951436E-3, 3.692269E-3, 6.940447E-4, 7.197447E-3, 3.837385E-5
0.708089, 3.073946E-1, 5.950270E-3, 4.104810E-3, 4.980392E-3, 6.402629E-3, 9.322087E-3, 4.893047E-3, 4.746757E-5
0.709089, 4.217124E-1, 4.467983E-3, 5.496656E-3, 4.022662E-3, 3.914101E-3, 6.438182E-3, 5.699565E-3, 5.480094E-5
0.710089, 4.690994E-1, 5.542988E-3, 5.195408E-3, 3.183876E-3, 6.164603E-3, 4.637362E-3, 4.461855E-3, 6.041940E-5
0.711089, 4.295420E-1, 4.804668E-3, 4.037909E-3, 6.197958E-3, 4.162098E-3, 3.799390E-3, 5.256182E-3, 6.439423E-5
, , , , , , , , 
0.712089, 3.011688E-1, 5.269396E-3, 3.040839E-3, 4.665303E-3, 5.912170E-3, 3.061260E-3, 5.337567E-3, 6.681824E-5
0.713089, 1.562486E-1, 5.022279E-3, 2.189954E-3, 5.000511E-3, 4.414100E-3, 2.415209E-3, 4.101626E-3, 6.780180E-5
0.714089, 7.407844E-2, 3.549996E-3, 7.185174E-3, 5.609712E-3, 5.664824E-3, 1.853817E-3, 3.042130E-3, 6.746872E-5
0.715089, 1.179855E-1, 2.307749E-3, 3.715070E-3, 4.279893E-3, 4.653177E-3, 1.370006E-3, 2.142735E-3, 6.595294E-5
0.716089, 1.655973E-1, 1.273745E-3, 2.748559E-3, 6.134075E-3, 5.437044E-3, 9.570281E-4, 7.267775E-3, 6.339486E-5
0.717089, 3.691351E-1, 8.223795E-3, 1.926204E-3, 3.925969E-3, 3.788067E-3, 6.084568E-4, 5.050996E-3, 5.993857E-5
0.718089, 6.692677E-1, 2.588525E-3, 7.422250E-3, 6.341645E-3, 6.257742E-3, 3.181836E-4, 5.462273E-3, 5.572878E-5
0.719089, 6.248456E-1, 7.067267E-3, 5.153930E-3, 4.809945E-3, 4.082618E-3, 8.041289E-5, 4.501603E-3, 5.090858E-5
0.720089, 5.740063E-1, 3.598653E-3, 3.255270E-3, 3.481550E-3, 2.662305E-3, 1.103438E-4, 2.783433E-3, 4.561703E-5
0.721089, 6.393578E-1, 6.192108E-3, 1.689654E-3, 1.099322E-2, 1.479574E-3, 2.592685E-4, 1.372446E-3, 3.998755E-5
0.722089, 2.457652E-1, 4.301204E-3, 4.223687E-4, 1.467508E-3, 5.111029E-4, 3.712422E-4, 2.362400E-4, 3.414606E-5
0.723089, 1.369946E-2, 2.714399E-3, 9.236278E-3, 1.802214E-3, 2.653121E-4, 4.508456E-4, 9.311580E-3, 2.820978E-5
0.724089, 3.174412E-1, 1.402099E-3, 7.161616E-3, 1.069350E-2, 8.707396E-4, 5.023628E-4, 7.146882E-3, 2.228620E-5
0.725089, 3.927583E-1, 3.362055E-4, 5.357039E-3, 6.448328E-4, 9.980348E-3, 5.297834E-4, 5.269570E-3, 1.647240E-5
0.726089, 5.215786E-1, 9.160939E-3, 3.801658E-3, 8.563240E-3, 1.194115E-3, 5.368065E-4, 4.998842E-3, 1.085430E-5
0.727089, 5.080760E-1, 6.972440E-3, 6.181627E-3, 2.485645E-3, 5.111681E-4, 5.268436E-4, 5.128452E-3, 5.506557E-6
0.728089, 3.992402E-1, 3.562823E-3, 4.200123E-3, 1.666358E-3, 2.548785E-5, 5.030243E-4, 3.504491E-3, 4.923713E-7
0.729089, 4.671743E-1, 6.322350E-3, 5.858759E-3, 9.835406E-4, 4.336534E-4, 9.122591E-3, 6.525984E-3, 4.136331E-6
0.730089, 2.330845E-1, 4.156210E-3, 4.458496E-3, 4.238044E-4, 9.385207E-3, 2.416029E-3, 3.823712E-3, 8.338746E-6
0.731089, 9.359350E-2, 5.785135E-3, 3.002032E-3, 2.561102E-5, 6.743852E-3, 6.664577E-3, 2.406550E-3, 1.208470E-5
0.732089, 1.921544E-1, 4.638182E-3, 1.775129E-3, 3.768254E-4, 4.159220E-3, 4.456609E-3, 1.223038E-3, 1.535415E-5
0.733089, 7.136542E-2, 5.357101E-3, 7.899965E-3, 6.413050E-4, 5.448191E-3, 3.654509E-3, 8.404580E-3, 1.813642E-5
0.734089, 4.714458E-1, 5.013929E-3, 2.769177E-3, 8.298517E-4, 5.246428E-3, 2.943916E-3, 6.344388E-3, 8.691504E-3
0.735089, 6.129006E-1, 5.031669E-3, 1.633411E-3, 9.525956E-4, 4.552143E-3, 2.318369E-3, 4.589338E-3, 2.824221E-3
0.736089, 5.940607E-1, 5.291303E-3, 6.968387E-4, 1.018991E-3, 5.968216E-3, 1.771632E-3, 5.545208E-3, 2.346400E-3
0.737089, 6.052202E-1, 4.799847E-3, 6.047680E-5, 1.037813E-3, 4.667089E-3, 1.297689E-3, 3.933596E-3, 1.917109E-3
0.738089, 4.009924E-1, 5.480291E-3, 6.575364E-4, 1.017164E-3, 3.549090E-3, 8.907387E-4, 2.574463E-3, 1.533764E-3
0.739089, 9.193321E-2, 4.650800E-3, 1.112383E-3, 9.616811E-3, 2.597145E-3, 5.451952E-4, 1.444101E-3, 1.193780E-3
0.740089, 2.769305E-3, 3.058630E-3, 1.442079E-3, 1.953809E-3, 1.795145E-3, 2.556868E-4, 5.198764E-4, 8.945727E-4
0.741089, 3.894699E-1, 1.732568E-3, 1.662694E-3, 1.575484E-3, 1.127923E-3, 1.705647E-5, 2.197521E-4, 6.335654E-4
0.742089, 4.573222E-1, 6.463895E-4, 1.044617E-2, 1.258811E-3, 8.074025E-3, 1.756351E-4, 9.450983E-3, 4.081937E-4
0.743089, 5.246153E-1, 2.248526E-4, 1.005899E-3, 9.963705E-4, 5.672293E-3, 3.271069E-4, 7.040144E-3, 2.159130E-4
0.744089, 4.911659E-1, 9.048141E-4, 5.505332E-4, 7.813356E-4, 3.651500E-3, 9.096244E-3, 4.978248E-3, 5.420535E-5
, , , , , , , , 
0.745089, 4.278027E-1, 1.006690E-2, 8.458769E-3, 6.074572E-4, 6.679954E-3, 2.316843E-3, 5.421451E-3, 7.941137E-5
0.746089, 4.043138E-1, 1.060912E-3, 2.776903E-3, 4.690370E-4, 5.204928E-3, 1.787414E-3, 4.035550E-3, 1.873748E-4
0.747089, 2.268217E-1, 8.300468E-3, 2.115036E-3, 3.609025E-4, 3.928423E-3, 1.330598E-3, 5.790706E-3, 2.720687E-4
0.748089, 1.181127E-1, 2.637925E-3, 1.566462E-3, 8.373957E-3, 2.833559E-3, 9.402799E-4, 4.730198E-3, 3.358136E-4
0.749089, 1.504829E-2, 6.902899E-3, 1.118035E-3, 3.057594E-3, 1.904237E-3, 6.105872E-4, 5.203407E-3, 3.808574E-4
0.750089, 2.208358E-1, 3.866116E-3, 7.575520E-4, 6.113628E-3, 7.530127E-3, 3.358961E-4, 3.436637E-3, 4.093666E-4
0.751089, 6.164069E-1, 2.817108E-3, 4.737365E-4, 4.922465E-3, 5.332345E-3, 1.108345E-4, 6.693082E-3, 4.234173E-4
0.752089, 6.267552E-1, 6.704922E-3, 2.562068E-4, 4.047292E-3, 5.166878E-3, 6.971482E-5, 5.061552E-3, 4.249879E-4
0.753089, 5.904255E-1, 4.073568E-3, 8.561438E-3, 3.271820E-3, 4.804559E-3, 2.106095E-4, 3.668968E-3, 4.159519E-4
0.754089, 6.752995E-1, 3.025998E-3, 2.824586E-3, 2.588730E-3, 5.565578E-3, 3.164453E-4, 2.493240E-3, 3.980716E-4
0.755089, 3.212133E-1, 6.501403E-3, 6.380451E-3, 1.991030E-3, 4.518569E-3, 3.915521E-4, 1.513390E-3, 3.729934E-4
0.756089, 1.477432E-2, 4.384992E-3, 4.651201E-3, 1.472040E-3, 5.754155E-3, 9.094384E-3, 7.946230E-3, 3.422435E-4
0.757089, 2.194147E-1, 6.042797E-3, 3.780648E-3, 1.025376E-3, 4.242065E-3, 2.375420E-3, 2.904342E-3, 3.072256E-4
0.758089, 4.064665E-1, 3.979125E-3, 3.022055E-3, 6.449338E-4, 2.948232E-3, 1.893629E-3, 6.734183E-3, 2.692187E-4
0.759089, 5.019029E-1, 2.311887E-3, 2.365307E-3, 3.248864E-4, 1.853803E-3, 7.178478E-3, 3.951161E-3, 2.293770E-4
0.760089, 4.992160E-1, 7.710369E-3, 1.800921E-3, 5.967048E-5, 9.406850E-4, 3.957705E-3, 5.839324E-3, 1.887305E-4
0.761089, 4.412031E-1, 5.975820E-3, 1.320019E-3, 1.560157E-4, 1.915584E-4, 3.176191E-3, 3.948866E-3, 1.481864E-4
0.762089, 3.612460E-1, 4.479470E-3, 9.142967E-4, 3.272165E-4, 9.065363E-3, 2.490889E-3, 6.286904E-3, 1.085327E-4
0.763089, 2.326564E-1, 3.200507E-3, 5.759974E-4, 9.111061E-3, 1.961192E-3, 1.894486E-3, 4.745496E-3, 7.044101E-5
0.764089, 1.427203E-1, 2.119128E-3, 8.359000E-3, 2.285248E-3, 1.132399E-3, 1.379931E-3, 5.227052E-3, 3.447180E-5
0.765089, 2.135288E-1, 1.216528E-3, 2.915029E-3, 1.744334E-3, 4.542634E-4, 9.404365E-4, 5.157436E-3, 1.079530E-6
0.766089, 9.768089E-2, 8.176174E-3, 6.395028E-3, 1.278254E-3, 8.744304E-3, 5.694783E-4, 3.753587E-3, 2.938121E-5
0.767089, 3.239056E-1, 5.933841E-3, 4.539878E-3, 8.806814E-4, 2.328709E-3, 2.607996E-4, 6.092069E-3, 5.664918E-5
0.768089, 6.164170E-1, 4.038702E-3, 5.075024E-3, 5.455488E-4, 1.535258E-3, 8.412055E-6, 4.246652E-3, 8.054927E-5
0.769089, 6.210524E-1, 2.457750E-3, 5.587619E-3, 2.670487E-4, 8.821639E-4, 1.933992E-4, 5.953661E-3, 1.009852E-4
0.770089, 5.887227E-1, 1.159596E-3, 4.388195E-3, 3.963575E-5, 3.544261E-4, 3.500725E-4, 4.269979E-3, 1.179320E-4
0.771089, 6.237800E-1, 8.536578E-3, 5.317037E-3, 1.419698E-4, 6.209633E-5, 4.667645E-4, 2.763424E-3, 1.314278E-4
0.772089, 2.440932E-1, 2.134152E-3, 5.272973E-3, 8.935121E-3, 9.035935E-3, 5.483483E-4, 7.135017E-3, 1.415666E-4
0.773089, 2.072461E-2, 1.036967E-3, 4.017232E-3, 2.452773E-3, 2.227494E-3, 5.994079E-4, 5.300125E-3, 8.522584E-3
0.774089, 3.040515E-1, 8.489754E-3, 2.927496E-3, 6.748191E-3, 1.592722E-3, 6.242380E-4, 4.924830E-3, 5.672232E-3
0.775089, 3.968587E-1, 6.329795E-3, 6.665927E-3, 4.271204E-3, 1.069132E-3, 9.281231E-3, 5.245532E-3, 5.369894E-3
0.776089, 5.460773E-1, 4.473643E-3, 4.037015E-3, 5.260948E-3, 6.442609E-4, 2.230060E-3, 3.663036E-3, 4.463507E-3
0.777089, 4.934301E-1, 2.895873E-3, 5.762533E-3, 5.462572E-3, 8.348782E-3, 1.785510E-3, 2.327178E-3, 3.648405E-3
, , , , , , , , 
